Titre;Prix;Lien;Source;Annonce-Detectee;Annonce-Deposee;Marque;Modèle;Année;Kilométrage;Boite_Vitesse;Energie;Localisation;Puissance_Fiscale;Etat_Vehicule;Statut;Description;Options;Nb_Options;Transmission;Date_Reference_Annonce;Age_Annonce_Jours;Segment_Vehicule;Segment_Libelle;Est_Presque_Neuve;Age_Vehicule;Log_Kilometrage;Age_Carre;Km_Par_An;Zone_Economique;Zone_Libelle;Puissance_DIN;Cylindree;Premiere_Main;Non_Accidentee;Full_Options;Etat_Origine;Prix_Theorique;Score_Opportunite;Erreur_Absolue;Score_Profondeur_Marche;Score_Liquidite;Nb_Comparables;Fiabilite_Estimation;Erreur_Relative_Modele;Alerte_Telegram
Seat Ibiza Reference 1.0 L 75 cv;24000.0;https://www.automobile.tn/fr/occasion/seat/ibiza/128968;automobile.tn;2026-08-05;2026-08-04;Seat;Ibiza;2017.0;205000.0;;Essence;Ariana;4.0;;;2019 Seat Ibiza 38 000 DT Négociable 02/01/2019 TU210 1.0L Essence 4 CV 178 000 KM Échange possible Disponible à notre showroom TUNISIE AUTO PRIX Ezzahra Contactez : 25551771 / 24111140 / 98759655 Ben Arous;;0.0;;2026-08-04;56;0;Standard;0;9.0;12.230770136157428;81.0;22777.777777777777;1;Grand Tunis;75.0;1.0;0;0;0;0;38847;0.3821916750328211;14847.0;0.31;0.31;9;Élevée;0.0764;True
Opel corsa;12500.0;https://www.tayara.tn/item/voitures/nabeul/bni-khiar/opel-corsa/6a9da40662d7349f5f060729/;tayara.tn;2026-09-07;2026-09-06;Opel;Corsa;;;;Essence;Nabeul;4.0;;;;;;;2026-09-06;23;0;Standard;0;;;;;0;Province;;;0;0;0;0;19780;0.3680485338725985;7280.0;0.22;0.22;27;Élevée;0.0764;True
Vente voiture polo3;17000.0;https://www.tayara.tn/item/voitures/tunis/le-kram/vente-voiture-polo3/6a7056936ef0e97a6c1554c5/;tayara.tn;2026-08-04;2026-08-03;Volkswagen;Polo;;;Automatique;Essence;Tunis;;;;Voiture bonne occasion;;;;2026-08-03;57;0;Standard;0;;;;;1;Grand Tunis;;;0;0;0;0;26829;0.3663572999366357;9829.0;0.53;0.53;64;Élevée;0.0764;True
Peugeot 2008 Active 1.2 THP Puretech 12V S&S 110 cv;40000.0;https://www.automobile.tn/fr/occasion/peugeot/2008/130110;automobile.tn;2026-09-10;2026-09-09;Peugeot;2008;2020.0;98220.0;;Essence;Ariana;6.0;;;Vente Rapide pour cause de fin de contrat d'expatriation en Tunisie - Retour définitif en France. Monastir;Caméra de recul;1.0;;2026-09-09;20;0;Standard;0;6.0;11.494975320767226;36.0;16370.0;1;Grand Tunis;110.0;1.2;0;0;0;0;59883;0.3320307933804252;19883.0;0.22;0.22;8;Élevée;0.0764;True
Mazda 3 1.6 MZR 16V 105 cv;34000.0;https://www.automobile.tn/fr/occasion/mazda/3/129037;automobile.tn;2026-08-06;2026-08-05;Mazda;3;2015.0;;;Essence;Sousse;6.0;;;Compacte, 6 cv, transmission Traction, Accoudoir avant, Accoudoir arrière, Autoradio, Bluetooth, Sièges réglables en hauteur, Volant/levier de vitesse en cuir, Volant multi-fonctions, Volant réglable hauteur/profondeur Gabès;Alarme anti-intrusion | Caméra de recul | Accès sans clé;3.0;;2026-08-05;55;0;Standard;0;11.0;;121.0;;0;Province;105.0;1.6;0;0;0;0;49919;0.3188966125122698;15919.0;0.08;0.08;8;Élevée;0.0764;True
Renault Megane à vendre;18000.0;https://www.tayara.tn/item/voitures/ben-arous/ben-arous/renault-megane-vendre/6a81babb86fe4424fc31e641/;tayara.tn;2026-08-16;2026-08-16;Renault;Megane;;;Manuelle;Essence;Ben Arous;;;;À vendre Renault Mégane Sedan 1.4, en bon état général. Voiture confortable et Idéale pour un usage quotidien.  Pour plus d’informations ou pour organiser une visite, veuillez me contacter sur Afficher le numéro;;;;2026-08-16;44;0;Standard;0;;;;;1;Grand Tunis;;;0;0;0;0;25968;0.3068391866913124;7968.0;0.25;0.25;16;Élevée;0.0764;True
polo 4 ndifa;16000.0;https://www.tayara.tn/item/voitures/zaghouan/zaghouan/polo-4-ndifa/6a75b5b56ef0e97a6c188c7a/;tayara.tn;2026-08-07;2026-08-07;Volkswagen;Polo;;;Manuelle;Essence;Zaghouan;5.0;;;Je met à vendre  ma  voiture  polo 4 séri 102  karhaba ndifa toula et moteur: - Asisté - Climatiseur à regler - Peinture d'origine _pneu neuf gentalé -papier en règle visite technique et viniette Voiture  maoujouda fi Zaghouan ville Tel Afficher le numéro;;;;2026-08-07;53;0;Standard;0;;;;;0;Province;;;0;0;0;1;23019;0.3049220209392241;7019.0;0.53;0.53;64;Élevée;0.0764;True
Ford Ecosport;45000.0;https://www.automobile.tn/fr/occasion/ford/ecosport/130300;automobile.tn;2026-09-16;2026-09-15;Ford;EcoSport;2019.0;90000.0;;Essence;Tunis;7.0;;;Je mets en vente ma belle Ford Ecosport très bien entretenue et en très bon état avec un prix très raisonnable Ariana;;0.0;;2026-09-15;14;0;Standard;0;7.0;11.407576060361786;49.0;12857.142857142857;1;Grand Tunis;;;0;0;0;0;64536;0.3027147638527334;19536.0;0.14;0.14;8;Élevée;0.0764;True
Peugeot 2008;42000.0;https://www.automobile.tn/fr/occasion/peugeot/2008/129273;automobile.tn;2026-08-14;2026-08-13;Peugeot;2008;2020.0;100000.0;;Essence;Sousse;6.0;;;Peugeot 2008 occasion à vendre tunisie Ariana;Caméra de recul;1.0;;2026-08-13;47;0;Standard;0;6.0;11.51293546492023;36.0;16666.666666666668;0;Province;;;0;0;0;0;59966;0.2996031084281093;17966.0;0.22;0.22;8;Élevée;0.0764;True
Voiture Peugeot 106 a vendre;11500.0;https://www.tayara.tn/item/voitures/sfax/route-de-laroport/voiture-peugeot-106-a-vendre/6a6cda82f1282c6658e0d4b5/;tayara.tn;2026-08-01;2026-07-31;Peugeot;106;1997.0;;Manuelle;Essence;Sfax;4.0;;;;;;;2026-07-31;60;0;Standard;0;29.0;;841.0;;0;Province;;;0;0;0;0;15480;0.2571059431524548;3980.0;0.07;0.07;8;Élevée;0.0764;True
Voiture a vendre;20000.0;https://www.tayara.tn/item/voitures/tunis/montplaisir/voiture-a-vendre/6a86c72fd3e00bbd6bcd95ff/;tayara.tn;2026-08-20;2026-08-20;Volkswagen;Golf;;;Manuelle;Essence;Tunis;6.0;;;;;;;2026-08-20;40;0;Standard;0;;;;;1;Grand Tunis;;;0;0;0;0;26741;0.2520848135821398;6741.0;0.3;0.3;34;Élevée;0.0764;True
A vendre 106 essence 9500dt;9500.0;https://www.tayara.tn/item/voitures/tunis/le-kram/a-vendre-106-essence-9500dt/6a9c25be62d7349f5f055093/;tayara.tn;2026-09-06;2026-09-05;Peugeot;106;1999.0;;;Essence;Tunis;4.0;;;A vendre 106 essence état moyen moteur récemment changé il y'a 5 mois nécessite des travaux tôlerie si non une voiture robuste et économique. Merci de me contacter par appel sur le Afficher le numéro;;;;2026-09-05;24;0;Standard;0;27.0;;729.0;;1;Grand Tunis;;;0;0;0;0;20551;0.5377353900053525;11051.0;0.07;0.07;6;Moyenne;0.0764;False
TOYOTA AGYA;32500.0;https://www.tayara.tn/item/voitures/monastir/bekalta/toyota-agya/6a8bff3c763dd571facaa399/;tayara.tn;2026-09-07;2026-08-24;Toyota;Agya;2023.0;10900.0;Manuelle;Essence;Monastir;;;;🚗 Toyota Agya Populaire – Modèle 2023  ✅ Première main  ✅ Boîte manuelle  ✅ 109 000 km  ✅ 4 vitres électriques  ✅ Climatisation  ✅ Écran multimédia  🚘 Voiture propre et bien entretenue;;;;2026-08-24;36;0;Standard;0;3.0;9.29660980712836;9.0;3633.3333333333335;0;Province;;;1;0;0;0;70011;0.535787233434746;37511.0;0.08;0.08;4;Moyenne;0.0764;False
BMW SERIE 3 COUPÉE E92;55000.0;https://www.autocentral.tn/#FACEBOOK-1107756788581991;autocentral.tn (facebook);2026-08-30;;Bmw;Serie 3;;;;;;;;Active;;;;;2026-08-30;30;1;Luxe;0;;;;;0;Province;;;0;0;0;0;117586;0.5322572415083429;62586.0;0.09;0.09;11;Élevée;0.0764;False
BYD Dolphin Surf;50000.0;https://www.automobile.tn/fr/occasion/byd/dolphin-surf/129950;automobile.tn;2026-09-05;2026-09-04;Byd;Dolphin Surf;2026.0;680.0;;Electrique;Ariana;3.0;;;;Android Auto | Apple Carplay | Accès sans clé;3.0;;2026-09-04;25;0;Standard;1;0.0;6.523562306149512;0.0;680.0;1;Grand Tunis;;;0;0;0;0;104211;0.5202042010920153;54211.0;0.0;0.0;0;Faible;0.0764;False
MERCEDES CLASSE E;47000.0;https://www.autocentral.tn/#FACEBOOK-1116970970993906;autocentral.tn (facebook);2026-09-10;;Mercedes-Benz;Classe E;;;;;;;;Active;;;;;2026-09-10;19;1;Luxe;0;;;;;0;Province;;;0;0;0;0;97123;0.5160775511464843;50123.0;0.34;0.34;43;Élevée;0.0764;False
MERCEDES CLASSE A 180D;48500.0;https://www.autocentral.tn/#FACEBOOK-1109568648400805;autocentral.tn (facebook);2026-09-02;;Mercedes-Benz;Classe A;;;;;;;;Active;;;;;2026-09-02;27;1;Luxe;0;;;;;0;Province;;;0;0;0;0;99093;0.5105607863320315;50593.0;0.38;0.38;48;Élevée;0.0764;False
Nissan patrol 4x4;28000.0;https://www.tayara.tn/item/voitures/tunis/la-marsa/nissan-patrol-4x4/6a986448b6ae14216f5e1958/;tayara.tn;2026-09-03;2026-09-02;Nissan;Patrol GR;1990.0;200000.0;Automatique;Diesel;Tunis;15.0;;;Nissan patrol 1990 belle voiture pas de travaux belle conduite .  possibilité contact Whatsap Afficher le numéro91;;;;2026-09-02;27;0;Standard;0;36.0;12.206077645517674;1296.0;5555.555555555556;1;Grand Tunis;;;0;0;0;0;56655;0.5057806018886242;28655.0;0.0;0.0;0;Faible;0.0764;False
Volkswagen T-roc R-line 1.5 TSI 16V BMT DSG7 150 cv Boîte auto;67500.0;https://www.automobile.tn/fr/occasion/volkswagen/t-roc/129045;automobile.tn;2026-08-06;2026-08-05;Volkswagen;T-Roc;2026.0;0.0;Automatique;Essence;Tunis;7.0;;;SUV, 6 cv, transmission Traction Ariana;;0.0;;2026-08-05;55;0;Standard;1;0.0;0.0;0.0;0.0;1;Grand Tunis;150.0;1.5;0;0;0;0;136568;0.5057407298928006;69068.0;0.27;0.27;1;Faible;0.0764;False
Voiture C15;5500.0;https://www.tayara.tn/item/voitures/tunis/monfleury/voiture-c15/6a7e0502303f47f0a02cd0c1/;tayara.tn;2026-08-13;2026-08-13;Citroën;C15;;;Manuelle;Diesel;Tunis;;;;Le véhicule est équipé d'une galerie de toit solide, parfaite pour les charges longues. Les portes arrière battantes facilitent le chargement. Quelques traces d'usure et corrosion superficielle visibles sur la carrosserie (notamment porte arrière gauche), prix en conséquence;;;;2026-08-13;47;0;Standard;0;;;;;1;Grand Tunis;;;0;0;0;0;11079;0.5035653037277733;5579.0;0.18;0.18;2;Faible;0.0764;False
Jaguar XF Luxury 3.0 S/C V6 24V 340 cv Boîte auto;44000.0;https://www.automobile.tn/fr/occasion/jaguar/xf/130570;automobile.tn;2026-09-24;2026-09-23;Jaguar;XF;2011.0;117000.0;Automatique;Essence;Tunis;16.0;;;Berline, 15 cv, transmission Propulsion, Accoudoir avant, Accoudoir arrière, Autoradio, Autoradio CD, Autoradio CD/Mp3, Palettes au volant, Vitres teintées, Volant/levier de vitesse en cuir, Volant multi-fonctions, Volant réglable hauteur/profondeur Tunis;Caméra de recul;1.0;;2026-09-23;6;1;Luxe;0;15.0;11.669937760751914;225.0;7800.0;1;Grand Tunis;340.0;3.0;0;0;0;0;87999;0.4999943181172513;43999.0;0.01;0.01;0;Faible;0.0764;False
FORD RANGER;29108.0;https://www.autocentral.tn/#FACEBOOK-1497427765746948;autocentral.tn (facebook);2026-08-24;;Ford;Ranger;;;;;;;;Active;;;;;2026-08-24;36;0;Standard;0;;;;;0;Province;;;0;0;0;0;57969;0.4978695509668961;28861.0;0.05;0.05;6;Moyenne;0.0764;False
SUZUKI ERTIGA;29108.0;https://www.autocentral.tn/#FACEBOOK-1482511287238596;autocentral.tn (facebook);2026-08-07;;Suzuki;Ertiga;;;;;;;;Active;;;;;2026-08-07;53;0;Standard;0;;;;;0;Province;;;0;0;0;0;57515;0.4939059375815005;28407.0;0.02;0.02;2;Faible;0.0764;False
Mercedes-Benz B200 2011 | 81 000 KM | AUTOMATIQUE | ESSENCE;59900.0;https://www.tayara.tn/item/voitures/tunis/bab-souika/mercedesbenz-b200-2011-81-000-km-automatique-essence/6a8601f2374b022e6dcd3756/;tayara.tn;2026-08-19;2026-08-19;Mercedes-Benz;Classe B;2011.0;81000.0;Automatique;Essence;Tunis;;;;À vendre, très belle Mercedes-Benz B200 année 2011, en très bon état général, avec seulement 81 000 km au compteur !   Un kilométrage exceptionnellement bas pour une voiture de cette année. Véhicule très propre, soigneusement conservé et agréable à conduire.  🔹 Année : 2011 🔹 Moteur : Essence 🔹 Transmission : Automatique 🔹 Kilométrage : seulement 81 000 km 🔹 Couleur : Gris charcoal 🔹 Finition : Demi-luxe 🔹 Sellerie : Tissu, très propre 🔹 Sièges chauffants  🔹 Climatisation  🔹 Portes électriques 🔹 Vitres électriques 🔹 Jantes en alliage 🔹 Intérieur très propre et bien conservé  ⭐ LES PLUS : ✔️ Seulement 81 000 km ✔️ Moteur essence ✔️ Boîte automatique ✔️ Sièges chauffants ✔️ Climatisation ✔️ Très propre intérieur et extérieur ✔️ Belle couleur gris charcoal ✔️ Confort et qualité Mercedes   Une belle occasion pour quelqu’un qui recherche une Mercedes B200 fiable, confortable et surtout avec un kilométrage très faible.  📍 Voiture disponible a Tunis 💰 Prix demandé : 59 900 DT 🤝 Prix légèrement négociable pour acheteur sérieux.  📩 Pour plus d’informations, photos ou pour organiser une visite, contactez-moi en privé.  Merci aux personnes sérieuses de me contacter.;;;;2026-08-19;41;1;Luxe;0;15.0;11.302216779257382;225.0;5400.0;1;Grand Tunis;;;0;0;0;0;116887;0.4875392473072283;56987.0;0.0;0.0;0;Faible;0.0764;False
VOLKSWAGEN GOLF 5;32000.0;https://www.autocentral.tn/#FACEBOOK-1640167011442368;autocentral.tn (facebook);2026-08-11;;Volkswagen;Golf 5;;;;;;;;Active;;;;;2026-08-11;49;0;Standard;0;;;;;0;Province;;;0;0;0;0;62427;0.4874012847005302;30427.0;0.03;0.03;4;Moyenne;0.0764;False
BMW 316;29108.0;https://www.autocentral.tn/#FACEBOOK-1495228325966892;autocentral.tn (facebook);2026-08-21;;Bmw;;;;;;;;;Active;;;;;2026-08-21;39;1;Luxe;0;;;;;0;Province;;;0;0;0;0;56595;0.4856789469034367;27487.0;;;2;Faible;0.0764;False
voiture essence;25500.0;https://www.tayara.tn/item/voitures/tozeur/tozeur/voiture-essence/6a831cbc86fe4424fc32b62a/;tayara.tn;2026-08-17;2026-08-17;Citroën;C3;2022.0;50000.0;Manuelle;Essence;Tozeur;;;;bonjour je propose pour les personnes possédant des FCR, ou peuvent bénéficier de statut handicapé, des voiture a prix résonable. c3 a 7500€ livre a tunis  208 a 8500€  livre a tunis  2008 a 9500€ livre a tunis  arkana a 9700€ livre a tunis  clio a 9000€  livre a tunis  le prix comporte la voiture le dossier et la livraison.  pour plus d'informations je reste disponible.   également beaucoup plus des model a la demande.;;;;2026-08-17;43;0;Standard;0;4.0;10.819798284210286;16.0;12500.0;0;Province;;;0;0;0;0;49030;0.4799102590250866;23530.0;0.36;0.36;5;Moyenne;0.0764;False
AUDI A1;33000.0;https://www.autocentral.tn/#FACEBOOK-122308353224026481;autocentral.tn (facebook);2026-08-20;;Audi;A1;;;;;;;;Active;;;;;2026-08-20;40;1;Luxe;0;;;;;0;Province;;;0;0;0;0;63159;0.4775091435899872;30159.0;0.02;0.02;2;Faible;0.0764;False
PORSCHE MACAN S V6 PACK CHRONO SPORT+;128000.0;https://www.autocentral.tn/#FACEBOOK-1401576528763129;autocentral.tn (facebook);2026-09-20;;Porsche;Macan;;;;;;;;Active;;;;;2026-09-20;9;1;Luxe;0;;;;;0;Province;;;0;0;0;0;242615;0.472415143334089;114615.0;0.02;0.02;3;Moyenne;0.0764;False
AUDI A3;33000.0;https://www.autocentral.tn/#FACEBOOK-1517673620397245;autocentral.tn (facebook);2026-09-18;;Audi;A3;;;;;;;;Active;;;;;2026-09-18;11;1;Luxe;0;;;;;0;Province;;;0;0;0;0;62396;0.4711199435861273;29396.0;0.07;0.07;9;Élevée;0.0764;False
MERCEDES GLA 180;66000.0;https://www.autocentral.tn/#FACEBOOK-1420689019960174;autocentral.tn (facebook);2026-08-12;;Mercedes-Benz;GLA;;;;;;;;Active;;;;;2026-08-12;48;1;Luxe;0;;;;;0;Province;;;0;0;0;0;124489;0.4698326759794038;58489.0;0.24;0.24;30;Élevée;0.0764;False
AUDI A6;32500.0;https://www.autocentral.tn/#FACEBOOK-1118663964157940;autocentral.tn (facebook);2026-09-12;;Audi;A6;;;;;;;;Active;;;;;2026-09-12;17;1;Luxe;0;;;;;0;Province;;;0;0;0;0;60552;0.4632712379442463;28052.0;0.02;0.02;3;Moyenne;0.0764;False
KIA RIO;24000.0;https://www.autocentral.tn/#FACEBOOK-1487522443406762;autocentral.tn (facebook);2026-09-11;;Kia;Rio;;;;;;;;Active;;;;;2026-09-11;18;0;Standard;0;;;;;0;Province;;;0;0;0;0;44609;0.4619919747136228;20609.0;0.74;0.74;92;Élevée;0.0764;False
Jaguar XJL toute option 2.0 Ti Berline LWB 16V 240 cv Boîte auto;69000.0;https://www.automobile.tn/fr/occasion/jaguar/xjl/130321;automobile.tn;2026-09-17;2026-09-16;Jaguar;XJL;2017.0;160000.0;Automatique;Essence;Ariana;16.0;;;;Alarme anti-intrusion | Android Auto | Apple Carplay | Instrumentation numérique | Navigation | Palettes au volant | Sièges chauffants | Sièges massants | Sièges ventilés | Sièges électriques | Caméra de recul | Caméras 360 | Coffre électrique | Toit ouvrant | Toit panoramique | Accès sans clé | Conduite semi-autonome | Suspension pneumatique;18.0;;2026-09-16;13;1;Luxe;0;9.0;11.982935344196433;81.0;17777.777777777777;1;Grand Tunis;240.0;2.0;0;0;0;0;128115;0.4614213792295984;59115.0;0.01;0.01;1;Faible;0.0764;False
Voiture commercial;29000.0;https://www.tayara.tn/item/voitures/le-kef/le-kef/voiture-commercial/6a770f776ef0e97a6c194596/;tayara.tn;2026-08-08;2026-08-08;Volkswagen;Crafter;2017.0;300000.0;Manuelle;Diesel;Le Kef;;;;Voiture propre comme neuf se trouve au kef;;;;2026-08-08;52;0;Standard;0;9.0;12.611541086966117;81.0;33333.333333333336;0;Province;;;0;0;0;0;53534;0.4582881906825569;24534.0;0.0;0.0;0;Faible;0.0764;False
VOLKSWAGEN GOLF 7;29108.0;https://www.autocentral.tn/#FACEBOOK-1529675842522140;autocentral.tn (facebook);2026-09-29;;Volkswagen;Golf 7;;;;;;;;Active;;;;;2026-09-29;0;0;Standard;0;;;;;0;Province;;;0;0;0;0;53321;0.4540987603383282;24213.0;0.54;0.54;68;Élevée;0.0764;False
Peugeot 206 cc 2.0 i S16 136cv;16000.0;https://www.automobile.tn/fr/occasion/peugeot/206-cc/129599;automobile.tn;2026-08-24;2026-08-24;Peugeot;206 cc;2006.0;140000.0;;Essence;Monastir;9.0;;;;;0.0;;2026-08-24;36;0;Standard;0;20.0;11.849404844423074;400.0;7000.0;0;Province;136.0;2.0;0;0;0;0;29227;0.4525609881274164;13227.0;0.0;0.0;0;Faible;0.0764;False
A vendre caddy;10000.0;https://www.tayara.tn/item/voitures/ben-arous/rads/a-vendre-caddy/6aa00c6af6b2a7cd2d7d9801/;tayara.tn;2026-09-09;2026-09-08;Volkswagen;Caddy;2003.0;300.0;Manuelle;Diesel;Ben Arous;8.0;;;Voiture en bonne état 8cv diesel modèle 2003  pour plus de info tel Afficher le numéro;;;;2026-09-08;21;0;Standard;0;23.0;5.707110264748875;529.0;13.043478260869565;1;Grand Tunis;;;0;0;0;0;18124;0.4482454204369896;8124.0;0.2;0.2;0;Faible;0.0764;False
Avendre voiture polo 6;14000.0;https://www.tayara.tn/item/voitures/tunis/el-omrane-suprieur/avendre-voiture-polo-6/6ab002eb92f69e6be2479355/;tayara.tn;2026-09-21;2026-09-20;Volkswagen;Polo;2010.0;;Manuelle;Diesel;Tunis;5.0;;;Polo 6 Ex taxi a vendre Bonne état carrosserie  Besoin de réglage au niveau du moteur;;;;2026-09-20;9;0;Standard;0;16.0;;256.0;;1;Grand Tunis;;;0;0;0;0;25067;0.4414967886065344;11067.0;0.53;0.53;2;Faible;0.0764;False
A vendredi Voiture manuelle TOYOTA-AGYA , premiere main /Seri 238/ (3 ans);35500.0;https://www.tayara.tn/item/voitures/tunis/tunis/a-vendredi-voiture-manuelle-toyotaagya-premiere-main-seri-238-3-ans/6aa6acf4648d164e8b89b73d/;tayara.tn;2026-09-14;2026-09-13;Manuelle;TOYOTA-AGYA;2023.0;90.0;;;Tunis;;;;Voiture propre, premier main equipé d’un ecran tactile, micro bluetooth , 4 nouvelles tapies descendant pieds ,2  lumières de plus en avant , un clé de voiture avec ouverture automatique , contactez moi Afficher le numéro;;;;2026-09-13;16;0;Standard;0;3.0;4.51085950651685;9.0;30.0;1;Grand Tunis;;;0;0;0;0;63552;0.4414023162134944;28052.0;0.0;0.0;0;Faible;0.0764;False
NISSAN QASHQAI;32000.0;https://www.autocentral.tn/#FACEBOOK-1449463390416070;autocentral.tn (facebook);2026-09-16;;Nissan;Qashqai;;;;;;;;Active;;;;;2026-09-16;13;0;Standard;0;;;;;0;Province;;;0;0;0;0;57103;0.439609127366338;25103.0;0.23;0.23;29;Élevée;0.0764;False
LAND ROVER RANGE ROVER EVOQUE R-DYNAMIC;85000.0;https://www.autocentral.tn/#FACEBOOK-1522512913238433;autocentral.tn (facebook);2026-09-22;;Land Rover;Range Rover Evoque;;;;;;;;Active;;;;;2026-09-22;7;1;Luxe;0;;;;;0;Province;;;0;0;0;0;150205;0.4341067208148863;65205.0;0.06;0.06;8;Élevée;0.0764;False
Land Rover Range Rover Velar;24000.0;https://www.automobile.tn/fr/occasion/land-rover/range-rover-velar/128929;automobile.tn;2026-08-05;2026-08-03;Land Rover;Range Rover Velar;2006.0;240000.0;;Essence;Tunis;9.0;;;LAND ROVER RANGE ROVER VELAR occasion à vendre tunisie Tunis;Alarme anti-intrusion;1.0;;2026-08-03;57;1;Luxe;0;20.0;12.388398368982116;400.0;12000.0;1;Grand Tunis;;;0;0;0;0;42198;0.4312526660031281;18198.0;0.02;0.02;0;Faible;0.0764;False
voiture;10000.0;https://www.tayara.tn/item/voitures/tunis/tunis/voiture/6aa40cb4648d164e8b887c2f/;tayara.tn;2026-09-12;2026-09-11;Fiat;Punto;;176000.0;Manuelle;Essence;Tunis;;;;lel bi3 Fiat Punto 3 Classic;;;;2026-09-11;18;0;Standard;0;;12.07824495582233;;;1;Grand Tunis;;;0;0;0;0;17519;0.4291911638792168;7519.0;0.1;0.1;6;Moyenne;0.0764;False
Infiniti FX FX35 3.5 i V6 AWD SUV 24V Auto-S7 303 cv Boîte auto;20000.0;https://www.automobile.tn/fr/occasion/infiniti/fx/130659;automobile.tn;2026-09-26;2026-09-25;Infiniti;FX;2012.0;150000.0;Automatique;Essence;Ariana;19.0;;;;Alarme anti-intrusion | Apple Carplay | Palettes au volant | Sièges chauffants | Sièges électriques | Caméra de recul | Caméras 360 | Coffre électrique | Toit ouvrant | Toit panoramique | Accès sans clé;11.0;;2026-09-25;4;0;Standard;0;14.0;11.918397239722838;196.0;10714.285714285714;1;Grand Tunis;303.0;3.5;0;0;0;0;34895;0.4268519845250035;14895.0;0.0;0.0;0;Faible;0.0764;False
MG HS Trophy 2.0 220 cv Boîte auto;60000.0;https://www.automobile.tn/fr/occasion/mg/hs/129144;automobile.tn;2026-08-09;2026-08-09;Mg;HS;2021.0;95000.0;Automatique;Essence;Tunis;15.0;;;MG MG HS occasion à vendre tunisie Ariana;Apple Carplay | Palettes au volant | Sièges chauffants | Sièges électriques | Caméra de recul | Coffre électrique | Toit ouvrant | Toit panoramique | Accès sans clé;9.0;;2026-08-09;51;0;Standard;0;5.0;11.461642696843066;25.0;19000.0;1;Grand Tunis;220.0;2.0;0;0;0;0;104682;0.426835559121912;44682.0;0.1;0.1;6;Moyenne;0.0764;False
Renault Scenic 2 Diesel 1.5 DCI;11800.0;https://www.tayara.tn/item/voitures/tunis/tunis/renault-scenic-2-diesel-15-dci/6a71bde6f1282c6658e336f7/;tayara.tn;2026-08-05;2026-08-04;Renault;Scenic;2004.0;250000.0;Automatique;Diesel;Tunis;5.0;;;Voiture Spacieuse en trer bon etat. Tout Option . 4 vtr Elect Prix : 11800  Tl : Afficher le numéro;;;;2026-08-04;56;0;Standard;0;22.0;12.429220196836384;484.0;11363.636363636364;1;Grand Tunis;;1.5;0;0;0;0;20540;0.4255111976630964;8740.0;0.01;0.01;0;Faible;0.0764;False
Citroën saxo;10300.0;https://www.tayara.tn/item/voitures/tunis/tunis/citron-saxo/6a708b4f6ef0e97a6c157e0a/;tayara.tn;2026-08-04;2026-08-03;Citroën;Saxo;;;Manuelle;Essence;Tunis;;;;Je vend ma voiture en bon état général car j'ai pas besoin car je réside en france. Elle était au garage pendant 2 ans. Pour plus d'informations m'appeler Afficher le numéro.;;;;2026-08-03;57;0;Standard;0;;;;;1;Grand Tunis;;;0;0;0;0;17919;0.4251911378983202;7619.0;0.03;0.03;4;Moyenne;0.0764;False
Peugeot Partner;14500.0;https://www.automobile.tn/fr/occasion/peugeot/partner/129393;automobile.tn;2026-08-17;2026-08-17;Peugeot;Partner;2008.0;360000.0;;Diesel;Ben Arous;7.0;;;Importé France Très bon état 1.6 diesel Kilomètrage :279000km 92038482/23420201 Sidi Bouzid;;0.0;;2026-08-17;43;0;Standard;0;18.0;12.793862088206213;324.0;20000.0;1;Grand Tunis;;;0;0;0;0;24922;0.4181847363774978;10422.0;0.15;0.15;1;Faible;0.0764;False
Mitsubishi L200 Simple Cabine;27000.0;https://www.automobile.tn/fr/occasion/mitsubishi/l200-simple-cabine/130379;automobile.tn;2026-09-19;2026-09-18;Mitsubishi;L200 Simple Cabine;2015.0;360000.0;;Diesel;Ariana;10.0;;;;;0.0;;2026-09-18;11;0;Standard;0;11.0;12.793862088206213;121.0;32727.272727272728;1;Grand Tunis;;;0;0;0;0;46318;0.4170732760481886;19318.0;0.0;0.0;0;Faible;0.0764;False
KIA Sportage;80000.0;https://www.automobile.tn/fr/occasion/kia/sportage/129086;automobile.tn;2026-08-07;2026-08-07;Kia;Sportage;2022.0;12000.0;;Essence;Ariana;11.0;;;SUV, 8 cv, transmission Traction Sidi Bouzid;Sièges massants | Caméras 360;2.0;;2026-08-07;53;0;Standard;0;4.0;9.39274525863144;16.0;3000.0;1;Grand Tunis;;;0;0;0;0;136608;0.4143827594284375;56608.0;0.62;0.62;2;Faible;0.0764;False
VOLKSWAGEN TIGUAN;56000.0;https://www.autocentral.tn/#FACEBOOK-1088101487214188;autocentral.tn (facebook);2026-08-08;;Volkswagen;Tiguan;;;;;;;;Active;;;;;2026-08-08;52;0;Standard;0;;;;;0;Province;;;0;0;0;0;95531;0.4138028493368644;39531.0;0.34;0.34;42;Élevée;0.0764;False
CITROËN BERLINGO;29108.0;https://www.autocentral.tn/#FACEBOOK-1494096002746791;autocentral.tn (facebook);2026-08-20;;Citroën;Berlingo;;;;;;;;Active;;;;;2026-08-20;40;0;Standard;0;;;;;0;Province;;;0;0;0;0;49494;0.4118883096941043;20386.0;0.14;0.14;17;Élevée;0.0764;False
DACIA DOKKER;21000.0;https://www.autocentral.tn/#FACEBOOK-1121599760531027;autocentral.tn (facebook);2026-09-16;;Dacia;Dokker;;;;;;;;Active;;;;;2026-09-16;13;0;Standard;0;;;;;0;Province;;;0;0;0;0;35687;0.4115504245243366;14687.0;0.03;0.03;4;Moyenne;0.0764;False
Volkswagen Caddy;24000.0;https://www.automobile.tn/fr/occasion/volkswagen/caddy/128885;automobile.tn;2026-08-05;2026-08-02;Volkswagen;Caddy;2011.0;248000.0;;Diesel;Nabeul;8.0;;;;Sièges électriques;1.0;;2026-08-02;58;0;Standard;0;15.0;12.421188057397057;225.0;16533.333333333332;0;Province;;;0;0;0;0;40771;0.4113463000662235;16771.0;0.2;0.2;2;Faible;0.0764;False
BMW serie1;29500.0;https://www.tayara.tn/item/voitures/monastir/monastir/bmw-serie1/6a8496b8374b022e6dcc6461/;tayara.tn;2026-08-18;2026-08-18;Bmw;Serie 1;;130.0;Manuelle;Essence;Monastir;9.0;;;Voiture en très bonne état tout les pièces d’origine et peinture aussi kilométrage vérifier pour plus d’info appelez Afficher le numéro ps : prix légèrement négociable;;;;2026-08-18;42;1;Luxe;0;;4.875197323201151;;;0;Province;;;0;0;0;0;50031;0.4103655733445264;20531.0;0.02;0.02;0;Faible;0.0764;False
MINI COOPER;26500.0;https://www.autocentral.tn/#FACEBOOK-1099263939431276;autocentral.tn (facebook);2026-08-20;;Mini;Cooper;;;;;;;;Active;;;;;2026-08-20;40;0;Standard;0;;;;;0;Province;;;0;0;0;0;44835;0.4089439054310249;18335.0;0.03;0.03;4;Moyenne;0.0764;False
CADDY SDI modele 2011;24000.0;https://www.tayara.tn/item/voitures/nabeul/soliman/caddy-sdi-modele-2011/6a6f06026ef0e97a6c14a99a/;tayara.tn;2026-08-03;2026-08-02;Volkswagen;Caddy;2011.0;248000.0;Manuelle;Diesel;Nabeul;8.0;;;je mets en vente voiture CADDY 8 chv  en bon etat;;;;2026-08-02;58;0;Standard;0;15.0;12.421188057397057;225.0;16533.333333333332;0;Province;;;0;0;0;0;40559;0.4082694346507557;16559.0;0.2;0.2;2;Faible;0.0764;False
voiture Citroën c15;8500.0;https://www.tayara.tn/item/voitures/ariana/mnihla/voiture-citron-c15/6a99b73333f4b02206bfa295/;tayara.tn;2026-09-04;2026-09-03;Citroën;C15;2010.0;410.0;Manuelle;Diesel;Ariana;;;;;;;;2026-09-03;26;0;Standard;0;16.0;6.018593214496234;256.0;25.625;1;Grand Tunis;;;0;0;0;0;14362;0.4081604233393677;5862.0;0.18;0.18;0;Faible;0.0764;False
Hyundai Veloster 1.6 MPI Coupé 16V 132 cv Boîte auto;33900.0;https://www.automobile.tn/fr/occasion/hyundai/veloster/130367;automobile.tn;2026-09-18;2026-09-17;Hyundai;Veloster;2017.0;131000.0;Automatique;Essence;Ariana;8.0;;;2017 Hyundai Veloster BVA 42 000 DT Négociable 13/07/2017 TU198 1.6L Essence 8 CV 158 000 KM Échange possible Disponible sur RDV à notre showroom TUNISIE AUTO PRIX Ezzahra Contactez : 25551771 / 24111140 / 98759655 Ben Arous;Alarme anti-intrusion | Sièges électriques | Caméra de recul | Toit ouvrant | Toit panoramique | Accès sans clé;6.0;;2026-09-17;12;0;Standard;0;9.0;11.78296023574194;81.0;14555.555555555557;1;Grand Tunis;132.0;1.6;0;0;0;0;56961;0.40485595407384;23061.0;0.0;0.0;0;Faible;0.0764;False
BMW X1 18I SDRIVE;70000.0;https://www.autocentral.tn/#FACEBOOK-1060237323060307;autocentral.tn (facebook);2026-08-14;;Bmw;X1;;;;;;;;Active;;;;;2026-08-14;46;1;Luxe;0;;;;;0;Province;;;0;0;0;0;117586;0.4046910346469818;47586.0;0.1;0.1;12;Élevée;0.0764;False
Volkswagen Caddy Cargo Maxi 2.0 L TDI 110 cv;74500.0;https://www.automobile.tn/fr/occasion/volkswagen/caddy-cargo/130457;automobile.tn;2026-09-21;2026-09-20;Volkswagen;Caddy Cargo;2023.0;74000.0;;Diesel;Ariana;7.0;;;;;0.0;;2026-09-20;9;0;Standard;0;3.0;11.211833885608511;9.0;24666.666666666668;1;Grand Tunis;110.0;2.0;0;0;0;0;125101;0.4044811792072005;50601.0;0.01;0.01;0;Faible;0.0764;False
KIA Sportage 1.6 GDi CVVT 16V 4x2 132 cv Boite Auto;27000.0;https://www.automobile.tn/fr/occasion/kia/sportage/129705;automobile.tn;2026-08-28;2026-08-27;Kia;Sportage;2018.0;430000.0;Automatique;Essence;Kairouan;8.0;;;P.Main avec carnet d'entretiens 29551553 55447966 Tunis;Alarme anti-intrusion | Android Auto | Apple Carplay | Sièges électriques | Caméra de recul | Toit ouvrant | Toit panoramique | Accès sans clé;8.0;;2026-08-27;33;0;Standard;0;8.0;12.971542813248435;64.0;53750.0;0;Province;132.0;1.6;0;0;0;0;45114;0.4015161590637053;18114.0;0.62;0.62;1;Faible;0.0764;False
NISSAN PATROL;37000.0;https://www.autocentral.tn/#FACEBOOK-1124121863612150;autocentral.tn (facebook);2026-09-18;;Nissan;Patrol;;;;;;;;Active;;;;;2026-09-18;11;0;Standard;0;;;;;0;Province;;;0;0;0;0;61597;0.3993213955225092;24597.0;0.04;0.04;5;Moyenne;0.0764;False
Jaguar XE Prestige;27000.0;https://www.automobile.tn/fr/occasion/jaguar/xe/129896;automobile.tn;2026-09-04;2026-09-03;Jaguar;XE;2008.0;219000.0;;Diesel;Ariana;7.0;;;;Alarme anti-intrusion | Android Auto | Apple Carplay | Navigation | Sièges massants | Sièges ventilés | Sièges électriques | Caméra de recul | Toit ouvrant | Accès sans clé | Conduite semi-autonome;11.0;;2026-09-03;26;1;Luxe;0;18.0;12.296831574998258;324.0;12166.666666666666;1;Grand Tunis;;;0;0;0;0;44826;0.3976709945121135;17826.0;0.0;0.0;0;Faible;0.0764;False
Jaguar X-Type Prestige;27000.0;https://www.automobile.tn/fr/occasion/jaguar/x-type/129896;automobile.tn;2026-09-05;2026-09-04;Jaguar;X-Type;2008.0;219000.0;;Diesel;Ariana;7.0;;;;Alarme anti-intrusion | Android Auto | Apple Carplay | Navigation | Sièges massants | Sièges ventilés | Sièges électriques | Caméra de recul | Toit ouvrant | Accès sans clé | Conduite semi-autonome;11.0;;2026-09-04;25;1;Luxe;0;18.0;12.296831574998258;324.0;12166.666666666666;1;Grand Tunis;;;0;0;0;0;44826;0.3976709945121135;17826.0;0.01;0.01;0;Faible;0.0764;False
Renault Megane;34000.0;https://www.automobile.tn/fr/occasion/renault/megane/129025;automobile.tn;2026-08-06;2026-08-05;Renault;Megane;2014.0;248000.0;;Essence;Ben Arous;7.0;;;Compacte, 7 cv, transmission Traction, Bluetooth, Sièges chauffants, Sièges électriques, Volant/levier de vitesse en cuir Monastir;;0.0;;2026-08-05;55;0;Standard;0;12.0;12.421188057397057;144.0;20666.666666666668;1;Grand Tunis;;;0;0;0;0;56404;0.397205871923977;22404.0;0.25;0.25;0;Faible;0.0764;False
MERCEDES CLASSE C 180D W205 KIT AMG;72000.0;https://www.autocentral.tn/#FACEBOOK-122114180037330504;autocentral.tn (facebook);2026-09-22;;Mercedes-Benz;Classe C;;;;;;;;Active;;;;;2026-09-22;7;1;Luxe;0;;;;;0;Province;;;0;0;0;0;119439;0.3971818250320247;47439.0;0.73;0.73;91;Élevée;0.0764;False
PEUGEOT 206;18000.0;https://www.autocentral.tn/#FACEBOOK-1637512301707839;autocentral.tn (facebook);2026-08-08;;Peugeot;206;;;;;;;;Active;;;;;2026-08-08;52;0;Standard;0;;;;;0;Province;;;0;0;0;0;29800;0.3959731543624161;11800.0;0.1;0.1;13;Élevée;0.0764;False
Citroën Berlingo Utilitaire Live 625kg 1.6 HDi 16V 90 cv;17000.0;https://www.automobile.tn/fr/occasion/citroen/berlingo-utilitaire/130594;automobile.tn;2026-09-25;2026-09-24;Citroën;Berlingo Utilitaire;2011.0;200000.0;;Diesel;Ariana;5.0;;;;;0.0;;2026-09-24;5;0;Standard;0;15.0;12.206077645517674;225.0;13333.333333333334;1;Grand Tunis;90.0;1.6;0;0;0;0;28078;0.3945437709238549;11078.0;0.0;0.0;0;Faible;0.0764;False
MERCEDES CLA 180;71000.0;https://www.autocentral.tn/#FACEBOOK-1504936915004249;autocentral.tn (facebook);2026-09-04;;Mercedes-Benz;CLA;;;;;;;;Active;;;;;2026-09-04;25;1;Luxe;0;;;;;0;Province;;;0;0;0;0;116656;0.3913729255246194;45656.0;0.34;0.34;42;Élevée;0.0764;False
VOLKSWAGEN GOLF 5 GTI;34800.0;https://www.autocentral.tn/#FACEBOOK-1504077125081699;autocentral.tn (facebook);2026-09-03;;Volkswagen;Golf 5;;;;;;;;Active;;;;;2026-09-03;26;0;Standard;0;;;;;0;Province;;;0;0;0;0;57115;0.3907029676967521;22315.0;0.03;0.03;4;Moyenne;0.0764;False
AUDI Q3;63000.0;https://www.autocentral.tn/#FACEBOOK-1100112672679736;autocentral.tn (facebook);2026-08-21;;Audi;Q3;;;;;;;;Active;;;;;2026-08-21;39;1;Luxe;0;;;;;0;Province;;;0;0;0;0;103174;0.3893810456122666;40174.0;0.17;0.17;21;Élevée;0.0764;False
CHERY QQ;21000.0;https://www.autocentral.tn/#FACEBOOK-1115566781134325;autocentral.tn (facebook);2026-09-09;;Chery;QQ;;;;;;;;Active;;;;;2026-09-09;20;0;Standard;0;;;;;0;Province;;;0;0;0;0;34337;0.3884148294842298;13337.0;0.05;0.05;6;Moyenne;0.0764;False
Volkswagen Touareg Carat R5 2.5 TDi Tiptronic 163 cv Boîte auto;40900.0;https://www.automobile.tn/fr/occasion/volkswagen/touareg/129818;automobile.tn;2026-09-01;2026-08-31;Volkswagen;Touareg;2006.0;192000.0;Automatique;Diesel;Tunis;12.0;;;29 551 553 98 337 475 94 110 013 Tunis;Alarme anti-intrusion | Affichage tête haute | Android Auto | Palettes au volant | Sièges chauffants | Sièges massants | Sièges électriques | Caméra de recul | Toit ouvrant;9.0;;2026-08-31;29;0;Standard;0;20.0;12.165255859329688;400.0;9600.0;1;Grand Tunis;163.0;2.5;0;0;0;0;66596;0.3858489999399363;25696.0;0.01;0.01;0;Faible;0.0764;False
TOYOTA HIACE;14000.0;https://www.tayara.tn/item/voitures/tunis/le-bardo/toyota-hiace/6a98339233f4b02206bee1de/;tayara.tn;2026-09-03;2026-09-02;Toyota;Hi Ace;2004.0;1000.0;Manuelle;Diesel;Tunis;10.0;;;1ERE MAIN VOITURE DE LA MAISON PEINTURE D ORIGINE  Afficher le numéro;;;;2026-09-02;27;0;Standard;0;22.0;6.90875477931522;484.0;45.45454545454545;1;Grand Tunis;;;1;0;0;1;22789;0.3856685242880337;8789.0;0.01;0.01;0;Faible;0.0764;False
MERCEDES CLASSE C 180D W205 KIT AMG;72000.0;https://www.autocentral.tn/#FACEBOOK-1074841968266509;autocentral.tn (facebook);2026-09-02;;Mercedes-Benz;Classe C;;;;;;;;Active;;;;;2026-09-02;27;1;Luxe;0;;;;;0;Province;;;0;0;0;0;117191;0.3856183495319606;45191.0;0.73;0.73;91;Élevée;0.0764;False
vento;11000.0;https://www.tayara.tn/item/voitures/zaghouan/el-fahs/vento/6aa1bb1262d7349f5f07cee8/;tayara.tn;2026-09-10;2026-09-09;Volkswagen;Vento;1995.0;;Automatique;Diesel;Zaghouan;6.0;;;voiture vento en bonne état avec un moteur golf 3 tdi;;;;2026-09-09;20;0;Standard;0;31.0;;961.0;;0;Province;;;0;0;0;0;17904;0.3856121537086684;6904.0;0.0;0.0;0;Faible;0.0764;False
AUDI A1 SPORTBACK;43000.0;https://www.autocentral.tn/#FACEBOOK-1661139296011806;autocentral.tn (facebook);2026-09-02;;Audi;A1 Sportback;;;;;;;;Active;;;;;2026-09-02;27;1;Luxe;0;;;;;0;Province;;;0;0;0;0;69909;0.3849146747915147;26909.0;0.01;0.01;1;Faible;0.0764;False
a vendre belle voiture;16500.0;https://www.tayara.tn/item/voitures/ben-arous/ben-arous/a-vendre-belle-voiture/6a70b3daf1282c6658e2b81b/;tayara.tn;2026-08-04;2026-08-03;Volkswagen;Caddy;2012.0;200.0;Manuelle;Diesel;Ben Arous;8.0;;;cady SDI 1.9 L  voiture 1 ere main;;;;2026-08-03;57;0;Standard;0;14.0;5.303304908059076;196.0;14.285714285714286;1;Grand Tunis;;;1;0;0;0;26801;0.3843513301742472;10301.0;0.2;0.2;0;Faible;0.0764;False
Vente voiture;35000.0;https://www.tayara.tn/item/voitures/tunis/gammarth/vente-voiture/6ab509a292f69e6be24a387a/;tayara.tn;2026-09-25;2026-09-24;Audi;A5;2009.0;285000.0;Automatique;Essence;Tunis;9.0;;;;;;;2026-09-24;5;1;Luxe;0;17.0;12.560247968016562;289.0;16764.70588235294;1;Grand Tunis;;;0;0;0;0;56771;0.383488048475454;21771.0;0.02;0.02;0;Faible;0.0764;False
Voiture Clio;12345.0;https://www.tayara.tn/item/voitures/sfax/autres-villes/voiture-clio/6a91df02b6ae14216f5b24fd/;tayara.tn;2026-08-29;2026-08-28;Renault;Clio;2007.0;210.0;Manuelle;Essence;Sfax;1.4;;;A vendre  🇲🇫 Clio campus câble 🇲🇫 ✅ deuxième main  ✅ Peinture d’origine  ✅ Tt les vitres d'origines ✅ Vitre électrique ✅ Poste d'origine  ✅ Commande volant  ✅ Assisté ✅ Airbag ✅ ABS ✅Moteur et intérieure impeccable ✅4 penus neuf  ✅ Roue de secour origine dar Renault  ☎️50:208:990;;;;2026-08-28;32;0;Standard;0;19.0;5.351858133476067;361.0;11.052631578947368;0;Province;;;0;0;0;1;20023;0.3834590221245567;7678.0;0.63;0.63;0;Faible;0.0764;False
Ford Figo a vendre;18000.0;https://www.tayara.tn/item/voitures/nabeul/nabeul/ford-figo-a-vendre/6a6fd0016ef0e97a6c152dcc/;tayara.tn;2026-08-03;2026-08-02;Ford;Figo;2013.0;230000.0;Manuelle;;Nabeul;;;;Je mets en vente ma Ford Figo 2013, en très bon état général.  ✅ Essence ✅ 5 CV ✅ 230 000 km ✅ Voiture propre et bien entretenue ✅ Intérieur et extérieur en bon état ✅ Papiers en règle  📍 Visible sur rendez-vous ( nabeul , tunis )  💰 Prix :18000 légèrement négociable;;;;2026-08-02;58;0;Standard;0;13.0;12.345838935721968;169.0;17692.30769230769;0;Province;;;0;0;0;0;29041;0.3801866326917117;11041.0;0.01;0.01;1;Faible;0.0764;False
voiture occasion;5000.0;https://www.tayara.tn/item/voitures/tataouine/tataouine-sud/voiture-occasion/6aab3f754e7f635a53a55500/;tayara.tn;2026-09-18;2026-09-17;Chrysler;Grand Voyager;1993.0;400000.0;Manuelle;Diesel;Tataouine;10.0;;;voiture d'occasion année 1993 diesel   familial 7places américain  chrysler  voyager  ksard debab  tataouine téléphone Afficher le numéro;;;;2026-09-17;12;0;Standard;0;33.0;12.899222326086994;1089.0;12121.212121212122;0;Province;;;0;0;0;0;8062;0.3798064996278839;3062.0;0.0;0.0;0;Faible;0.0764;False
VOLKSWAGEN POLO CONFORTLINE;22000.0;https://www.autocentral.tn/#FACEBOOK-1027501096959053;autocentral.tn (facebook);2026-09-02;;Volkswagen;Polo;;;;;;;;Active;;;;;2026-09-02;27;0;Standard;0;;;;;0;Province;;;0;0;0;0;35471;0.3797750274872431;13471.0;0.53;0.53;66;Élevée;0.0764;False
Renault 19 a vendre;7500.0;https://www.tayara.tn/item/voitures/monastir/jemmal/renault-19-a-vendre/6a86ee5e374b022e6dcdae5a/;tayara.tn;2026-08-20;2026-08-20;Renault;19;2000.0;300.0;Manuelle;Essence;Monastir;;;;A vendre ma voiture r19 Europe 7 ch essence/ gaz  en bonne état , moteur en bonne état changé depuis presque un an  avec installation gaz d'origine+ grande citerne de gaz;;;;2026-08-20;40;0;Standard;0;26.0;5.707110264748875;676.0;11.538461538461538;0;Province;;;0;0;0;0;11961;0.3729621269124655;4461.0;0.02;0.02;0;Faible;0.0764;False
voiture a vendre;30000.0;https://www.tayara.tn/item/voitures/ben-arous/fouchana/voiture-a-vendre/6a8b0b06763dd571faca4079/;tayara.tn;2026-08-23;2026-08-23;Byd;F3;2023.0;80000.0;Manuelle;Essence;Ben Arous;7.0;;;voiture byd a vendre;;;;2026-08-23;37;0;Standard;0;3.0;11.289794413577894;9.0;26666.666666666668;1;Grand Tunis;;;0;0;0;0;47757;0.3718198379295181;17757.0;0.09;0.09;0;Faible;0.0764;False
BMW;17000.0;https://www.tayara.tn/item/voitures/la-manouba/autres-villes/bmw/6a8876dc763dd571fac8eb42/;tayara.tn;2026-08-21;2026-08-21;Bmw;;2001.0;0.0;Manuelle;;La Manouba;;;;VEUILLEZ APPELER LE Afficher le numéro Cause départ, je vends ma voiture, une BMW e46 de 2001, moteur m43b18, 1.8 de cylindrée, 7 chevaux sur carte grise,115 chevaux dynamiques. Tôle refaite à neuf. Moteur robuste récemment changé. Climatiseur climatronique en parfait état de marche. J’ai eu cette voiture pendant 5 ans, j’ai tout changé et tout réparé.  Inclus : un subwoofer de 500 watts à l’arrière.  Visite technique papiers en règle, démarre au quart de tour.  VEUILLEZ APPELER LE Afficher le numéro;;;;2026-08-21;39;1;Luxe;0;25.0;0.0;625.0;0.0;0;Province;;;0;0;0;0;27053;0.3716038886629949;10053.0;;;0;Faible;0.0764;False
Voiture bon occasion;21000.0;https://www.tayara.tn/item/voitures/nabeul/klibia/voiture-bon-occasion/6ab8ffe292f69e6be24c1106/;tayara.tn;2026-09-28;2026-09-27;Chery;QQ;2022.0;62000.0;Manuelle;Essence;Nabeul;4.0;;;Voiture bon occasion prix négociable;;;;2026-09-27;2;0;Standard;0;4.0;11.034905792929417;16.0;15500.0;0;Province;;;0;0;0;0;33408;0.3714080459770115;12408.0;0.05;0.05;1;Faible;0.0764;False
VOLKSWAGEN GOLF GTI;26000.0;https://www.autocentral.tn/#FACEBOOK-1372729534940429;autocentral.tn (facebook);2026-08-17;;Importe;2022;2018.0;;Automatique;Essence;Automatique;4.0;;Active;;;;;2026-08-17;43;0;Standard;0;8.0;;64.0;;0;Province;;;0;0;0;0;41057;0.3667340526584992;15057.0;0.0;0.0;0;Faible;0.0764;False
MINI COOPER;28500.0;https://www.autocentral.tn/#FACEBOOK-1130272032997133;autocentral.tn (facebook);2026-09-26;;Mini;Cooper;;;;;;;;Active;;;;;2026-09-26;3;0;Standard;0;;;;;0;Province;;;0;0;0;0;44835;0.3643358982937437;16335.0;0.03;0.03;4;Moyenne;0.0764;False
MERCEDES  ML 320 ( châssis 164) 4*4;38000.0;https://www.tayara.tn/item/voitures/tunis/tunis/mercedes-ml-320-chssis-164-44/6a7f317a303f47f0a02d6e70/;tayara.tn;2026-08-14;2026-08-14;Mercedes-Benz;Classe ML;2010.0;344700.0;Automatique;Diesel;Tunis;15.0;;;"Société met en vente une voiture de direction de marque Mercedes ML 320 CDI 4 MATIC (châssis 164) ; et dont les caractéristiques sont les suivantes : - Moteur ; CDI 4 MATIC - CYLINDRÉE : 3.0 L - Première mise en circulation : Septembre 2009 - Carburant : Gasoil - Puissance Fiscale : 15 CV - Boite : Automatique - Options : Toutes options - Jantes : Aluminium - Caméras et radars de recul - Toit ouvrant : Panoramique - Peinture : d'origine Noir - Couleur Intérieur : Gris d'origine - Kilométrage : 344.700 Km - Nombre de portes : 05 - Porte malle arrière : Automatique - Nombre de places : 05 - État mécanique : Très bon état - État carrosserie : Bon état - Moteur : changé au 208000 Km - Climatiseur : En marche - Vitres électriques : 04 - Fermeture centrale à distance - Alarme - Prix : 38000 DT Contact et visite : Du lundi au Vendredi : de 09 H à 16H                                          Samedi : de 09 H à 12 H TEL : Afficher le numéro";;;;2026-08-14;46;1;Luxe;0;16.0;12.750432653574146;256.0;21543.75;1;Grand Tunis;;;0;0;1;0;59730;0.3638037836932865;21730.0;0.0;0.0;0;Faible;0.0764;False
À VENDRE VOITURE SANGYONG KORANDO SUV TURBO DIESEL 2.0;36000.0;https://www.tayara.tn/item/voitures/sousse/sousse-jawhara/-vendre-voiture-sangyong-korando-suv-turbo-diesel-20/6a92e9f0b6ae14216f5b9341/;tayara.tn;2026-08-30;2026-08-29;Ssangyong;Korando;2015.0;166500.0;Manuelle;Diesel;Sousse;10.0;;;À Vendre Voiture Sangyong Korando SUV en Très Bon Etat et Bien Entretenue Régulièrement ! 04 Pneus Neufs & Peinture Voile Récente ! Tarif Négociable pour les Offres Sérieuses ! N'hesitez pas à me Contacter au Numéro WhatsApp : Afficher le numéro;;;;2026-08-29;31;0;Standard;0;11.0;12.022756594390604;121.0;15136.363636363636;0;Province;;2.0;0;0;0;0;56478;0.3625836608945076;20478.0;0.02;0.02;0;Faible;0.0764;False
Toyota RAV 4 Hybride 2.5 VVT-iE 16V 218 Hybrid 2WD E-CVT 177 cv Boîte auto;130000.0;https://www.automobile.tn/fr/occasion/toyota/rav-4/129041;automobile.tn;2026-08-06;2026-08-05;Toyota;RAV4;2024.0;43.0;Automatique;Hybride essence;Médenine;9.0;;;Toyota Rav 4 hybride État : neuf Kilométrage :32 000 KM Entretien : concessionnaire Toyota la Marsa Totes options Couleur : vert Kaki Tel : 23809970 La Manouba;Android Auto | Apple Carplay | Sièges chauffants | Caméra de recul | Coffre électrique | Toit ouvrant | Toit panoramique | Accès sans clé;8.0;;2026-08-05;55;0;Standard;0;2.0;3.784189633918261;4.0;21.5;0;Province;177.0;2.5;0;0;0;0;203584;0.361442942470921;73584.0;0.14;0.14;3;Moyenne;0.0764;False
BMW X4 Pack M 28i xDrive 2.0 i 16V 245 cv Boîte auto;55000.0;https://www.automobile.tn/fr/occasion/bmw/x4/129802;automobile.tn;2026-09-01;2026-08-31;Bmw;X4;2017.0;402000.0;Automatique;Essence;Ariana;15.0;;;98 337 475 94 110 013 29 551 553 Tunis;Alarme anti-intrusion | Affichage tête haute | Android Auto | Apple Carplay | Instrumentation numérique | Navigation | Palettes au volant | Sièges chauffants | Sièges massants | Sièges ventilés | Sièges électriques | Caméra de recul | Caméras 360 | Coffre électrique | Toit ouvrant | Toit panoramique | Accès sans clé | Conduite semi-autonome;18.0;;2026-08-31;29;1;Luxe;0;9.0;12.904209855160254;81.0;44666.66666666666;1;Grand Tunis;245.0;2.0;0;0;0;0;86010;0.3605394721544006;31010.0;0.02;0.02;0;Faible;0.0764;False
BMW F20 SÉRIE I DIESEL;38000.0;https://www.tayara.tn/item/voitures/ariana/la-soukra/bmw-f20-srie-i-diesel/6aba1e9c26fc672960dd17a4/;tayara.tn;2026-09-29;2026-09-28;Bmw;Serie 1;2013.0;230000.0;Automatique;Diesel;Ariana;6.0;;;VEND OU ÉCHANGE   🚘 BMW Série 1 116 F20 phase 2 📅 2013 | ⛽ Diesel | 6 CV 📏 230 000 km 🪑 Intérieur cuir 🔑 Start & Stop ✨ Très belle voiture, confortable et économique. zéro dépenses  📍 La Soukra – Ariana 📞 Afficher le numéro  📩 Contactez-moi pour plus d’informations ou visite.;;;;2026-09-28;1;1;Luxe;0;13.0;12.345838935721968;169.0;17692.30769230769;1;Grand Tunis;;;0;0;0;0;59411;0.3603878069717729;21411.0;0.02;0.02;0;Faible;0.0764;False
voiture;83000.0;https://www.tayara.tn/item/voitures/tunis/tunis/voiture/6a706c2b6ef0e97a6c156420/;tayara.tn;2026-08-04;2026-08-03;Audi;Q3;2026.0;245000.0;Manuelle;Diesel;Tunis;8.0;;;Audi Q3 2.0 TDI 120 ch – Année 2016  Suite à l’achat d’une nouvelle voiture, je mets en vente mon Audi Q3 2.0 TDI, en très bon état général et très propre.  🔹 Année : 2016 🔹 Kilométrage : 245 000 km 🔹 Moteur : 2.0 TDI Diesel – 120 ch 🔹 Boîte : Manuelle 6 vitesses 🔹 Transmission : Traction avant 🔹 Couleur : Noir 🔹 5 portes / 5 places 🔹 Contrôle technique : Validé ✅ 🔹 Consommation moyenne : 4,5 L/100 km 🔹 CO₂ : 117 g/km  ✅ Véhicule très propre et bien entretenu. ✅ Moteur diesel économique et fiable. ✅ Idéal pour une utilisation quotidienne comme pour les longs trajets.  💰 Prix : 83 000 DT  📩 Pour plus d’informations ou pour convenir d’un rendez-vous, n’hésitez pas à me contacter Afficher le numéro WhatsApp;;;;2026-08-03;57;1;Luxe;1;0.0;12.409017571151187;0.0;100000.0;1;Grand Tunis;;;0;0;0;0;129481;0.3589793097056711;46481.0;0.17;0.17;1;Faible;0.0764;False
voiture;83000.0;https://www.tayara.tn/item/voitures/tunis/tunis/voiture/6aaae7f34e7f635a53a52921/;tayara.tn;2026-09-17;2026-09-16;Audi;Q3;2026.0;245000.0;Manuelle;Diesel;Tunis;8.0;;;Audi Q3 2.0 TDI 120 ch – Année 2016  Suite à l’achat d’une nouvelle voiture, je mets en vente mon Audi Q3 2.0 TDI, en très bon état général et très propre.  🔹 Année : 2016 🔹 Kilométrage : 245 000 km 🔹 Moteur : 2.0 TDI Diesel – 120 ch 🔹 Boîte : Manuelle 6 vitesses 🔹 Transmission : Traction avant 🔹 Couleur : Noir 🔹 5 portes / 5 places 🔹 Contrôle technique : Validé ✅ 🔹 Consommation moyenne : 4,5 L/100 km 🔹 CO₂ : 117 g/km  ✅ Véhicule très propre et bien entretenu. ✅ Moteur diesel économique et fiable. ✅ Idéal pour une utilisation quotidienne comme pour les longs trajets.  💰 Prix : 83 000 DT  📩 Pour plus d’informations ou pour convenir d’un rendez-vous, n’hésitez pas à me contacter Afficher le numéro WhatsApp;;;;2026-09-16;13;1;Luxe;1;0.0;12.409017571151187;0.0;100000.0;1;Grand Tunis;;;0;0;0;0;129481;0.3589793097056711;46481.0;0.17;0.17;1;Faible;0.0764;False
Mazda 2;37500.0;https://www.tayara.tn/item/voitures/sfax/sakiet-ezzit/mazda-2/6aa124eff6b2a7cd2d7df71d/;tayara.tn;2026-09-10;2026-09-09;Mazda;E2000;2015.0;69700.0;Automatique;Essence;Sfax;6.0;;;1 ère Main  roulé 69 700 km voiture très très propre  caméra de recul  boite automatique  rétroviseur rabattable  Salon cuire  4 roues neuves ( avec facture) batterie neuve  double clé  bluetooth  gamme Mazda skyactiv;;;;2026-09-09;20;0;Standard;0;11.0;11.151969943847991;121.0;6336.363636363636;0;Province;;;1;0;0;0;58455;0.3584808827303054;20955.0;0.02;0.02;0;Faible;0.0764;False
Ford Fiesta Titanium 1.25 i 16V 82 cv;29600.0;https://www.automobile.tn/fr/occasion/ford/fiesta/130737;automobile.tn;2026-09-29;2026-09-28;Ford;Fiesta;2011.0;139518.0;;Essence;Tunis;5.0;;;À VENDRE – Ford Fiesta Titanium 1.25 Essence Ben Arous;Alarme anti-intrusion;1.0;;2026-09-28;1;0;Standard;0;15.0;11.845956071685928;225.0;9301.2;1;Grand Tunis;82.0;;0;0;0;0;46066;0.3574436677810098;16466.0;0.36;0.36;7;Moyenne;0.0764;False
Ford fiesta eco boost serie 197 Annee 2017;45000.0;https://www.tayara.tn/item/voitures/ariana/ariana/ford-fiesta-eco-boost-serie-197annee-2017/6aa91b8c4e7f635a53a4202e/;tayara.tn;2026-09-16;2026-09-15;Ford;Fiesta;2017.0;64000.0;Automatique;Essence;Ariana;5.0;;;​Je mets en vente une magnifique Ford Fiesta très bien entretenue, dans un état irréprochable. ​Caractéristiques principales : ​Kilométrage : 64 000 km (réel et certifié) ​Conductrice : Voiture de dame, conduite très souple ​Entretien : Suivi régulier, aucun frais à prévoir ​État : Carrosserie et intérieur en très bon état (non-fumeur) ​Voiture idéale pour la ville comme pour les longs trajets.;;;;2026-09-15;14;0;Standard;0;9.0;11.06665398721974;81.0;7111.111111111111;1;Grand Tunis;;;0;0;0;0;69959;0.3567661058620049;24959.0;0.36;0.36;4;Moyenne;0.0764;False
Vente voiture SEAT IBIZA  2006 4CV diesel TDI;17000.0;https://www.tayara.tn/item/voitures/sousse/sahloul/vente-voiture-seat-ibiza-2006-4cv-diesel-tdi/6aba3cee26fc672960dd2c6a/;tayara.tn;2026-09-29;2026-09-28;Seat;Ibiza;2006.0;;;;Sousse;;;;🚗 À VENDRE – SEAT IBIZA 2006  Année : 2006 serie 124 Motorisation : Diesel TDI – 4 CV Moteur : récemment installé Boîte de vitesses : récemment installée 4 pneus : neufs Direction assistée Vitres électriques Climatisation Poste radio Android Voiture pratique, économique et agréable à conduire  📞 Pour plus d’informations, contactez-moi en privé sur le tel seulement: Afficher le numéro;;;;2026-09-28;1;0;Standard;0;20.0;;400.0;;0;Province;;;0;0;0;0;26367;0.3552546744036106;9367.0;0.31;0.31;0;Faible;0.0764;False
Peugeot 308 (2012) – Boite AUTO -Très bon état – 150 000 km – 25 500 DT;25500.0;https://www.tayara.tn/item/voitures/sfax/route-mehdia/peugeot-308-2012-boite-auto-trs-bon-tat-150-000-km-25-500-dt/6ab69d0c92f69e6be24b1188/;tayara.tn;2026-09-26;2026-09-25;Peugeot;308;2012.0;150000.0;Automatique;Essence;Sfax;7.0;;;À vendre Peugeot 308 année 2012, boîte automatique, en très bon état général. - Véhicule importé des Émirats Arabes Unis en 2013. - Kilométrage réel et vérifiable: La voiture est utilisée uniquement pendant les vacances d’été. Propriétaire résidant à l’étranger et revenant en Tunisie seulement une fois tous les deux ans. - Pneus récemment remplacés. - Système de climatisation entretenu et remis à neuf. - Batterie neuve. - Moteur et boîte automatique en bon état de fonctionnement. - Véhicule propre et bien entretenu.  Pour plus d’informations ou pour voir la voiture, merci de me contacter. (Ali);;;;2026-09-25;4;0;Standard;0;14.0;11.918397239722838;196.0;10714.285714285714;0;Province;;;0;0;0;0;39493;0.354315954726154;13993.0;0.13;0.13;3;Moyenne;0.0764;False
Jeep Compass Longitude;53000.0;https://www.automobile.tn/fr/occasion/jeep/compass/129452;automobile.tn;2026-08-18;2026-08-18;Jeep;Compass;2021.0;130000.0;;Essence;Tunis;8.0;;;À VENDRE – JEEP COMPASS LIMITED 4×4 Année : 2021 (première mise en circulation 19/01/2021) Kilométrage : 86 000 km Carburant : Essence Puissance fiscale : 11 CV Boîte de vitesse : Automatique Motorisation : 4×4 Couleur : Blanc Propriétaire : Unique (femme), véhicule non-fumeur Entretien : Suivi régulier chez concessionnaire officiel Jeep, dossier complet Équipements (toutes options) : Sièges cuir chauffants Écran tactile multimédia / GPS, Bluetooth Climatisation automatique Régulateur/limiteur de vitesse Rétroviseurs électriques Caméra de recul Commandes au volant Airbags multiples, ABS, ESP État général : Véhicule bien entretenu, un seul propriétaire, aucun accident. Prix : 105000 DT (négociable) Visible à Nabeul Contact : 23561604 Nabeul;Android Auto | Apple Carplay | Instrumentation numérique | Navigation | Accès sans clé;5.0;;2026-08-18;42;0;Standard;0;5.0;11.775297421715829;25.0;26000.0;1;Grand Tunis;;;0;1;1;0;82014;0.353768868729729;29014.0;0.04;0.04;1;Faible;0.0764;False
Toyota Yaris;29999.0;https://www.automobile.tn/fr/occasion/toyota/yaris/129569;automobile.tn;2026-08-22;2026-08-22;Toyota;Yaris;2014.0;100000.0;;Essence;Sousse;6.0;;;Citadine, 5 cv, transmission Traction, Autoradio, Autoradio CD, Autoradio CD/Mp3, Volant multi-fonctions, Volant réglable hauteur/profondeur Sfax;Caméra de recul;1.0;;2026-08-22;38;0;Standard;0;12.0;11.51293546492023;144.0;8333.333333333334;0;Province;;;0;0;0;0;46350;0.3527723840345199;16351.0;0.07;0.07;1;Faible;0.0764;False
FIAT 500;24000.0;https://www.autocentral.tn/#FACEBOOK-1391082839899748;autocentral.tn (facebook);2026-09-23;;Fiat;500;;;;;;;;Active;;;;;2026-09-23;6;0;Standard;0;;;;;0;Province;;;0;0;0;0;37051;0.3522442039351164;13051.0;0.25;0.25;31;Élevée;0.0764;False
peugeot 208 diesel 2017;20000.0;https://www.tayara.tn/item/voitures/bja/medjez-el-bab/peugeot-208-diesel-2017/6aa01e3b62d7349f5f06ee99/;tayara.tn;2026-09-09;2026-09-08;Peugeot;208;2017.0;130000.0;Manuelle;Diesel;Béja;4.0;;;À vendre Peugeot 208 année 2017, Diesel, 130 000 km, boîte manuelle 5 rapports.  Moteur remplacé, en bon état et fonctionne très bien. Voiture propre, roule très bien. N’hésitez pas à me contacter pour plus d’informations: Afficher le numéro/ Afficher le numéro;;;;2026-09-08;21;0;Standard;0;9.0;11.775297421715829;81.0;14444.444444444443;0;Province;;;0;0;0;0;30861;0.3519328602443213;10861.0;0.57;0.57;0;Faible;0.0764;False
KIA SORENTO;51000.0;https://www.autocentral.tn/#FACEBOOK-1518784690292805;autocentral.tn (facebook);2026-08-11;;Kia;Sorento;;;;;;;;Active;;;;;2026-08-11;49;0;Standard;0;;;;;0;Province;;;0;0;0;0;78672;0.3517388651616839;27672.0;0.03;0.03;4;Moyenne;0.0764;False
Mercedes-Benz Classe E Avantgarde 220 CDi 2.1 CDI 16V 150 cv;50000.0;https://www.automobile.tn/fr/occasion/mercedes-benz/classe-e/130541;automobile.tn;2026-09-23;2026-09-22;Mercedes-Benz;Classe E;2005.0;227000.0;;Diesel;Ben Arous;9.0;;;Berline, 10 cv, transmission Traction, Accoudoir avant, Accoudoir arrière, Autoradio, Autoradio CD, Autoradio CD/Mp3, Bluetooth, Boîte à gants réfrigérée, Chargeur CD, Connectivité Aux, usb, iPod, Navigation, Sièges sport, Sièges chauffants, Sièges réglables en hauteur, Sièges électriques, Volant/levier de vitesse en cuir, Volant multi-fonctions, 3 appuis têtes arrières, Volant réglable hauteur/profondeur Ben Arous;Sièges chauffants | Sièges électriques;2.0;;2026-09-22;7;1;Luxe;0;21.0;12.33270970174018;441.0;10809.52380952381;1;Grand Tunis;150.0;2.1;0;0;0;0;76668;0.3478374289142797;26668.0;0.34;0.34;2;Faible;0.0764;False
🚗 Femme vend: Peugeot 207 – Boîte automatique –;25000.0;https://www.tayara.tn/item/voitures/ariana/ariana/-femme-vend-peugeot-207-bote-automatique-/6a7633f36ef0e97a6c18ea13/;tayara.tn;2026-08-07;2026-08-07;Peugeot;207;2009.0;182000.0;Automatique;Essence;Ariana;7.0;;;✨ Voiture en bon état général, propre et bien entretenue. Boîte automatique, confortable et pratique pour la conduite quotidienne.  🔹 Marque : Peugeot 🔹 Modèle : 207 🔹 Année : 2009 🔹 Kilométrage : 180 000 km 🔹 Énergie : Essence 🔹 Puissance fiscale : 7 CV 🔹 Cylindrée : 1.6 L (1587 cm³) 🔹 Boîte automatique 🔹 5 portes – 5 places 🔹 Climatisation ❄️ 🔹 Vitres électriques 🔹 Fermeture centralisée 🔐 🔹 Autoradio 🎵 🔹 Couleur : gris métallisé 🔹 Véhicule propre et bien entretenu  💰 Prix : 25 000 DT   ⚡ Belle occasion à saisir.;;;;2026-08-07;53;0;Standard;0;17.0;12.111767460549332;289.0;10705.882352941177;1;Grand Tunis;;;0;0;0;0;38327;0.3477183186787382;13327.0;0.06;0.06;1;Faible;0.0764;False
Mercedes w123;29000.0;https://www.tayara.tn/item/voitures/ben-arous/el-mourouj/mercedes-w123/6a80815c374b022e6dca1478/;tayara.tn;2026-08-15;2026-08-15;Mercedes-Benz;230;;474000.0;Manuelle;Diesel;Ben Arous;10.0;;;Salam, Je vis à l'étranger et je n'ai plus le temps de m'en occupé, c'est une voiture de mon enfance, deux propriétaires seulement, mon père l'a acheté en 1994. Prix 29 milles dinars Vente à contre coeur uniquement à un collectionneur ou passionné. Je connais toute les pièces de cette auto, je l'ai fait restaurer au complet en 2018, n'hésitez pas à me poser toute question. 4 vitres électriques complet importé avec leurs panneaux de porte, fonctionnel mais la graisse est très sec et nécessite un nettoyage et graissage des moteurs. (Une graisse fonctionnelle à plus de 70°c est nécessaire vu notre climat) Réservoir de carburant remplacer en très bon état. 4 appuis tête Direction assisté léger jeux Pont remplacer . Antenne électrique Vitre d'origine sauf le pare brise Plafonnier arrière Attelage oris d'origine tire 1900kg, jamais utilisé. Jantes d'origine ATS style barock en 15 pouces très rare. Moteur OM616 en parfait état refait au complet il y a quelques années, pas de consommation d'huile. 10cv diesel. Étoile capot cassé et volé Baguette chromé calandre vandalisé Papier en règle Bruit roulement avant droit Pédale de frein dur, fuite d'air. Compresseur A/C démonté york210 je crois j'en ai 2. Arbre de transmission état correct mais à vérifier Carrosserie doit être réviser au complet. W123 1978;;;;2026-08-15;45;1;Luxe;0;;13.06896471037963;;;1;Grand Tunis;;;0;0;0;0;44343;0.3460072615745439;15343.0;0.0;0.0;0;Faible;0.0764;False
Voiture twingo très bon état;15000.0;https://www.tayara.tn/item/voitures/nabeul/grombalia/voiture-twingo-trs-bon-tat/6a7b54319b2a9eb2caa09dc6/;tayara.tn;2026-08-11;2026-08-11;Renault;Twingo;;130000.0;Automatique;Essence;Nabeul;6.0;;;Renault Twingo dédouane importé d'Allemagne moteur clio symbole boîte automatique toit ouvrant direction assistée vitres et rétroviseur électrique série 228;;;;2026-08-11;49;0;Standard;0;;11.775297421715829;;;0;Province;;;0;0;0;0;22915;0.3454069386864499;7915.0;0.06;0.06;0;Faible;0.0764;False
MG 5;43500.0;https://www.autocentral.tn/#FACEBOOK-1132168516140818;autocentral.tn (facebook);2026-09-27;;Mg;5;;;;;;;;Active;;;;;2026-09-27;2;0;Standard;0;;;;;0;Province;;;0;0;0;0;66408;0.3449584387423202;22908.0;0.1;0.1;13;Élevée;0.0764;False
Renault Megane 1.4 i 16V 82cv;18000.0;https://www.automobile.tn/fr/occasion/renault/megane/129363;automobile.tn;2026-08-16;2026-08-16;Renault;Megane;2006.0;250000.0;;Essence;Ben Arous;6.0;;;;;0.0;;2026-08-16;44;0;Standard;0;20.0;12.429220196836384;400.0;12500.0;1;Grand Tunis;82.0;1.4;0;0;0;0;27402;0.3431136413400482;9402.0;0.25;0.25;7;Moyenne;0.0764;False
voiture 2008 a vendre;29997.0;https://www.tayara.tn/item/voitures/ariana/mnihla/voiture-2008-a-vendre/6a993083b6ae14216f5e631e/;tayara.tn;2026-09-04;2026-09-03;Peugeot;2008;2015.0;240000.0;Manuelle;Essence;Ariana;;;;peugeot 2008 essence pour femme  - juin 2015 - boite vitesse manuelle - camera de recule - radar de stationnement ar - détecteur de pluie - détecteur de lumière - limiteur de vitesse - régulateur de vitesse - toit panoramique Tel: Afficher le numéro;;;;2026-09-03;26;0;Standard;0;11.0;12.388398368982116;121.0;21818.18181818182;1;Grand Tunis;;;0;0;0;0;45651;0.3429059604389827;15654.0;0.22;0.22;0;Faible;0.0764;False
Toyota Yaris;29999.0;https://www.tayara.tn/item/voitures/sousse/akouda/toyota-yaris/6a89f8d6763dd571fac9c337/;tayara.tn;2026-08-22;2026-08-22;Toyota;Yaris;2014.0;100000.0;Manuelle;Essence;Sousse;6.0;;;Voiture immatriculée en Italie ayant atteint la fin de sa durée de séjour temporaire autorisée en Tunisie. Ne pouvant plus la conserver en tant que citoyen italien, je la mets en vente. Elle constitue une excellente opportunité pour un acheteur tunisien disposant du droit FCR (dédouanement à taux réduit). Révision complète récente : 4 pneus neufs, freins avant neufs, courroie de distribution neuve, batterie neuve, vidange complète avec tous les filtres remplacés. ​Véhicule en parfait état mécanique, prêt à rouler sans aucun frais à prévoir.;;;;2026-08-22;38;0;Standard;0;12.0;11.51293546492023;144.0;8333.333333333334;0;Province;;;0;0;0;0;45615;0.3423435273484599;15616.0;0.07;0.07;1;Faible;0.0764;False
Jaguar XF Luxe 2.0 Ti 16V 240 cv Boîte auto;55000.0;https://www.automobile.tn/fr/occasion/jaguar/xf/128915;automobile.tn;2026-08-05;2026-08-03;Jaguar;XF;2014.0;182000.0;Automatique;Essence;Tunis;15.0;;;Berline, 15 cv, transmission Propulsion, Accoudoir avant, Accoudoir arrière, Autoradio, Autoradio CD, Autoradio CD/Mp3, Palettes au volant, Vitres teintées, Volant/levier de vitesse en cuir, Volant multi-fonctions, Volant réglable hauteur/profondeur Tunis;Alarme anti-intrusion | Palettes au volant | Sièges électriques | Caméra de recul | Coffre électrique | Accès sans clé;6.0;;2026-08-03;57;1;Luxe;0;12.0;12.111767460549332;144.0;15166.666666666666;1;Grand Tunis;240.0;2.0;0;0;0;0;83583;0.3419714535252384;28583.0;0.01;0.01;0;Faible;0.0764;False
Chevrolet Malibu Citadine;25500.0;https://www.automobile.tn/fr/occasion/chevrolet/malibu/129165;automobile.tn;2026-08-11;2026-08-10;Chevrolet;Malibu;2011.0;140000.0;;Essence;Ben Arous;12.0;;;;Alarme anti-intrusion | Sièges électriques | Coffre électrique | Accès sans clé | Conduite semi-autonome;5.0;;2026-08-10;50;0;Standard;0;15.0;11.849404844423074;225.0;9333.333333333334;1;Grand Tunis;;;0;0;0;0;38617;0.3396690576689023;13117.0;0.0;0.0;0;Faible;0.0764;False
Skoda fabia 2021;32500.0;https://www.tayara.tn/item/voitures/sousse/sousse/skoda-fabia-2021/6ab6d72e92f69e6be24b34c5/;tayara.tn;2026-09-26;2026-09-25;Škoda;Fabia;2021.0;163.0;Manuelle;Essence;Sousse;;;;🚗 SKODA FABIA 2021 – 32 500 DT  💰 Prix : 32 500 DT – légèrement négociable devant la voiture  🔹 163 000 km 🔹 2ème main 🔹 Très bon état général 🔹 Carrosserie très propre – voile effectué 🔹 Vidanges et entretien suivis 🔹 Amortisseurs remplacés 🔹 Cylindres-blocs remplacés 🔹 Poste Android 🔹 Caméra de recul 🔹 Climatisation fonctionnelle ❄️ 🔹 4 vitres électriques 🔹 Plusieurs autres options  ✅ Véhicule propre, entretenu et prêt à rouler. 🤝 Annonce sérieuse et transparente, visite possible pour les personnes réellement intéressées.  📞 Afficher le numéro;;;;2026-09-25;4;0;Standard;0;5.0;5.099866427824199;25.0;32.6;0;Province;;;0;0;0;0;49174;0.3390816285028674;16674.0;0.11;0.11;1;Faible;0.0764;False
MERCEDES CLASSE CLA 250E;149000.0;https://www.autocentral.tn/#FACEBOOK-1083627257556487;autocentral.tn (facebook);2026-09-03;;Mercedes-Benz;Classe CLA;;;;;;;;Active;;;;;2026-09-03;26;1;Luxe;0;;;;;0;Province;;;0;0;0;0;225345;0.3387916306108411;76345.0;0.06;0.06;7;Moyenne;0.0764;False
Voiture à vendre;13000.0;https://www.tayara.tn/item/voitures/tunis/bellevue/voiture-vendre/6aafb41a92f69e6be247630c/;tayara.tn;2026-09-21;2026-09-20;Opel;Corsa;1996.0;316603.0;Manuelle;Essence;Tunis;;;;Femme met sa voiture en vente  Opel Corsa B swing 4 cylindres 4 cheveux  Année 1996 Faible kilométrage 316 603 km moteur en état impeccable  Pas de pourriture  Tole , chassis et toit en excellent état  Récemment voilée  Pneus avants neuf Pas de dépenses prévues  Papier en règle  Intérieur propre  13000 DT légèrement négociable Contact Afficher le numéro;;;;2026-09-20;9;0;Standard;0;30.0;12.665407060588024;900.0;10553.433333333332;1;Grand Tunis;;;0;0;0;0;19633;0.3378495390414098;6633.0;0.22;0.22;0;Faible;0.0764;False
Toyota Hilux Simple Cabine;148000.0;https://www.automobile.tn/fr/occasion/toyota/hilux-simple-cabine/129871;automobile.tn;2026-09-03;2026-09-02;Toyota;Hilux Simple Cabine;2023.0;44000.0;;Diesel;Ariana;11.0;;;2009 TOYOTA HILUX TÉLÉPHONE : 29 531 309 / 22 227 007 50 222 571 22/01/2009 TU 136 2.5 L DIESEL 10 CV 330 000 KM Échange possible Disponible à notre showroom CARHABTI 118 RUE IBN JAZZAR DERRIÈRE CARREFOUR marsa Tunis;Alarme anti-intrusion | Android Auto | Apple Carplay | Navigation | Caméra de recul;5.0;;2026-09-02;27;0;Standard;0;3.0;10.691967639914864;9.0;14666.666666666666;1;Grand Tunis;;;0;0;0;0;223371;0.337425180529254;75371.0;0.0;0.0;0;Faible;0.0764;False
Geely GC6 1.5 l 100 cv;33000.0;https://www.automobile.tn/fr/occasion/geely/gc-6/128943;automobile.tn;2026-08-05;2026-08-03;Geely;GC6;2021.0;65000.0;;Essence;Ben Arous;6.0;;;;;0.0;;2026-08-03;57;0;Standard;0;5.0;11.082157933374816;25.0;13000.0;1;Grand Tunis;100.0;1.5;0;0;0;0;49776;0.337029893924783;16776.0;0.0;0.0;0;Faible;0.0764;False
Volkswagen Polo 1.2 i 12V 64cv;15000.0;https://www.automobile.tn/fr/occasion/volkswagen/polo/129247;automobile.tn;2026-08-13;2026-08-12;Volkswagen;Polo;2009.0;400000.0;;Essence;Nabeul;4.0;;;- Première main. - Moteur Double Arbre à Cames (DOHC), reconnu pour sa fiabilité et ses performances. - Toutes les fonctions sont opérationnelles : aucun souci mécanique ou électrique. - Climatisation fonctionnelle, idéale pour un confort optimal toute l'année. - Véhicule soigneusement entretenu avec beaucoup d'attention. - Faible kilométrage. Moteur souple, puissant et économique. Conduite agréable, aussi bien en ville que sur route. Intérieur propre et bien conservé. Carrosserie en bon état. Consommation de carburant réduite. Idéale pour un usage quotidien ou comme première voiture. Mahdia;;0.0;;2026-08-12;48;0;Standard;0;17.0;12.899222326086994;289.0;23529.41176470588;0;Province;64.0;1.2;1;0;0;0;22589;0.3359599805214928;7589.0;0.53;0.53;4;Moyenne;0.0764;False
BYD Song 1.5T DCT 143 cv Boîte auto;69000.0;https://www.automobile.tn/fr/occasion/byd/song/130694;automobile.tn;2026-09-28;2026-09-27;Byd;Song;2022.0;105000.0;Automatique;Essence;Ariana;9.0;;;;Alarme anti-intrusion | Caméra de recul | Toit ouvrant | Accès sans clé;4.0;;2026-09-27;2;0;Standard;0;4.0;11.561725152903833;16.0;26250.0;1;Grand Tunis;143.0;;0;0;0;0;103906;0.3359382518815083;34906.0;0.0;0.0;0;Faible;0.0764;False
BYD King 1.5 L DM-i 187 cv Boîte auto;80000.0;https://www.automobile.tn/fr/occasion/byd/king/129065;automobile.tn;2026-08-07;2026-08-06;Byd;King;2025.0;19000.0;Automatique;Hybride rechargeable essence;Monastir;5.0;;;;Alarme anti-intrusion | Android Auto | Apple Carplay | Instrumentation numérique | Caméras 360 | Accès sans clé;6.0;;2026-08-06;54;0;Standard;1;1.0;9.852246888342531;1.0;19000.0;0;Province;187.0;1.5;0;0;0;0;120396;0.3355260972125319;40396.0;0.0;0.0;0;Faible;0.0764;False
VOLKSWAGEN TIGUAN;53000.0;https://www.autocentral.tn/#FACEBOOK-1110127748344895;autocentral.tn (facebook);2026-09-02;;Volkswagen;Tiguan;;;;;;;;Active;;;;;2026-09-02;27;0;Standard;0;;;;;0;Province;;;0;0;0;0;79686;0.3348894410561454;26686.0;0.34;0.34;42;Élevée;0.0764;False
MERCEDES CLASSE CLA 250E;150000.0;https://www.autocentral.tn/#FACEBOOK-1055177037068176;autocentral.tn (facebook);2026-08-06;;Mercedes-Benz;Classe CLA;;;;;;;;Active;;;;;2026-08-06;54;1;Luxe;0;;;;;0;Province;;;0;0;0;0;225345;0.3343539905478266;75345.0;0.06;0.06;7;Moyenne;0.0764;False
VOLKSWAGEN PASSAT B7;33000.0;https://www.autocentral.tn/#FACEBOOK-1509554261209181;autocentral.tn (facebook);2026-09-09;;Volkswagen;Passat;;;;;;;;Active;;;;;2026-09-09;20;0;Standard;0;;;;;0;Province;;;0;0;0;0;49570;0.3342747629614686;16570.0;0.25;0.25;31;Élevée;0.0764;False
VOLKSWAGEN PASSAT;33000.0;https://www.autocentral.tn/#FACEBOOK-1048115458230950;autocentral.tn (facebook);2026-09-26;;Volkswagen;Passat;;;;;;;;Active;;;;;2026-09-26;3;0;Standard;0;;;;;0;Province;;;0;0;0;0;49570;0.3342747629614686;16570.0;0.25;0.25;31;Élevée;0.0764;False
KIA PICANTO;24000.0;https://www.autocentral.tn/#FACEBOOK-1607344358057967;autocentral.tn (facebook);2026-08-07;;Kia;Picanto;;;;;;;;Active;;;;;2026-08-07;53;0;Standard;0;;;;;0;Province;;;0;0;0;0;36029;0.3338699381054151;12029.0;0.39;0.39;49;Élevée;0.0764;False
Audi A3 Sportback 1.9 TDi 105cv;23000.0;https://www.automobile.tn/fr/occasion/audi/a3-sportback/128951;automobile.tn;2026-08-05;2026-08-03;Audi;A3 Sportback;2004.0;500000.0;;Diesel;Ben Arous;6.0;;;Compacte, 5 cv, transmission Traction, Accoudoir avant, Autoradio, Autoradio CD, Autoradio CD/Mp3, Bluetooth, Vitres teintées, Volant/levier de vitesse en cuir, Volant multi-fonctions, 3 appuis têtes arrières, Volant réglable hauteur/profondeur Tunis;;0.0;;2026-08-03;57;1;Luxe;0;22.0;13.122365377402328;484.0;22727.272727272728;1;Grand Tunis;105.0;1.9;0;0;0;0;34512;0.3335651367640241;11512.0;0.11;0.11;0;Faible;0.0764;False
Clio phase 2;13500.0;https://www.tayara.tn/item/voitures/ben-arous/borj-cedria/clio-phase-2/6a7f7f9e303f47f0a02da2f3/;tayara.tn;2026-08-14;2026-08-14;Renault;Clio;2003.0;258000.0;Manuelle;Essence;Ben Arous;6.0;;;À vendre ou à échanger par voiture commerciale clio bombé phase 2;;;;2026-08-14;46;0;Standard;0;23.0;12.460718739865236;529.0;11217.391304347826;1;Grand Tunis;;;0;0;0;0;20257;0.3335637063731056;6757.0;0.63;0.63;5;Moyenne;0.0764;False
voiture kia;26000.0;https://www.tayara.tn/item/voitures/sfax/route-mehdia/voiture-kia/6ab3e6b526fc672960da1cba/;tayara.tn;2026-09-24;2026-09-23;Kia;Rio;2011.0;92000.0;Manuelle;Essence;Sfax;5.0;;;a vendre voiture KIA rio en bonne état première main mechia 92 000;;;;2026-09-23;6;0;Standard;0;15.0;11.429554725537322;225.0;6133.333333333333;0;Province;;;1;0;0;0;38804;0.329965982888362;12804.0;0.74;0.74;0;Faible;0.0764;False
Voiture Mitsubishi modèle L300;16000.0;https://www.tayara.tn/item/voitures/sfax/el-amra/voiture-mitsubishi-modle-l300/6a8d9501763dd571facb63e3/;tayara.tn;2026-08-25;2026-08-25;Mitsubishi;L300;2012.0;;Manuelle;Diesel;Sfax;;;;En bon état,   9 places   Disponible à EL Amra - Sfax   Contactez Afficher le numéro;;;;2026-08-25;35;0;Standard;0;14.0;;196.0;;0;Province;;;0;0;0;0;23824;0.328408327736736;7824.0;0.01;0.01;0;Faible;0.0764;False
MERCEDES BENZ CLA;72000.0;https://www.autocentral.tn/#FACEBOOK-1110062951684708;autocentral.tn (facebook);2026-09-02;;Mercedes-Benz;CLA;;;;;;;;Active;;;;;2026-09-02;27;1;Luxe;0;;;;;0;Province;;;0;0;0;0;107182;0.3282454143419604;35182.0;0.34;0.34;42;Élevée;0.0764;False
voiture Mégane 2 phase 2;23500.0;https://www.tayara.tn/item/voitures/tunis/el-ouardia/voiture-mgane-2-phase-2/6ab8291392f69e6be24bcc6f/;tayara.tn;2026-09-27;2026-09-26;Renault;Megane;2010.0;278000.0;Manuelle;Diesel;Tunis;5.0;;;🚗 للبيع: Renault Mégane 2 – 1.5 dCi 274000km Tel: Afficher le numéro 🔧 المواصفات:  🚗 À vendre : Renault Mégane 2 1.5 dCi  · Jantes aluminium · 4 pneus neufs marque Nexen date 2026 · Climatisation · Vitres teintées d'origine · Malle spacieuse · Alarme d'origine · Voiture très propre  · المحرك: 1.5 dCi · جنوط ألمنيوم (Jante aluminium) · 4 عجلات جديدة ماركة Nexen / Nexon تاريخ 2026 · مكيف يعمل · زجاج مدكن أصلي · صندوق خلفي واسع (Malle spacieuse) · إنذار أصلي · سيارة نظيفة جدًا الهاتف: Afficher le numéro;;;;2026-09-26;3;0;Standard;0;16.0;12.535379989788607;256.0;17375.0;1;Grand Tunis;;;0;0;0;0;34959;0.3277839755141737;11459.0;0.25;0.25;4;Moyenne;0.0764;False
Ford Fiesta Titanium 1.25 i 16V 82 cv;42000.0;https://www.automobile.tn/fr/occasion/ford/fiesta/129960;automobile.tn;2026-09-06;2026-09-05;Ford;Fiesta;2016.0;54630.0;;Essence;Tunis;5.0;;;Citadine, 5 cv, transmission Traction, Accoudoir avant, Autoradio, Autoradio CD, Autoradio CD/Mp3, Bluetooth, Connectivité Aux, usb, iPod, Vitres teintées, Volant/levier de vitesse en cuir, Volant multi-fonctions, 3 appuis têtes arrières, Volant réglable hauteur/profondeur Tunis;;0.0;;2026-09-05;24;0;Standard;0;10.0;10.908356766182871;100.0;5463.0;1;Grand Tunis;82.0;;0;0;0;0;62252;0.3253228811925721;20252.0;0.36;0.36;3;Moyenne;0.0764;False
Volkswagen Caddy Combi Confort 2.0 L TDI 110 cv;75000.0;https://www.automobile.tn/fr/occasion/volkswagen/caddy-combi/129949;automobile.tn;2026-09-05;2026-09-04;Volkswagen;Caddy Combi;2025.0;35400.0;;Diesel;Médenine;7.0;;;2024 Volkswagen Caddy 5places 1ére main 89 000 DT Négociable 27/02/2024 TU242 1.6L Essence 7 CV 54 000 KM Échange possible Disponible sur RDV à notre showroom TUNISIE AUTO PRIX Ezzahra Contactez : 25551771 / 24111140 / 98759655 Ben Arous;Palettes au volant;1.0;;2026-09-04;25;0;Standard;1;1.0;10.474495347310452;1.0;35400.0;0;Province;110.0;2.0;1;0;0;0;111108;0.3249810994707852;36108.0;0.0;0.0;0;Faible;0.0764;False
Citroën Nemo Business;23000.0;https://www.automobile.tn/fr/occasion/citroen/nemo/129264;automobile.tn;2026-08-14;2026-08-13;Citroën;Nemo;2017.0;173000.0;;Diesel;Ariana;5.0;;;Une belle occasion Première main en bonne état Ariana;;0.0;;2026-08-13;47;0;Standard;0;9.0;12.06105265381003;81.0;19222.222222222223;1;Grand Tunis;;;1;0;0;0;33884;0.3212135521189942;10884.0;0.06;0.06;1;Faible;0.0764;False
Audi A5 Coupé S-Line 2.0 TFSI 16V Multitronic 211 cv Boîte auto;41500.0;https://www.automobile.tn/fr/occasion/audi/a5-coupe/129916;automobile.tn;2026-09-04;2026-09-03;Audi;A5 Coupé;2012.0;229000.0;Automatique;Essence;Tunis;13.0;;;2011 AUDI A5 S-LINE TÉLÉPHONE : 29 531 309 / 22 227 007 02/07/2011 TU 152 2.0 L ESSENCE 10 CV 275 000 KM Échange possible Disponible SUR RENDEZ-VOUS à notre showroom CARHABTI 118 RUE IBN JAZZAR DERRIÈRE CARREFOUR Tunis;Alarme anti-intrusion | Sièges électriques;2.0;;2026-09-03;26;1;Luxe;0;14.0;12.34148164933907;196.0;16357.142857142857;1;Grand Tunis;211.0;2.0;0;0;0;0;61117;0.3209745242731155;19617.0;0.0;0.0;0;Faible;0.0764;False
407 à vendre;14000.0;https://www.tayara.tn/item/voitures/tunis/tunis/407-vendre/6a745167f1282c6658e4c86a/;tayara.tn;2026-08-07;2026-08-06;Peugeot;407;2006.0;;Automatique;Diesel;Tunis;6.0;;;Une voiture 407 à vendre, moteur récemment changé.  pas chère, chwaya masrouf ,tu peux la vendre à 22.000 facilement;;;;2026-08-06;54;0;Standard;0;20.0;;400.0;;1;Grand Tunis;;;0;0;0;0;20608;0.3206521739130434;6608.0;0.01;0.01;0;Faible;0.0764;False
Vente opel;12000.0;https://www.tayara.tn/item/voitures/bja/medjez-el-bab/vente-opel/6a8609d8374b022e6dcd3c66/;tayara.tn;2026-08-19;2026-08-19;Opel;Corsa;2005.0;370000.0;Manuelle;Essence;Béja;4.0;;;;;;;2026-08-19;41;0;Standard;0;21.0;12.821260987319455;441.0;17619.04761904762;0;Province;;;0;0;0;0;17656;0.3203443588581785;5656.0;0.22;0.22;0;Faible;0.0764;False
Toyota Aygo 2019 – 63 000 km – Très bon état;33000.0;https://www.tayara.tn/item/voitures/sousse/tunis/toyota-aygo-2019-63-000-km-trs-bon-tat/6a7db980303f47f0a02c91e0/;tayara.tn;2026-08-13;2026-08-13;Toyota;Aygo;2019.0;63000.0;Manuelle;Essence;Sousse;4.0;;;Toyota Aygo essence, année 2019, en très bon état général.  Seulement 63 000 km. Voiture propre, bien entretenue et très agréable à conduire.  Économique et fiable, idéale pour la ville grâce à sa faible consommation et à sa facilité de stationnement.  * Année : 2019 * Kilométrage : 63 000 km * Carburant : Essence * Boîte de vitesses : Manuelle * Puissance fiscale : 4 CV * Couleur : Noire  Véhicule disponible pour visite et essai.    Pour toute information complémentaire, merci de me contacter.;;;;2026-08-13;47;0;Standard;0;7.0;11.050905878263569;49.0;9000.0;0;Province;;;0;0;0;0;48300;0.3167701863354037;15300.0;0.02;0.02;1;Faible;0.0764;False
SKODA FABIA;37000.0;https://www.autocentral.tn/#FACEBOOK-1455876736441402;autocentral.tn (facebook);2026-09-24;;Škoda;Fabia;;;;;;;;Active;;;;;2026-09-24;5;0;Standard;0;;;;;0;Province;;;0;0;0;0;53952;0.3142052194543298;16952.0;0.11;0.11;14;Élevée;0.0764;False
BMW X2 PACK M;90000.0;https://www.autocentral.tn/#FACEBOOK-1109530215071315;autocentral.tn (facebook);2026-09-02;;Bmw;X2;;;;;;;;Active;;;;;2026-09-02;27;1;Luxe;0;;;;;0;Province;;;0;0;0;0;131069;0.3133387757593329;41069.0;0.03;0.03;4;Moyenne;0.0764;False
Fiat Fiorino 1.3 MJTD 16V Fourgon 75 cv;25000.0;https://www.automobile.tn/fr/occasion/fiat/fiorino/129660;automobile.tn;2026-08-27;2026-08-26;Fiat;Fiorino;2021.0;148000.0;;Diesel;Kasserine;5.0;;;À vendre Fiat Fiorino en état impeccable, intérieur comme extérieur. Usage : Utilisée exclusivement à des fins personnelles (jamais de transport commercial ni d'activité de société). Très bien entretenue. Carnet d'entretien disponible. Tunis;;0.0;;2026-08-26;34;0;Standard;0;5.0;11.90497430948018;25.0;29600.0;0;Province;75.0;1.3;0;0;0;0;36335;0.311958167056557;11335.0;0.21;0.21;6;Moyenne;0.0764;False
Porsche Macan S 3.0 V6 24V AWD PDK 340 cv Boîte auto;121000.0;https://www.automobile.tn/fr/occasion/porsche/macan/129474;automobile.tn;2026-08-19;2026-08-19;Porsche;Macan;2015.0;129000.0;Automatique;Essence;Tunis;23.0;;;Voiture considéré neuve vue qu'elle a très peu roulé. Sousse;Caméra de recul;1.0;;2026-08-19;41;1;Luxe;0;11.0;11.767575435251748;121.0;11727.272727272728;1;Grand Tunis;340.0;3.0;0;0;0;0;175782;0.3116473814156171;54782.0;0.02;0.02;0;Faible;0.0764;False
Mercedes-Benz GLC Coupé 300 e 2.0 i 16V 320 EQ Power 4MATIC 9G-TRONIC 211 cv Boîte auto;151000.0;https://www.automobile.tn/fr/occasion/mercedes-benz/glc-coupe/130234;automobile.tn;2026-09-14;2026-09-14;Mercedes-Benz;GLC Coupé;2021.0;72000.0;Automatique;Hybride rechargeable essence;Médenine;12.0;;;;Alarme anti-intrusion | Affichage tête haute | Android Auto | Apple Carplay | Palettes au volant | Sièges chauffants | Sièges massants | Sièges ventilés | Sièges électriques | Caméra de recul | Caméras 360 | Coffre électrique | Accès sans clé | Conduite semi-autonome | Suspension pneumatique;15.0;;2026-09-14;15;1;Luxe;0;5.0;11.184435286790633;25.0;14400.0;0;Province;211.0;2.0;0;0;0;0;219251;0.3112916246676184;68251.0;0.12;0.12;3;Moyenne;0.0764;False
Peugeot  106;7000.0;https://www.tayara.tn/item/voitures/tunis/tunis/peugeot-106/6aa7bf18648d164e8b8a3be7/;tayara.tn;2026-09-15;2026-09-14;Peugeot;106;1995.0;1995.0;Automatique;Essence;Tunis;4.0;;;* voiture propre  boîte vitesse manuelle  *fiha vesite technique  w taxe khalsin  * poinsionner  *viter électrique et fermeture central;;;;2026-09-14;15;0;Standard;0;31.0;7.59890045687141;961.0;64.35483870967742;1;Grand Tunis;;;0;0;0;0;10156;0.3107522646711304;3156.0;0.07;0.07;0;Faible;0.0764;False
Renault Kwid 2023 Populaire N tel 94991372 (Première main , faible kilométrage 67000 km);32000.0;https://www.tayara.tn/item/voitures/ariana/el-menzah-6/renault-kwid-2023-populaire-n-tel-94991372-premire-main-faible-kilomtrage-67000-km/6a750c7cf1282c6658e55b03/;tayara.tn;2026-08-07;2026-08-06;Renault;Twingo;2023.0;70000.0;Manuelle;Essence;Ariana;4.0;;;Année : 2023  Kilométrage : 67 000 km  Prix : 32000DT  État : Voiture propre  Contact : Afficher le numéro;;;;2026-08-06;54;0;Standard;0;3.0;11.156264806643742;9.0;23333.33333333333;1;Grand Tunis;;;0;0;0;0;46348;0.309571071027876;14348.0;0.06;0.06;0;Faible;0.0764;False
Vente kia rio;28000.0;https://www.tayara.tn/item/voitures/bizerte/bizerte/vente-kia-rio/6a75b98a6ef0e97a6c188fd4/;tayara.tn;2026-08-07;2026-08-07;Kia;Rio;2014.0;225.0;;;Bizerte;5.0;;;vente flash voiture marque kia rio bien entretenu et en bonne état 28000 Dt seulement -!!!!  ب 2800 دينارا فقط   Kia Rio  فرصة بيع كرهبة  للجادين الإتصال على الرقم Afficher le numéro;;;;2026-08-07;53;0;Standard;0;12.0;5.420534999272286;144.0;18.75;0;Province;;;0;0;0;0;40498;0.3086078324855548;12498.0;0.74;0.74;1;Faible;0.0764;False
KIA Rio Berline 1.4 i-CVVT 16V 100 cv Boîte auto;49000.0;https://www.automobile.tn/fr/occasion/kia/rio/129779;automobile.tn;2026-09-01;2026-08-31;Kia;Rio Berline;2021.0;110000.0;Automatique;Essence;Ben Arous;6.0;;;"Voiture neuve 29/12/2021 , 1.4L 06CV Essence, 4 cylindres Boîte 6 Manuelle 86.000 K Volant multifonctions Climatisation Caméra de recul Feux du jour LED 4 vitres électriques Rétroviseurs électriques rabattables Bluetooth média/téléphone Jantes aluminium :"""" Disponible à SIDI BOUZID centre ville Sidi Bouzid";Android Auto | Apple Carplay | Caméra de recul;3.0;;2026-08-31;29;0;Standard;0;5.0;11.60824473564232;25.0;22000.0;1;Grand Tunis;100.0;1.4;0;0;0;0;70835;0.3082515705512811;21835.0;0.09;0.09;1;Faible;0.0764;False
BMW Série 3 coupé Confort TV 316i 1.6 i 16V 122 cv;43000.0;https://www.automobile.tn/fr/occasion/bmw/serie-3-coupe/129288;automobile.tn;2026-08-14;2026-08-14;Bmw;Série 3 coupé;2011.0;120000.0;;Essence;Kairouan;7.0;;;Coupé, 7 cv, transmission Propulsion, Accoudoir avant, Accoudoir arrière, Autoradio CD/Mp3, Navigation, Sièges réglables en hauteur, Volant/levier de vitesse en cuir, Volant multi-fonctions, 3 appuis têtes arrières, Volant réglable hauteur/profondeur, Instrumentation numérique Tunis;Alarme anti-intrusion | Android Auto | Apple Carplay | Instrumentation numérique | Navigation | Caméra de recul | Coffre électrique | Toit ouvrant | Toit panoramique;9.0;;2026-08-14;46;1;Luxe;0;15.0;11.695255355062796;225.0;8000.0;0;Province;122.0;1.6;0;0;0;0;62157;0.308203420370996;19157.0;0.02;0.02;1;Faible;0.0764;False
VOLKSWAGEN PASSAT;31500.0;https://www.autocentral.tn/#FACEBOOK-1131112299579773;autocentral.tn (facebook);2026-09-26;;Volkswagen;Passat;;;;;;;;Active;;;;;2026-09-26;3;0;Standard;0;;;;;0;Province;;;0;0;0;0;45533;0.3081940570575187;14033.0;0.25;0.25;31;Élevée;0.0764;False
Nissan Micra Acenta 1.2 i 12V 80 cv;23000.0;https://www.automobile.tn/fr/occasion/nissan/micra/129805;automobile.tn;2026-09-01;2026-08-31;Nissan;Micra;2016.0;200000.0;;Essence;Tunis;5.0;;;;;0.0;;2026-08-31;29;0;Standard;0;10.0;12.206077645517674;100.0;20000.0;1;Grand Tunis;80.0;1.2;0;0;0;0;33209;0.3074166641573067;10209.0;0.18;0.18;0;Faible;0.0764;False
Mercedes-Benz Classe E 200 Kompressor 1.8 i 16V 163 cv Boîte auto;26000.0;https://www.automobile.tn/fr/occasion/mercedes-benz/classe-e/129933;automobile.tn;2026-09-05;2026-09-04;Mercedes-Benz;Classe E;2005.0;330000.0;Automatique;Essence;Nabeul;10.0;;;À vendre / Échange Variateur et kit chaîne récemment remplacés, avec des pièces d’origine Mercedes. Le système de suspension avant est à prévoir. À part cela, la voiture est en bon état général et fonctionne correctement. Possibilité d’échange avec : Polo 7 + complément de différence Golf 7 Seat Leon Hyundai i20 Skoda Audi A3 Ariana;;0.0;;2026-09-04;25;1;Luxe;0;21.0;12.706850963741102;441.0;15714.285714285714;0;Province;163.0;1.8;0;0;0;0;37478;0.3062596723411068;11478.0;0.34;0.34;1;Faible;0.0764;False
Nissan Navara;22500.0;https://www.automobile.tn/fr/occasion/nissan/navara/129387;automobile.tn;2026-08-17;2026-08-17;Nissan;Navara;2001.0;;;Diesel;Tunis;10.0;;;Changement du moteur jdide zéro défauts La Manouba;;0.0;;2026-08-17;43;0;Standard;0;25.0;;625.0;;1;Grand Tunis;;;0;0;0;0;32421;0.3060053668918294;9921.0;0.02;0.02;0;Faible;0.0764;False
Audi Q2 S-Line 35 TFSI S-tronic 150 cv Boîte auto;98000.0;https://www.automobile.tn/fr/occasion/audi/q2/130354;automobile.tn;2026-09-18;2026-09-18;Audi;Q2;2021.0;27100.0;Automatique;Essence;Tunis;8.0;;;SUV, 6 cv, transmission Traction, Accoudoir avant, Accoudoir arrière, Affichage tête haute, Autoradio, Autoradio CD, Autoradio CD/Mp3, Android Auto, Bluetooth, Chargeur CD, Connectivité Aux, usb, iPod, Navigation, Palettes au volant, Sièges électriques, Volant/levier de vitesse en cuir, Volant multi-fonctions, 3 appuis têtes arrières, Volant réglable hauteur/profondeur, Instrumentation numérique Sfax;Android Auto | Apple Carplay | Instrumentation numérique | Navigation | Palettes au volant | Sièges ventilés | Caméra de recul | Coffre électrique | Toit ouvrant | Toit panoramique | Accès sans clé | Conduite semi-autonome | Suspension pneumatique;13.0;;2026-09-18;11;1;Luxe;0;5.0;10.207325906555994;25.0;5420.0;1;Grand Tunis;150.0;;0;0;0;0;141111;0.3055112641820978;43111.0;0.02;0.02;0;Faible;0.0764;False
Audi A4 Ambition Luxe Plus 2.0 TFSi 200cv Tiptronic Boîte auto;28000.0;https://www.automobile.tn/fr/occasion/audi/a4/129251;automobile.tn;2026-08-14;2026-08-13;Audi;A4;2007.0;163000.0;Automatique;Essence;Ariana;13.0;;;À vendre – Audi A4 B8 2.0 TDI 143 ch (8 CV) Première main Caractéristiques : Moteur 2.0 TDI – 143 ch (8 CV) Modèle 2012 Boîte manuelle 6 vitesses 269 000 km Immatriculation 258 Tunisie (ex RS) Carnet d'entretien disponible Bizerte;Alarme anti-intrusion | Palettes au volant | Sièges massants | Sièges électriques | Coffre électrique | Toit ouvrant | Toit panoramique;7.0;;2026-08-13;47;1;Luxe;0;19.0;12.001511614739403;361.0;8578.947368421053;1;Grand Tunis;200.0;2.0;1;0;0;0;40279;0.3048486804538345;12279.0;0.26;0.26;0;Faible;0.0764;False
Volkswagen Caddy 1.6 TDI 16V 102 cv;33000.0;https://www.automobile.tn/fr/occasion/volkswagen/caddy/130172;automobile.tn;2026-09-13;2026-09-12;Volkswagen;Caddy;2018.0;340000.0;;Diesel;Tunis;5.0;;;VOIR FICHE DETAILLEE 10ème photo : VW CADDY DYNAMIC (finition après le caddy prestige : EDITION LIMITEE) 2.0TDI 110 CH DIN 6 CH FISC Voiture état neuf 1ère main à usage personnel et non pas professionnel : <<<<<ouvert pour tout diagnostic achat>>>>> La Manouba;;0.0;;2026-09-12;17;0;Standard;0;8.0;12.73670383776449;64.0;42500.0;1;Grand Tunis;102.0;1.6;1;0;0;0;47462;0.3047069234334836;14462.0;0.2;0.2;0;Faible;0.0764;False
Hyundai Grand i10 Sedan 1.2 L 87 cv;30500.0;https://www.automobile.tn/fr/occasion/hyundai/grand-i10-sedan/130362;automobile.tn;2026-09-18;2026-09-17;Hyundai;Grand i10 Sedan;2020.0;91256.0;;Essence;Kasserine;5.0;;;Voiture personnelle 1 er main acheter de la maison hyundai directement Bien entretenu et moteur et carosserie impeccable très bon état Prix négociable suivant la raison Tunis;Alarme anti-intrusion | Navigation;2.0;;2026-09-17;12;0;Standard;0;6.0;11.421434980831265;36.0;15209.333333333334;0;Province;87.0;1.2;1;0;0;0;43838;0.3042565810484055;13338.0;0.06;0.06;1;Faible;0.0764;False
Golf 7;42000.0;https://www.tayara.tn/item/voitures/zaghouan/zaghouan/golf-7/6ab3ce4626fc672960da004a/;tayara.tn;2026-09-24;2026-09-23;Volkswagen;Golf;2019.0;193950.0;Manuelle;Essence;Zaghouan;10.0;;;Volkswagen GOLF  7  1.8 l importé kilométrage 193950 km . Voiture en très bon état avec toute options.  Contact : Afficher le numéro  OPTIONS ET ÉQUIPEMENTS :  - Accoudoir central AR - Accoudoir central AV - contrôle système multimédia Ecran tactile - Airbag  - ESP - Roue de secours - ABS - Prise 12V coffre -4 Vitre électriques;Accueil | voitureszaghouanzaghouangolf-7 | Voitures | Zaghouan | Golf 7 | Entregitrer | Signaler | Couleur du véhiculeBlanc | Etat du véhiculeAvec kilométrage | BoiteManuelle | Cylindrée1.8L | MarqueVolkswagen | ModèleGolf | Puissance fiscale10 | Type de carrosserieCompacte | CarburantEssence | Année2019 | Kilométrage193950 | 36500DTnimo | 50000DTPeugeot travaller | Contactez-nous | Professionnels | Conditions d'utilisation | Politiques relatives aux cookies | Publier une annonce | Visiter une boutique | Filtres avancés | Rechercher sur tayara | Offres et services | Bons plans | +216 95 256 096 | motos | voitures | équipement-garage | remorques-et-caravanes | engins-agricoles | autres-véhicules | engins-btp | bateaux | pièces-et-accessoires-pour-véhicules | camions | jardins-et-outils-de-bricolage | electroménagers-et-vaisselles | meubles-et-décoration | demandes-d'emploi | cours-et-formations | offres-d'emploi | services | colocations | maisons-et-villas | magasins,-commerces-et-locaux-industriels | locations-de-vacances | appartements | bureaux-et-plateaux | autres-immobiliers | terrains-et-fermes | immobilier-neuf | matériels-professionnels | matériels-médicaux | business-et-affaires-commerciales | stocks-et-vente-en-gros | equipements-pour-enfant-et-bébé | montres-et-bijoux | produits-de-beauté | vêtements | sacs-et-accessoires | chaussures | vêtements-pour-enfant-et-bébé | image-&-son | ordinateurs | montres-connectées | appareils-photo-et-caméras | télévisions | téléphones | accessoires-informatiques-et-gadgets | jeux-vidéo-et-consoles | tablettes | trottinette-électrique | sports-et-loisirs | arts-et-collections | animaux | films,-livres,-magazines | vélos | instruments-de-musique | voyages-et-billetteries | autres-;86.0;;2026-09-23;6;0;Standard;0;7.0;12.175360828822852;49.0;27707.14285714286;0;Province;;;0;0;1;0;60311;0.3036096234517749;18311.0;0.3;0.3;1;Faible;0.0764;False
Volkswagen Golf 7 Access;24000.0;https://www.automobile.tn/fr/occasion/volkswagen/golf-7/129246;automobile.tn;2026-08-13;2026-08-12;Volkswagen;Golf 7;2010.0;400000.0;;Essence;Tunis;5.0;;;Une alléchante belle occasion à ne pas rater, et à saisir rapidement Tunis;Alarme anti-intrusion;1.0;;2026-08-12;48;0;Standard;0;16.0;12.899222326086994;256.0;25000.0;1;Grand Tunis;;;0;0;0;0;34417;0.3026701920562513;10417.0;0.54;0.54;0;Faible;0.0764;False
KIA RIO;29000.0;https://www.autocentral.tn/#FACEBOOK-1455730963122646;autocentral.tn (facebook);2026-09-23;;Kia;Rio;;;;;;;;Active;;;;;2026-09-23;6;0;Standard;0;;;;;0;Province;;;0;0;0;0;41572;0.3024150870778408;12572.0;0.74;0.74;92;Élevée;0.0764;False
À vendre voiture;38500.0;https://www.tayara.tn/item/voitures/nabeul/hammamet/-vendre-voiture/6ab12ee492f69e6be248274a/;tayara.tn;2026-09-22;2026-09-21;Citroën;C3;2024.0;21000.0;Manuelle;Essence;Nabeul;;;;Description Je mets en vente ma Citroën C3 Populaire (Finition YOU),état impeccable, comme sortie de maison! ! Transférable officiellement à partir de décembre  2026 (Fin du délai légal d'incessibilité de 2 ans). Détails du véhicule: Mise en circulation: 31/12/2024(1ère main) Kilométrage: 21000 km (Très faible kilométrage) Moteur: 1.2L PureTech Essence (Très économique,4 CV) Couleur: gris  Entretien: Carnet d'entretien à jour, zéro dépense à prévoir. Équipements & Options: - Reconnaissance des panneaux de signalisation (Limites de vitesse au tableau de bord) - Feux avant LED + Feux du jour LED - Régulateur et limiteur de vitesse - Alerte de franchissement de ligne + Détecteur de fatigue - Climatisation - Volant multifonction réglable (hauteur/profondeur) - Bluetooth / Prise USB / Support Smartphone - Vitres électriques avant, fermeture centralisée à distance - Rétroviseurs électriques et dégivrants - Système de sécurité complet (ABS, ESP, 6 Airbags, Aide au démarrag;Accueil | voituresnabeulhammamet-vendre-voiture | Voitures | Nabeul | Hammamet | vendre voiture | Entregitrer | Signaler | Kilométrage21000 | Couleur du véhiculeGris | Etat du véhiculeNouveau | BoiteManuelle | Année2024 | Cylindrée1.2L | MarqueCitroen | ModèleC3 | CarburantEssence | Type de carrosserieCompacte | 30900DTvoiture e' bon état | 43000DTChery Tiggo 3x | 40000DTgrande i10 premier main | 34000DTCitroën a vendre | 39000DTkia rio 2016 full options | 34500DTGOLF 6 TDI 1.6 EN TRÈS BON ETAT | 35000DTLand rover | 34000DTFord focus titanium 2015 | 35000DTNissan Qashqai | 41000DTMazda 3 | 31000DTFiat fiorino Nabeul | 34000DTBMW SERIE 3 A VENDRE | 32500DTFiat Doblo maxi | 31500DT bonne occasion  Peugeot 208  ##99958728## | 36500DTHyundai i20 | 33500DTA vendre golf 6 en bon état | 35000DTGreat wall M4 a ne pas rater | 38500DTDS3 2014 – 71 000 km – Très bon état – Aucun frais à prévoir | 32000DTGrand I10 Sedan 2021 Sous leasing | 42000DTà vendre kia picanto boîte automatique | 33500DTAV RENAULT KWID | 33000DT🔥 À VENDRE – RENAULT CLIO 4 0.9 TCe TURBO – 2019 | 31500DTAV Peugeot 208 ##99958728## | 34999DTOccasion à saisir | 45000DTOpel Corsa | 39500DTMercedes  C180 kompressor | Contactez-nous | Professionnels | Conditions d'utilisation | Politiques relatives aux cookies | Publier une annonce | Visiter une boutique | Filtres avancés | Rechercher sur tayara | Offres et services | Bons plans | +216 95 256 096 | motos | voitures | équipement-garage | remorques-et-caravanes | engins-agricoles | autres-véhicules | engins-btp | bateaux | pièces-et-accessoires-pour-véhicules | camions | jardins-et-outils-de-bricolage | electroménagers-et-vaisselles | meubles-et-décoration | demandes-d'emploi | cours-et-formations | offres-d'emploi | services | colocations | maisons-et-villas | magasins,-commerces-et-locaux-industriels | locations-de-vacances;76.0;;2026-09-21;8;0;Standard;0;2.0;9.952325334619427;4.0;10500.0;0;Province;;;1;0;0;0;55107;0.3013591739706389;16607.0;0.36;0.36;3;Moyenne;0.0764;False
Mercedes Benz W211 E200 Kompressor - Année 2003 - Boite Manuelle - Essence - trés bon état;38000.0;https://www.tayara.tn/item/voitures/jendouba/bou-salem/mercedes-benz-w211-e200-kompressor-anne-2003-boite-manuelle-essence-trs-bon-tat/6a8b2f82763dd571faca5a55/;tayara.tn;2026-08-23;2026-08-23;Mercedes-Benz;Classe E;2003.0;236000.0;Manuelle;Essence;Jendouba;10.0;;;Mercedes E200 Kompressor W211, 10cv essence boite manuelle  Modèle : 2003  Faible kilometrage par rapport à l’âge du voiture : 236 000 KM Moteur mécanique en très bon état avec un entretien régulier chez Bosch  Régulateur de vitesse, limiteur de vitesse, ordinateur de bord, Climatronic bizone, sièges avant réglables éléctriquement, vitres éléctriques avant/arrières, retroviseurs éléctriques rabattables, Jantes allu  Sécurité : ABS+ESP, Airbag avant/latéraux/rideaux, fermeture centralisée à distance, alarme antivol  Prix : 38 000dt légèrement négociable !  Num : Afficher le numéro;;;;2026-08-23;37;1;Luxe;0;23.0;12.371591321286903;529.0;10260.869565217392;0;Province;;;0;0;0;0;54379;0.3012008312032218;16379.0;0.34;0.34;0;Faible;0.0764;False
BMW Série 7 Pure Excellence 740i 4.0 i V8 306cv Boîte auto;49000.0;https://www.automobile.tn/fr/occasion/bmw/serie-7/130564;automobile.tn;2026-09-24;2026-09-23;Bmw;Série 7;2008.0;240000.0;Automatique;Essence;Tunis;22.0;;;BMW 730Li Pure Excellence Modèle 2022 Moteur 2.0 Turbo B48B20 Essence 16CV Pack Pure Excellence BMW Laser Lights / Full LED Caméra 360° Intérieur cuir cognac premium Toit ouvrant panoramique Grand écran / Virtual Cockpit Harman Kardon / Ambiance lumineuse Sièges électriques à mémoire avant et arrière Sièges arrière massants Jantes 20 BMW d’origine Floating Head Caps Capteurs avant arrière Coffre électrique Très propre intérieur extérieur Entretien suivi Papier en règle 111.000 km Confort exceptionnel, finition Pure Excellence haut de gamme et présence incroyable sur route. Karhba luxe barcha, ndhifaaa men dekhel w barra, conduite royale WhatsApp : 28 444 220 Num : 28 444 220 Ariana;Alarme anti-intrusion | Instrumentation numérique | Navigation | Palettes au volant | Sièges chauffants | Sièges massants | Sièges ventilés | Sièges électriques | Caméra de recul | Caméras 360 | Coffre électrique | Toit ouvrant | Toit panoramique | Accès sans clé | Conduite semi-autonome;15.0;;2026-09-23;6;1;Luxe;0;18.0;12.388398368982116;324.0;13333.333333333334;1;Grand Tunis;306.0;4.0;0;0;0;0;69954;0.2995396975155102;20954.0;0.0;0.0;0;Faible;0.0764;False
Mahindra kuv100;20000.0;https://www.tayara.tn/item/voitures/sfax/sfax/mahindra-kuv100/6ab2f88226fc672960d9b6d2/;tayara.tn;2026-09-23;2026-09-22;Mahindra;Hover;2022.0;140000.0;Manuelle;Essence;Sfax;5.0;;;Voiture sous leasing reste 30 mois 554 prix 20000 ou 30000 paiment directe;;;;2026-09-22;7;0;Standard;0;4.0;11.849404844423074;16.0;35000.0;0;Province;;;0;0;0;0;28501;0.2982702361320655;8501.0;0.1;0.1;0;Faible;0.0764;False
Peugeot 106;13000.0;https://www.tayara.tn/item/voitures/mdenine/boughrara/peugeot-106/6ab39edd7140a566ddf6ceff/;tayara.tn;2026-09-24;2026-09-23;Peugeot;106;1999.0;;Manuelle;Essence;Médenine;4.0;;;Je mets en vente mon voiture Peugeot 106 model 1999 moteur mbadel jdid 4 chv essence a vendre ou échange b berlingo walla partner wenzid flous Pour plus d'informations appeler ou envoyer msg sur Afficher le numéro;;;;2026-09-23;6;0;Standard;0;27.0;;729.0;;0;Province;;;0;0;0;0;18499;0.2972593113141251;5499.0;0.07;0.07;6;Moyenne;0.0764;False
BMW SERIE 4 GRAN COUPÉ 420I;89000.0;https://www.autocentral.tn/#FACEBOOK-1391274206460028;autocentral.tn (facebook);2026-09-08;;Bmw;Série 4;;;;;;;;Active;;;;;2026-09-08;21;1;Luxe;0;;;;;0;Province;;;0;0;0;0;126359;0.2956576104590888;37359.0;0.01;0.01;1;Faible;0.0764;False
MG HS Trophy 2.0 220 cv Boîte auto;72000.0;https://www.automobile.tn/fr/occasion/mg/hs/128914;automobile.tn;2026-08-05;2026-08-02;Mg;HS;2021.0;52000.0;Automatique;Essence;Tunis;15.0;;;MG MG HS occasion à vendre tunisie Ariana;Apple Carplay | Sièges chauffants | Sièges électriques | Caméra de recul | Coffre électrique | Toit panoramique | Accès sans clé;7.0;;2026-08-02;58;0;Standard;0;5.0;10.859018228147889;25.0;10400.0;1;Grand Tunis;220.0;2.0;0;0;0;0;101980;0.2939792116101196;29980.0;0.1;0.1;3;Moyenne;0.0764;False
FIAT FIORINO;26000.0;https://www.autocentral.tn/#FACEBOOK-1487624363396570;autocentral.tn (facebook);2026-09-11;;Fiat;Fiorino;;;;;;;;Active;;;;;2026-09-11;18;0;Standard;0;;;;;0;Province;;;0;0;0;0;36796;0.2934014566800739;10796.0;0.21;0.21;26;Élevée;0.0764;False
Dacia Dokker Van Lux Tolée Plus 1.5 Lux 84 cv;36500.0;https://www.automobile.tn/fr/occasion/dacia/dokker-van/130128;automobile.tn;2026-09-11;2026-09-10;Dacia;Dokker Van;2021.0;89000.0;;Diesel;Ariana;6.0;;;2020 Dacia Dokker 32 000 DT Négociable 02/09/2020 TU217 1.5L Diesel 5 CV 199 000 KM Échange possible Disponible sur RDV à notre showroom TUNISIE AUTO PRIX Ezzahra Contactez : 25551771 / 98759655 / 24111140 Ben Arous;;0.0;;2026-09-10;19;0;Standard;0;5.0;11.39640288460621;25.0;17800.0;1;Grand Tunis;84.0;1.5;0;0;0;0;51623;0.2929508164965229;15123.0;0.03;0.03;0;Faible;0.0764;False
Ford Focus sedan Trend Sport 1.0 SCTi 12V EcoBoost 125 cv Boîte auto;39000.0;https://www.automobile.tn/fr/occasion/ford/focus-berline/130486;automobile.tn;2026-09-22;2026-09-21;Ford;Focus sedan;2018.0;141000.0;Automatique;Essence;La Manouba;7.0;;;Entretien régulier à la maison et factures à l'appui. Sfax;Alarme anti-intrusion | Sièges chauffants | Caméra de recul | Coffre électrique;4.0;;2026-09-21;8;0;Standard;0;8.0;11.856522261533735;64.0;17625.0;0;Province;125.0;1.0;0;0;0;0;55148;0.2928120693406832;16148.0;0.04;0.04;3;Moyenne;0.0764;False
BMW Série 1 Business Line 118i 1.6 i 16V 136 cv;49000.0;https://www.automobile.tn/fr/occasion/bmw/serie-1-5p/130297;automobile.tn;2026-09-16;2026-09-15;Bmw;Série 1;2017.0;165000.0;;Essence;Ariana;7.0;;;;Alarme anti-intrusion | Affichage tête haute | Android Auto | Apple Carplay | Instrumentation numérique | Caméra de recul | Caméras 360 | Coffre électrique | Accès sans clé | Conduite semi-autonome;10.0;;2026-09-15;14;1;Luxe;0;9.0;12.013706813470414;81.0;18333.33333333333;1;Grand Tunis;136.0;1.6;0;0;0;0;69260;0.2925209356049668;20260.0;0.09;0.09;3;Moyenne;0.0764;False
KIA Sportage SX 1.6 CRDi 136ch MHEV 4x2 DCT7;78000.0;https://www.automobile.tn/fr/occasion/kia/sportage/130562;automobile.tn;2026-09-24;2026-09-23;Kia;Sportage;2021.0;86000.0;;Hybride léger diesel;Ben Arous;7.0;;;SUV, 7 cv, transmission Traction Ariana;;0.0;;2026-09-23;6;0;Standard;0;5.0;11.362114203075018;25.0;17200.0;1;Grand Tunis;;1.6;0;0;0;0;110181;0.2920739510441909;32181.0;0.62;0.62;1;Faible;0.0764;False
Citroën C-Elysée Seduction 1.2 VTi 12V 72 cv;20500.0;https://www.automobile.tn/fr/occasion/citroen/c-elysee/130086;automobile.tn;2026-09-10;2026-09-09;Citroën;C-Elysée;2015.0;177000.0;;Essence;Ariana;5.0;;;Berline, 5 cv, transmission Traction, Accoudoir avant, Autoradio, Autoradio CD, Autoradio CD/Mp3, Bluetooth, Connectivité Aux, usb, iPod, 3 appuis têtes arrières, Volant réglable hauteur/profondeur Sfax;;0.0;;2026-09-09;20;0;Standard;0;11.0;12.08391066125752;121.0;16090.90909090909;1;Grand Tunis;72.0;1.2;0;0;0;0;28926;0.2912950286939086;8426.0;0.06;0.06;3;Moyenne;0.0764;False
opel insignia2013 à  vendre  liquidation;15000.0;https://www.tayara.tn/item/voitures/nabeul/bni-khalled/opel-insignia2013-vendre-liquidation/6a7d01e79b2a9eb2caa19c8e/;tayara.tn;2026-08-12;2026-08-12;Opel;Insignia;;;;;Nabeul;;;;;;;;2026-08-12;48;0;Standard;0;;;;;0;Province;;;0;0;0;0;21162;0.2911823079104054;6162.0;0.03;0.03;4;Moyenne;0.0764;False
voiture hyndai Grand i 10;23000.0;https://www.tayara.tn/item/voitures/mdenine/mdenine-sud/voiture-hyndai-grand-i-10/6a76ff256ef0e97a6c193998/;tayara.tn;2026-08-08;2026-08-08;Hyundai;i10;2017.0;158.0;Manuelle;Essence;Médenine;5.0;;;prix 23000dt bon etat tele: Afficher le numéroou Afficher le numéro;;;;2026-08-08;52;0;Standard;0;9.0;5.068904202220232;81.0;17.555555555555557;0;Province;;;0;0;0;0;32411;0.2903643824627441;9411.0;0.19;0.19;2;Faible;0.0764;False
Renault express;40000.0;https://www.tayara.tn/item/voitures/nabeul/nabeul/renault-express/6a72f0386ef0e97a6c16cb7d/;tayara.tn;2026-08-06;2026-08-05;Renault;Express;2022.0;127000.0;Manuelle;Diesel;Nabeul;6.0;;;Voiture sous leasing;;;;2026-08-05;55;0;Standard;0;4.0;11.751950239425476;16.0;31750.0;0;Province;;;0;0;0;0;56352;0.2901760363429869;16352.0;0.02;0.02;1;Faible;0.0764;False
KIA Sportage 2.0 CRDi 16V 4x4 112 cv;28500.0;https://www.automobile.tn/fr/occasion/kia/sportage/129627;automobile.tn;2026-08-25;2026-08-25;Kia;Sportage;2007.0;283000.0;;Diesel;Ariana;9.0;;;Kia sportage diesel 2.0l 10ch 4×4 boite manuelle 6 vitesses entretien complet Zaghouan;Android Auto;1.0;;2026-08-25;35;0;Standard;0;19.0;12.553205710188037;361.0;14894.736842105263;1;Grand Tunis;112.0;2.0;0;0;0;0;40149;0.2901442128072928;11649.0;0.62;0.62;1;Faible;0.0764;False
Vendre voiture;15000.0;https://www.tayara.tn/item/voitures/tunis/monfleury/vendre-voiture/6a95222033f4b02206bd3e72/;tayara.tn;2026-09-01;2026-08-31;Volkswagen;;2007.0;700.0;Manuelle;Diesel;Tunis;4.0;;;;;;;2026-08-31;29;0;Standard;0;19.0;6.55250788703459;361.0;36.8421052631579;1;Grand Tunis;;;0;0;0;0;21124;0.2899072145427002;6124.0;;;0;Faible;0.0764;False
HYUNDAI ACCENT;48000.0;https://www.autocentral.tn/#FACEBOOK-1508520691312538;autocentral.tn (facebook);2026-09-08;;Hyundai;Accent;;;;;;;;Active;;;;;2026-09-08;21;0;Standard;0;;;;;0;Province;;;0;0;0;0;67581;0.2897411994495494;19581.0;0.01;0.01;1;Faible;0.0764;False
VOLKSWAGEN GOLF 6;31000.0;https://www.autocentral.tn/#FACEBOOK-1498030505694890;autocentral.tn (facebook);2026-08-28;;Volkswagen;Golf 6;;;;;;;;Active;;;;;2026-08-28;32;0;Standard;0;;;;;0;Province;;;0;0;0;0;43621;0.2893331193691112;12621.0;0.1;0.1;12;Élevée;0.0764;False
KIA Sportage Black Edition;110000.0;https://www.automobile.tn/fr/occasion/kia/sportage/130542;automobile.tn;2026-09-23;2026-09-23;Kia;Sportage;2025.0;24500.0;;Hybride essence;Bizerte;10.0;;;Tres Bon etat legerement negociable Ariana;Alarme anti-intrusion | Android Auto | Apple Carplay | Navigation | Palettes au volant | Caméra de recul | Coffre électrique | Accès sans clé | Conduite semi-autonome | Suspension pneumatique;10.0;;2026-09-23;6;0;Standard;1;1.0;10.106469212026385;1.0;24500.0;0;Province;;;0;0;0;0;154497;0.2880120649591901;44497.0;0.62;0.62;0;Faible;0.0764;False
VOLKSWAGEN POLO 6;25500.0;https://www.autocentral.tn/#FACEBOOK-1379054541102578;autocentral.tn (facebook);2026-09-09;;Volkswagen;Polo;;;;;;;;Active;;;;;2026-09-09;20;0;Standard;0;;;;;0;Province;;;0;0;0;0;35772;0.2871519624287152;10272.0;0.53;0.53;66;Élevée;0.0764;False
Citroën C elysee 2ème main;19500.0;https://www.tayara.tn/item/voitures/tunis/carthage/citron-c-elysee-2me-main/6a9ed95cf6b2a7cd2d7d3540/;tayara.tn;2026-09-08;2026-09-07;Citroën;C-Elysée;2015.0;148000.0;Manuelle;Essence;Tunis;5.0;;;Je mets en vente Citroën C elysee 2ème main 5cv essence modèle 2015 km 148000, voiture idéale pour l’utilisation quotidienne , peinture d'origine jamais Accidentée mécanique impeccable prix légèrement négociable .disponible à Carthage contactez: Afficher le numéro;;;;2026-09-07;22;0;Standard;0;11.0;11.90497430948018;121.0;13454.545454545454;1;Grand Tunis;;;0;1;0;1;27319;0.2862110618983125;7819.0;0.06;0.06;3;Moyenne;0.0764;False
Citroën Jumper 30 L1H1 8 m3 33 2.2 HDi 16V Fourgon moyen 120 cv;18000.0;https://www.automobile.tn/fr/occasion/citroen/jumper/128895;automobile.tn;2026-08-05;2026-08-02;Citroën;Jumper;2008.0;453000.0;;Diesel;Nabeul;8.0;;;2022 Citroen Jumper 69 900 DT Négociable 18/08/2022 TU256 2.2L Diesel 7 CV 158 000 KM Échange possible Disponible sur RDV à notre showroom TUNISIE AUTO PRIX Ezzahra Contactez : 25551771 / 24111140 / 98759655 Ben Arous;;0.0;;2026-08-02;58;0;Standard;0;18.0;13.023649611968253;324.0;25166.666666666668;0;Province;120.0;2.2;0;0;0;0;25210;0.2859976199920666;7210.0;0.0;0.0;0;Faible;0.0764;False
Jeep Grand Cherokee Limited 3.1 TD 4WD 140 cv Boîte auto;36000.0;https://www.automobile.tn/fr/occasion/jeep/grand-cherokee/130075;automobile.tn;2026-09-09;2026-09-08;Jeep;Grand Cherokee;2002.0;308000.0;Automatique;Diesel;Bizerte;11.0;;;Jeep Grand cherokee TU 241 Boîte automatique Phares LED Kit rehausse +5 5 pneus bfgoodrich neuf 5 jantes Racing performance 17 pouces Auvent ARB 2000×2500 cm Galerie de toit Intérieur cuir Attelage de remorque Régulateur de vitesse Caméra de recule Vitres surteintées.... Tunis;Toit ouvrant;1.0;;2026-09-08;21;0;Standard;0;24.0;12.637858308703688;576.0;12833.333333333334;0;Province;140.0;3.1;0;0;0;0;50368;0.2852604828462516;14368.0;0.0;0.0;0;Faible;0.0764;False
TOYOTA CAMRY;41500.0;https://www.tayara.tn/item/voitures/tunis/le-bardo/toyota-camry/6a9830f433f4b02206bee007/;tayara.tn;2026-09-03;2026-09-02;Toyota;Camry;2013.0;147000.0;Automatique;Essence;Tunis;12.0;;;VOITURE BIEN ENTRETENUE  POSSIBILITÉ DE ECHANGE MOTEUR 4 CYLINDRE 2AR  Afficher le numéro;;;;2026-09-02;27;0;Standard;0;13.0;11.898194668458824;169.0;11307.692307692309;1;Grand Tunis;;;0;0;0;0;57998;0.2844580847615435;16498.0;0.0;0.0;0;Faible;0.0764;False
Volkswagen virtus;49900.0;https://www.tayara.tn/item/voitures/tunis/el-menzah-9/volkswagen-virtus/6aad230826fc672960d6a217/;tayara.tn;2026-09-19;2026-09-18;Volkswagen;Passat CC;2023.0;104000.0;Automatique;Essence;Tunis;6.0;;;"Alpha auto menzah9  Afficher le numéro  Mets à la vente Volkswagen Virtus Année 2023 Kilométrage 104 même Nombre de CV 6 Cylindrée 1L mpi Climatisée  Assistée  4 Vitres électriques  Volant multifonction  Écran 7"" Peinture d origine  Voiture en état irréprochable  Aucune dépense à prevoir";;;;2026-09-18;11;0;Standard;0;3.0;11.552155793461898;9.0;34666.666666666664;1;Grand Tunis;;;0;0;0;1;69734;0.2844236670777526;19834.0;0.02;0.02;0;Faible;0.0764;False
MITSUBISHI SPACE STAR;29108.0;https://www.autocentral.tn/#FACEBOOK-1494098826079842;autocentral.tn (facebook);2026-08-20;;Mitsubishi;Space Star;;;;;;;;Active;;;;;2026-08-20;40;0;Standard;0;;;;;0;Province;;;0;0;0;0;40636;0.2836893395019195;11528.0;0.0;0.0;0;Faible;0.0764;False
GWM Haval H6 Luxury 1.5 T 143cv boite auto;45000.0;https://www.automobile.tn/fr/occasion/great-wall/h6/128881;automobile.tn;2026-08-05;2026-08-02;Gwm;Haval H6;2018.0;123000.0;Automatique;Essence;Ben Arous;9.0;;;Prix légèrement discutable après visite. Ben Arous;Sièges électriques | Caméra de recul | Coffre électrique | Toit ouvrant | Toit panoramique | Accès sans clé;6.0;;2026-08-02;58;0;Standard;0;8.0;11.719947764402807;64.0;15375.0;1;Grand Tunis;143.0;1.5;0;0;0;0;62806;0.2835079451007865;17806.0;0.18;0.18;3;Moyenne;0.0764;False
NISSAN JUKE;32000.0;https://www.autocentral.tn/#FACEBOOK-122308363148026481;autocentral.tn (facebook);2026-08-20;;Nissan;Juke;;;;;;;;Active;;;;;2026-08-20;40;0;Standard;0;;;;;0;Province;;;0;0;0;0;44594;0.282414674619904;12594.0;0.1;0.1;12;Élevée;0.0764;False
Kia Sportage 2007 — 28 500 DT;28500.0;https://www.sayyaratn.com/annonce/9725ba8d-8b04-4568-a2c7-a96c9e1d337e;sayyaratn.com;2026-08-24;;Kia;Sportage;2007.0;283000.0;Manuelle;Diesel;;9.0;bon;Active;;;;;2026-08-24;36;0;Standard;0;19.0;12.553205710188037;361.0;14894.736842105263;0;Province;;;0;0;0;0;39691;0.2819530876017233;11191.0;0.62;0.62;1;Faible;0.0764;False
A vendre;70000.0;https://www.tayara.tn/item/voitures/nabeul/hammamet/a-vendre/6a8ab417509ae3528dcd675a/;tayara.tn;2026-08-23;2026-08-23;Haval;Jolion;2022.0;67000.0;Automatique;Essence;Nabeul;9.0;;;A vendre voiture HAVAL modèle 2022 faible kilométrage 67000km état neuf neuf Merci de contacter Afficher le numéro prix 70 mille dinars.;;;;2026-08-23;37;0;Standard;0;4.0;11.112462823634855;16.0;16750.0;0;Province;;;0;0;0;0;97200;0.279835390946502;27200.0;0.04;0.04;1;Faible;0.0764;False
Volkswagen Polo Trendline 1.2 TDI 12V FAP 75 cv;23500.0;https://www.automobile.tn/fr/occasion/volkswagen/polo/129836;automobile.tn;2026-09-02;2026-09-01;Volkswagen;Polo;2012.0;133000.0;;Diesel;Ariana;5.0;;;;Android Auto;1.0;;2026-09-01;28;0;Standard;0;14.0;11.798111925972618;196.0;9500.0;1;Grand Tunis;75.0;1.2;0;0;0;0;32628;0.279759715581709;9128.0;0.53;0.53;0;Faible;0.0764;False
Citroën saxo;12500.0;https://www.tayara.tn/item/voitures/kairouan/kairouan-sud/citron-saxo/6aaf972e26fc672960d7e3dc/;tayara.tn;2026-09-21;2026-09-20;Citroën;Saxo;2000.0;;Manuelle;Essence;Kairouan;4.0;;;Belle voiture bien entretenu  Très économique  Tel Afficher le numéro;;;;2026-09-20;9;0;Standard;0;26.0;;676.0;;0;Province;;;0;0;0;0;17341;0.2791649847182976;4841.0;0.03;0.03;3;Moyenne;0.0764;False
Land Rover Range Rover Velar S P400e 2.0 i 16V 404 PHEV AWD 300 cv Boîte auto;165000.0;https://www.automobile.tn/fr/occasion/land-rover/range-rover-velar/130708;automobile.tn;2026-09-28;2026-09-27;Land Rover;Range Rover Velar;2021.0;75000.0;Automatique;Hybride rechargeable essence;Tozeur;19.0;;;50 777 006 Ben Arous;Alarme anti-intrusion | Affichage tête haute | Android Auto | Apple Carplay | Instrumentation numérique | Navigation | Palettes au volant | Sièges chauffants | Sièges massants | Sièges ventilés | Sièges électriques | Caméra de recul | Caméras 360 | Coffre électrique | Toit ouvrant | Toit panoramique | Accès sans clé | Conduite semi-autonome | Suspension pneumatique;19.0;;2026-09-27;2;1;Luxe;0;5.0;11.225256725762891;25.0;15000.0;0;Province;300.0;2.0;0;0;0;0;228816;0.2788965806586952;63816.0;0.02;0.02;1;Faible;0.0764;False
Citroen Nemo;26000.0;https://www.automax.tn/annonces/citroen-nemo/;AutoMax;2026-08-08;2026-08-07;Citroën;Nemo;2017.0;117.0;Manuelle;Diesel;Ariana;5.0;;;Citroën Nemo 1.3 Diesel – Première main – Une opportunité à ne pas manquer ! ✔️ Mise en circulation : Avril 2017 ✔️ 117 000 km ✔️ Moteur 1.3 Diesel ✔️ Première main ✔️ Radar de recul ✔️ Très bon état général Fiable, économique et parfaitement adaptée aussi bien à un usage professionnel que personnel. Une voiture entretenue avec soin, prête à prendre la route. Prix: 26000 dinars 📞 Pour plus d'informations ou pour une visite, contactez-moi 98351844;;;;2026-08-07;53;0;Standard;0;9.0;4.770684624465665;81.0;13.0;1;Grand Tunis;;;1;0;0;0;36032;0.2784191829484902;10032.0;0.06;0.06;0;Faible;0.0764;False
KIA Sportage Black Edition 2.0 CRDi VGT 16V DPF 4x4 184 cv Boîte auto;38500.0;https://www.automobile.tn/fr/occasion/kia/sportage/130630;automobile.tn;2026-09-25;2026-09-25;Kia;Sportage;2011.0;250000.0;Automatique;Diesel;Ariana;10.0;;;Double clé 4 pneus neufs ( avec facture et garantie) Batterie neuve ( avec facture et garantie ) Plaquettes freins neufs Voiture en très bon état Tunis;Caméra de recul | Conduite semi-autonome;2.0;;2026-09-25;4;0;Standard;0;15.0;12.429220196836384;225.0;16666.666666666668;1;Grand Tunis;184.0;2.0;0;0;0;0;53251;0.2770088824623011;14751.0;0.62;0.62;3;Moyenne;0.0764;False
ISUZU D MAX;73000.0;https://www.autocentral.tn/#FACEBOOK-122225466518349176;autocentral.tn (facebook);2026-08-16;;Isuzu;D-MAX;;;;;;;;Active;;;;;2026-08-16;44;0;Standard;0;;;;;0;Province;;;0;0;0;0;100907;0.2765615864112499;27907.0;0.04;0.04;5;Moyenne;0.0764;False
KIA Sportage GT-Line 1.6 T-GDi 16V 4x4 DCT7 177 cv Boîte auto;73000.0;https://www.automobile.tn/fr/occasion/kia/sportage/130464;automobile.tn;2026-09-22;2026-09-21;Kia;Sportage;2020.0;37000.0;Automatique;Essence;Tunis;11.0;;;2020 Kia Sportage Gt-Line BVA AWD Toit pano 98 000 DT Négociable 12/03/2020 TU215 1.6L Essence 11 CV 83 000 KM Échange possible Disponible à notre showroom TUNISIE AUTO PRIX Ezzahra Contactez : 25551771 / 24111140 / 98759655 Ben Arous;Alarme anti-intrusion | Android Auto | Apple Carplay | Sièges électriques | Caméra de recul | Coffre électrique | Toit ouvrant | Toit panoramique | Accès sans clé;9.0;;2026-09-21;8;0;Standard;0;6.0;10.518700218288163;36.0;6166.666666666667;1;Grand Tunis;177.0;1.6;0;0;0;0;100850;0.2761527020327218;27850.0;0.62;0.62;4;Moyenne;0.0764;False
🇩🇪 MERCEDES-BENZ CLK  Coupé élégant — diesel ⛽;27000.0;https://www.tayara.tn/item/voitures/ben-arous/ezzahra/-mercedesbenz-clk-coup-lgant-diesel-/6ab1949f26fc672960d901b2/;tayara.tn;2026-09-22;2026-09-21;Mercedes-Benz;Classe CLK;;336000.0;Automatique;Diesel;Ben Arous;9.0;;;⛔️ ANNÉE : 12- 2006 ⛔️ PUISSANCE : 9 cv 2.2L diesel  ⛔️ KILOMÉTRAGE : 336000 KM ⛔️ BOÎTE : Automatique ⛔️ COULEUR : Noir ⛔️ CARROSSERIE : Coupé 2 portes  ✅ Voiture élégante, confortable et agréable à conduire ✅ Moteur OM 646 BOSCH puissant et fiable  ✅ Toit ouvrant   💰 Prix : 27000 TND à discuter devant la voiture 📍 Visible sur rendez-vous  Numéro : Afficher le numéro;;;;2026-09-21;8;1;Luxe;0;;12.724869415131389;;;1;Grand Tunis;;;0;0;0;0;37281;0.2757704997183552;10281.0;0.02;0.02;0;Faible;0.0764;False
BMW Série 1 Access Ecran 116i 1.5 i 12V DCT7 109 cv Boîte auto;75000.0;https://www.automobile.tn/fr/occasion/bmw/serie-1-5p/129854;automobile.tn;2026-09-03;2026-09-02;Bmw;Série 1;2019.0;74000.0;Automatique;Essence;Tunis;8.0;;;Compacte, 6 cv, transmission Traction, Accoudoir avant, Autoradio, Autoradio CD, Autoradio CD/Mp3, Apple Carplay, Bluetooth, Volant/levier de vitesse en cuir, Volant multi-fonctions, 3 appuis têtes arrières, Volant réglable hauteur/profondeur Ariana;Palettes au volant;1.0;;2026-09-02;27;1;Luxe;0;7.0;11.211833885608511;49.0;10571.42857142857;1;Grand Tunis;109.0;1.5;0;0;0;0;103513;0.2754533247031774;28513.0;0.09;0.09;0;Faible;0.0764;False
Chery E3 1.5 L 108 cv;26000.0;https://www.automobile.tn/fr/occasion/chery/e3/130623;automobile.tn;2026-09-25;2026-09-24;Chery;E3;2017.0;150000.0;;Essence;Ben Arous;6.0;;;;Alarme anti-intrusion;1.0;;2026-09-24;5;0;Standard;0;9.0;11.918397239722838;81.0;16666.666666666668;1;Grand Tunis;108.0;1.5;0;0;0;0;35857;0.2748975095518309;9857.0;0.0;0.0;0;Faible;0.0764;False
Mercedes-Benz EQC 400 400 4MATIC 408 cv Boîte auto;190000.0;https://www.automobile.tn/fr/occasion/mercedes-benz/eqc/129307;automobile.tn;2026-08-14;2026-08-14;Mercedes-Benz;EQC;2022.0;23000.0;Automatique;Electrique;Tunis;12.0;;;;;0.0;;2026-08-14;46;1;Luxe;0;4.0;10.043292972227004;16.0;5750.0;1;Grand Tunis;408.0;;0;0;0;0;261887;0.2744962522003765;71887.0;0.0;0.0;0;Faible;0.0764;False
MERCEDES C200 KIT AMG;87000.0;https://www.autocentral.tn/#FACEBOOK-1095216909498722;autocentral.tn (facebook);2026-08-14;;Mercedes-Benz;Classe C;;;;;;;;Active;;;;;2026-08-14;46;1;Luxe;0;;;;;0;Province;;;0;0;0;0;119439;0.2715947052470299;32439.0;0.73;0.73;91;Élevée;0.0764;False
Voiture;25000.0;https://www.tayara.tn/item/voitures/nabeul/menzel-temime/voiture/6a7f0744303f47f0a02d4deb/;tayara.tn;2026-08-14;2026-08-14;Renault;Kangoo;2015.0;150000.0;Manuelle;Diesel;Nabeul;5.0;;;Renault Kangoo Combi 2019 – RS – 3 places – 150.000 km  À vendre Renault Kangoo Combi, année 2019, Régime Suspensif (RS).  * Année : 2019 * Kilométrage : 150.000 km * Motorisation : diesel * 3 places * Moteur en bon état * Véhicule fonctionnel * Carrosserie avec quelques traces d’usage  Prix demandé : 25.000 DT, légèrement négociable.  Véhicule RS destiné à un bénéficiaire du régime RS.;;;;2026-08-14;46;0;Standard;0;11.0;11.918397239722838;121.0;13636.363636363636;0;Province;;;0;0;0;0;34234;0.2697318455336799;9234.0;0.01;0.01;0;Faible;0.0764;False
KIA SPORTAGE GT-LINE;21000.0;https://www.autocentral.tn/#FACEBOOK-1396243252659924;autocentral.tn (facebook);2026-08-28;;Allure;DIESEL;2022.0;;Automatique;Essence;Automatique;5.0;;Active;;;;;2026-08-28;32;0;Standard;0;4.0;;16.0;;0;Province;;;0;0;0;0;28752;0.2696160267111853;7752.0;0.05;0.05;6;Moyenne;0.0764;False
KIA SPORTAGE GT-LINE PLUG-IN HYBRID;21000.0;https://www.autocentral.tn/#FACEBOOK-1489068106571460;autocentral.tn (facebook);2026-08-28;;Allure;DIESEL;2022.0;;Automatique;Essence;Automatique;5.0;;Active;;;;;2026-08-28;32;0;Standard;0;4.0;;16.0;;0;Province;;;0;0;0;0;28752;0.2696160267111853;7752.0;0.05;0.05;6;Moyenne;0.0764;False
KIA SPORTAGE GT-LINE;21000.0;https://www.autocentral.tn/#FACEBOOK-1396207945996788;autocentral.tn (facebook);2026-08-28;;Allure;DIESEL;2022.0;;Automatique;Essence;Automatique;5.0;;Active;;;;;2026-08-28;32;0;Standard;0;4.0;;16.0;;0;Province;;;0;0;0;0;28752;0.2696160267111853;7752.0;0.05;0.05;6;Moyenne;0.0764;False
MERCEDES E300 E KIT AMG;21000.0;https://www.autocentral.tn/#FACEBOOK-1105677808452632;autocentral.tn (facebook);2026-08-28;;Allure;DIESEL;2022.0;;Automatique;Essence;Automatique;5.0;;Active;;;;;2026-08-28;32;0;Standard;0;4.0;;16.0;;0;Province;;;0;0;0;0;28752;0.2696160267111853;7752.0;0.05;0.05;6;Moyenne;0.0764;False
opel insignia2013 à  vendre  liquidation;15000.0;https://www.tayara.tn/item/voitures/nabeul/bni-khalled/opel-insignia2013-vendre-liquidation/6a7d5f449b2a9eb2caa1b74c/;tayara.tn;2026-08-13;2026-08-13;Opel;Insignia;;;;;Nabeul;;;;;;;;2026-08-13;47;0;Standard;0;;;;;0;Province;;;0;0;0;0;20532;0.2694330800701344;5532.0;0.03;0.03;4;Moyenne;0.0764;False
VOLKSWAGEN GOLF 8 GTI;55500.0;https://www.autocentral.tn/#FACEBOOK-122113208217330504;autocentral.tn (facebook);2026-09-14;;Volkswagen;Golf 8;;;;;;;;Active;;;;;2026-09-14;15;0;Standard;0;;;;;0;Province;;;0;0;0;0;75960;0.2693522906793049;20460.0;0.59;0.59;74;Élevée;0.0764;False
Peugeot Expert 5.8 m3 Standard 2.0 Blue HDi 16V Fourgon moyen S&S 150 cv;60000.0;https://www.automobile.tn/fr/occasion/peugeot/expert/130209;automobile.tn;2026-09-14;2026-09-13;Peugeot;Expert;2022.0;150000.0;;Diesel;Ben Arous;8.0;;;;;0.0;;2026-09-13;16;0;Standard;0;4.0;11.918397239722838;16.0;37500.0;1;Grand Tunis;150.0;5.8;0;0;0;0;82112;0.2692907248636009;22112.0;0.02;0.02;3;Moyenne;0.0764;False
voiture mg 3;40000.0;https://www.tayara.tn/item/voitures/sfax/route-mehdia/voiture-mg-3/6aa6fb494e7f635a53a31b1d/;tayara.tn;2026-09-14;2026-09-13;Mg;3;2022.0;123000.0;Automatique;Essence;Sfax;7.0;;;MG3 تسجيل اول Model 2022 Essence 7cv// 1.5 Km 123000 certifie Boite auto Feux led Camera Jantes allues  multifonction au volant;;;;2026-09-13;16;0;Standard;0;4.0;11.719947764402807;16.0;30750.0;0;Province;;;0;0;0;0;54708;0.2688455070556408;14708.0;0.06;0.06;0;Faible;0.0764;False
Voiture;17000.0;https://www.tayara.tn/item/voitures/ariana/kalat-andalous/voiture/6ab0bbf892f69e6be247e215/;tayara.tn;2026-09-22;2026-09-21;Toyota;Hi Ace;2000.0;1500.0;Manuelle;Diesel;Ariana;10.0;;;Toyota 9 place   moto  en bon état boîte5 10 cheveau;;;;2026-09-21;8;0;Standard;0;26.0;7.313886831633462;676.0;57.69230769230769;1;Grand Tunis;;;0;0;0;0;23221;0.2679040523663925;6221.0;0.01;0.01;0;Faible;0.0764;False
FIAT 500;28000.0;https://www.autocentral.tn/#FACEBOOK-122228499272349176;autocentral.tn (facebook);2026-09-14;;Fiat;500;;;;;;;;Active;;;;;2026-09-14;15;0;Standard;0;;;;;0;Province;;;0;0;0;0;38222;0.2674376013814034;10222.0;0.25;0.25;31;Élevée;0.0764;False
FORD FOCUS Titanium;30000.0;https://www.tayara.tn/item/voitures/sfax/sfax/ford-focus-titanium/6a957ae633f4b02206bd75f5/;tayara.tn;2026-09-01;2026-08-31;Ford;Focus C-MAX;2014.0;257000.0;Manuelle;Essence;Sfax;7.0;;;🚘Voiture entretenu en état impeccable ♻️Les options : ✔️Limitateur et régulateur de vitesse. ✔️4 pneu neufs 🛞. ✔️Rétroviseur électriques. ✔️Volant multifonctions. ✔️Ordinateur de bord. ✔️Climatronic💯❄️🥶. ✔️Lampe xénon & anti brouillard 💡. ✔️Double clé 🔑. ✔️2 vitres électriques. ☎️ Num: Afficher le numéro 🚘;;;;2026-08-31;29;0;Standard;0;12.0;12.456835254920373;144.0;21416.666666666668;0;Province;;;0;0;0;0;40952;0.2674350459074038;10952.0;0.05;0.05;1;Faible;0.0764;False
SEAT LEON;42000.0;https://www.autocentral.tn/#FACEBOOK-1124852150205788;autocentral.tn (facebook);2026-09-19;;Seat;Leon;;;;;;;;Active;;;;;2026-09-19;10;0;Standard;0;;;;;0;Province;;;0;0;0;0;57320;0.267271458478716;15320.0;0.4;0.4;50;Élevée;0.0764;False
Citroën Xsara;8000.0;https://www.tayara.tn/item/voitures/nabeul/soliman/citron-xsara/6a80fd0a86fe4424fc319128/;tayara.tn;2026-08-16;2026-08-15;Citroën;Xsara;1997.0;;;Diesel;Nabeul;;;;À vendre Citroën Xsara année 1997, voiture pratique et robuste, idéale pour les déplacements quotidiens. 🔹 Année : 1997 🔹 Carrosserie : état moyen, conforme à son âge 🔹 Boîte : manuelle  🔹 Carte grise : disponible 💰 Prix : 8000 Dt 📞 Contact : Afficher le numéro Pour plus d'informations ou pour visiter la voiture, contactez-moi en privé.;;;;2026-08-15;45;0;Standard;0;29.0;;841.0;;0;Province;;;0;0;0;0;10916;0.2671308171491389;2916.0;0.0;0.0;0;Faible;0.0764;False
Ford Ka Titanium 1.2 i 69 cv;24000.0;https://www.automobile.tn/fr/occasion/ford/ka/130443;automobile.tn;2026-09-21;2026-09-20;Ford;Ka;2016.0;105000.0;;Essence;Sousse;4.0;;;;;0.0;;2026-09-20;9;0;Standard;0;10.0;11.561725152903833;100.0;10500.0;0;Province;69.0;1.2;0;0;0;0;32742;0.2669965182334616;8742.0;0.02;0.02;1;Faible;0.0764;False
BMW Série 1 Lounge 116i 1.5 i 12V DCT7 109 cv Boîte auto;86500.0;https://www.automobile.tn/fr/occasion/bmw/serie-1-5p/129379;automobile.tn;2026-08-17;2026-08-17;Bmw;Série 1;2023.0;112000.0;Automatique;Essence;Ariana;6.0;;;Compacte, 6 cv, transmission Traction, Accoudoir avant, Autoradio, Autoradio CD, Autoradio CD/Mp3, Apple Carplay, Android Auto, Bluetooth, Connectivité Aux, usb, iPod, Navigation, Sièges réglables en hauteur, Vitres teintées, Volant/levier de vitesse en cuir, Volant multi-fonctions, 3 appuis têtes arrières, Volant réglable hauteur/profondeur, Instrumentation numérique Sousse;Apple Carplay | Caméra de recul | Toit ouvrant | Toit panoramique;4.0;;2026-08-17;43;1;Luxe;0;3.0;11.6262630788088;9.0;37333.333333333336;1;Grand Tunis;109.0;1.5;0;0;0;0;117998;0.2669367277411481;31498.0;0.09;0.09;0;Faible;0.0764;False
Mercedes-Benz Classe E Avantgarde 180 CGI 156 cv Boîte auto;60000.0;https://www.automobile.tn/fr/occasion/mercedes-benz/classe-e/130374;automobile.tn;2026-09-19;2026-09-18;Mercedes-Benz;Classe E;2014.0;204000.0;Automatique;Essence;Béja;9.0;;;P.MAIN 55 447 966 Tunis;Alarme anti-intrusion | Sièges électriques;2.0;;2026-09-18;11;1;Luxe;0;12.0;12.225880174775122;144.0;17000.0;0;Province;156.0;;0;0;0;0;81844;0.2668980010752163;21844.0;0.34;0.34;5;Moyenne;0.0764;False
Mercedes c200 diesel;50000.0;https://www.tayara.tn/item/voitures/nabeul/autres-villes/mercedes-c200-diesel/6aa158a962d7349f5f0769ec/;tayara.tn;2026-09-10;2026-09-09;Mercedes-Benz;Classe C;2015.0;320.0;Automatique;Diesel;Nabeul;7.0;;;A vendre une mercedes classe c recement dedouanee a prix tres attirant , a noter quelques reparations a prevoir mais la voiture est parfaitement fonctinnelle. Prix transparent  legerement negociable ,;;;;2026-09-09;20;1;Luxe;0;11.0;5.771441123130016;121.0;29.09090909090909;0;Province;;;0;0;0;0;68105;0.2658395125174363;18105.0;0.73;0.73;1;Faible;0.0764;False
Porsche Cayenne Black Edition 3.6 DFI V6 SUV 290cv Tiptronic S Boîte auto;45000.0;https://www.automobile.tn/fr/occasion/porsche/cayenne/130558;automobile.tn;2026-09-24;2026-09-23;Porsche;Cayenne;2009.0;206000.0;Automatique;Essence;Ben Arous;21.0;;;SUV, 21 cv, transmission Intégrale Ben Arous;;0.0;;2026-09-23;6;1;Luxe;0;17.0;12.235636302128867;289.0;12117.64705882353;1;Grand Tunis;290.0;3.6;0;0;0;0;61241;0.2651981515651279;16241.0;0.07;0.07;2;Faible;0.0764;False
mitsubishi attrage 79000 km;36700.0;https://www.tayara.tn/item/voitures/tunis/el-manar-2/mitsubishi-attrage-79000-km/6ab64c8d26fc672960db6654/;tayara.tn;2026-09-26;2026-09-25;Mitsubishi;Attrage;2022.0;79000.0;;;Tunis;;;;Marque / Modèle : Mitsubishi Atrage • ​Kilométrage : 79 000 km • ​État : Voiture neuve, tout en marche, peinture d'origine • ​Entretien : Entretien régulier • ​Clés : Double clé disponible;;;;2026-09-25;4;0;Standard;0;4.0;11.277215789596893;16.0;19750.0;1;Grand Tunis;;;0;0;0;1;49803;0.2630966006063892;13103.0;0.05;0.05;2;Faible;0.0764;False
Chery Tiggo 4;42000.0;https://www.automobile.tn/fr/occasion/chery/tiggo-4/129499;automobile.tn;2026-08-20;2026-08-21;Chery;Tiggo 4;2021.0;128000.0;;Essence;Gabès;9.0;;;;Alarme anti-intrusion | Apple Carplay | Instrumentation numérique | Caméra de recul | Toit panoramique | Accès sans clé;6.0;;2026-08-21;39;0;Standard;0;5.0;11.759793355371237;25.0;25600.0;0;Province;;;0;0;0;0;56985;0.262963937878389;14985.0;0.02;0.02;3;Moyenne;0.0764;False
Fiat fiorino a vendre 2023;35000.0;https://www.tayara.tn/item/voitures/tunis/tunis/fiat-fiorino-a-vendre-2023/6ab431a892f69e6be249e691/;tayara.tn;2026-09-24;2026-09-23;Fiat;Fiorino;2023.0;87000.0;;;Tunis;;;;Voiture intacte  Annee : Nov 2024 Kilomètre : 87 ,000 Vidange / vignette / permis de circulation;;;;2026-09-23;6;0;Standard;0;3.0;11.373674891823535;9.0;29000.0;1;Grand Tunis;;;0;0;0;0;47484;0.2629096116586639;12484.0;0.21;0.21;7;Moyenne;0.0764;False
KIA XCeed 1.6 CRDi 16V DCT7 ISG 116 cv Boîte auto;79000.0;https://www.automobile.tn/fr/occasion/kia/xceed/129178;automobile.tn;2026-08-11;2026-08-10;Kia;XCeed;2022.0;101000.0;Automatique;Diesel;Tunis;7.0;;;2022 Kia Xceed CRDI BVA 80 000 DT Négociable 18/04/2022 TU254 1.6L Diesel 7 CV 102 000 KM Échange possible Disponible à notre showroom TUNISIE AUTO PRIX Ezzahra Contactez : 98759655 / 25551771 / 24111140 Ben Arous;;0.0;;2026-08-10;50;0;Standard;0;4.0;11.52288569676448;16.0;25250.0;1;Grand Tunis;116.0;1.6;0;0;0;0;107108;0.2624267094894872;28108.0;0.02;0.02;0;Faible;0.0764;False
Toyota Yaris 1.0 VVTi 68 cv;23000.0;https://www.automobile.tn/fr/occasion/toyota/yaris/129406;automobile.tn;2026-08-17;2026-08-17;Toyota;Yaris;2011.0;107000.0;;Essence;Ariana;4.0;;;Citadine, 5 cv, transmission Traction, Autoradio, Autoradio CD, Autoradio CD/Mp3, Volant multi-fonctions, Volant réglable hauteur/profondeur Sfax;;0.0;;2026-08-17;43;0;Standard;0;15.0;11.580593459194764;225.0;7133.333333333333;1;Grand Tunis;68.0;1.0;0;0;0;0;31174;0.2622056842240328;8174.0;0.07;0.07;0;Faible;0.0764;False
Mercedes-Benz CLA Urban Plus 180 1.6 i 16V Turbo 7G-DCT 122 cv Boîte auto;58000.0;https://www.automobile.tn/fr/occasion/mercedes-benz/cla/130402;automobile.tn;2026-09-20;2026-09-19;Mercedes-Benz;CLA;2017.0;128000.0;Automatique;Essence;Nabeul;7.0;;;;Alarme anti-intrusion | Android Auto | Apple Carplay | Instrumentation numérique | Navigation | Palettes au volant | Sièges chauffants | Sièges massants | Sièges ventilés | Sièges électriques | Conduite semi-autonome;11.0;;2026-09-19;10;1;Luxe;0;9.0;11.759793355371237;81.0;14222.222222222224;0;Province;122.0;1.6;0;0;0;0;78561;0.2617201919527501;20561.0;0.34;0.34;5;Moyenne;0.0764;False
KIA SPORTAGE;70000.0;https://www.autocentral.tn/#FACEBOOK-1094081039949566;autocentral.tn (facebook);2026-08-14;;Kia;Sportage;;;;;;;;Active;;;;;2026-08-14;46;0;Standard;0;;;;;0;Province;;;0;0;0;0;94799;0.2615955864513338;24799.0;0.62;0.62;77;Élevée;0.0764;False
A vendre voiture Opel swing;13000.0;https://www.tayara.tn/item/voitures/tunis/el-manar-1/a-vendre-voiture-opel-swing/6a998bc7b6ae14216f5ea0c4/;tayara.tn;2026-09-04;2026-09-03;Opel;Swing;;500.0;Manuelle;Essence;Tunis;4.0;;;Nouvelle Chaine distribution. nouveau batterie Vidange fait huile et filtre  4 New Roues;;;;2026-09-03;26;0;Standard;0;;6.2166061010848646;;;1;Grand Tunis;;;0;0;0;0;17595;0.2611537368570616;4595.0;0.0;0.0;0;Faible;0.0764;False
À vendre;16800.0;https://www.tayara.tn/item/voitures/ariana/borj-louzir/-vendre/6a9eb94e4d0796286f55652c/;tayara.tn;2026-09-08;2026-09-07;Citroën;Berlingo;2006.0;480.0;Manuelle;Diesel;Ariana;7.0;;;Voiture commerciale Citroën berlingo climatisé  Moteur changé il y'a 1 an  État général moyenne tôle et mécanique  Tous est en marche;;;;2026-09-07;22;0;Standard;0;20.0;6.175867270105761;400.0;24.0;1;Grand Tunis;;;0;0;0;0;22672;0.2589978828510939;5872.0;0.14;0.14;0;Faible;0.0764;False
Fiat Doblo 3 places 1.6 MJTD 16V Fourgon court 90 cv;28000.0;https://www.automobile.tn/fr/occasion/fiat/doblo/129541;automobile.tn;2026-08-21;2026-08-21;Fiat;Doblo;2021.0;160000.0;;Diesel;Tunis;5.0;;;À VENDRE – Fiat Doblo Utilitaire 1ère main 133 900 km Achetée neuve chez Maison Fiat Tunisie *Tout l'entretien effectué chez Maison Fiat *Sièges et volant toujours protégés d'origine *Carnet d'entretien à jour *Boîte manuelle, moteur diesel 1.3L Multijet *Climatisation, radio/USB, régulateur au volant -- Prix : 38 500 DT -- Véhicule visible à Sousse -- Contact uniquement par téléphone : 29 907 010 - 28 150 495 Sousse;Alarme anti-intrusion;1.0;;2026-08-21;39;0;Standard;0;5.0;11.982935344196433;25.0;32000.0;1;Grand Tunis;90.0;1.6;1;0;0;0;37764;0.2585531193729478;9764.0;0.02;0.02;1;Faible;0.0764;False
Peugeot 2008 Active Pack 1.2 THP Puretech 12V EAT6 S&S 130 cv Boîte auto;56000.0;https://www.automobile.tn/fr/occasion/peugeot/2008/130070;automobile.tn;2026-09-09;2026-09-08;Peugeot;2008;2021.0;174500.0;Automatique;Essence;Sousse;7.0;;;>>>>>>>>> Avance requise : 17 500 DT Peugeot 2008 - Modèle 2024 (Toutes Options) - >>>>>>> Reprise Leasing 28 mois 2320DT / mois État exceptionnel - 30 000 km Je mets en vente ma Peugeot 2008 de 2024, en finition haut de gamme (Toutes options). Véhicule très bien entretenu, parfait état intérieur comme extérieur (photos à l'appui). Détails financiers (Reprise Leasing) : Avance demandée : 20 000 TND Reste à payer : 24 mois x 2 320 TND Cession sous réserve d'acceptation de votre dossier par l'agence de leasing. Points forts : Mise en circulation : 2024 Kilométrage : 30 000 km réels Équipements complets (Toutes options, écran tactile, caméra, feux LED, etc.) Peinture d'origine, aucune retouche. Curieux et revendeurs s'abstenir. Me contacter par téléphone pour planifier une visite. Tunis;;0.0;;2026-09-08;21;0;Standard;0;5.0;12.069685751267224;25.0;34900.0;0;Province;130.0;1.2;0;0;1;1;75372;0.2570185214668577;19372.0;0.22;0.22;0;Faible;0.0764;False
Citroen Nemo 1.4 tout option;23800.0;https://www.tayara.tn/item/voitures/nabeul/dar-chabane-el-fehri/citroen-nemo-14-tout-option/6aaa7b21648d164e8b8ba63f/;tayara.tn;2026-09-17;2026-09-16;Citroën;Nemo;2014.0;237.0;Manuelle;Diesel;Nabeul;6.0;;;je met en vente ma voiture 🚗 Citroën nemo 1.4 état d’origine très propre… tout option climatisation fermeture centralisée vitres électriques… voiture très bonne état…;;;;2026-09-16;13;0;Standard;0;12.0;5.472270673671475;144.0;19.75;0;Province;;1.4;0;0;0;1;31929;0.2545961351749193;8129.0;0.06;0.06;1;Faible;0.0764;False
Citroen Nemo 1.4 très propre;23800.0;https://www.tayara.tn/item/voitures/nabeul/dar-chabane-el-fehri/citroen-nemo-14-trs-propre/6aad204126fc672960d6a058/;tayara.tn;2026-09-19;2026-09-18;Citroën;Nemo;2014.0;237.0;Manuelle;Diesel;Nabeul;6.0;;;je met en vente ma voiture 🚗 Citroën Nemo 1.4 très propre… kilométrage 237… tout option climatisation fermeture centralisée vitres électriques… numéro châssis d’origine…;;;;2026-09-18;11;0;Standard;0;12.0;5.472270673671475;144.0;19.75;0;Province;;1.4;0;0;0;0;31929;0.2545961351749193;8129.0;0.06;0.06;1;Faible;0.0764;False
Jaguar E-Pace R-Dynamic S D200 2.0 D 16V Mild Hybrid AWD 204 cv Boîte auto;192849.0;https://www.automobile.tn/fr/occasion/jaguar/e-pace/129617;automobile.tn;2026-08-24;2026-08-24;Jaguar;E-Pace;2024.0;72000.0;Automatique;Hybride léger diesel;Tunis;9.0;;;;Alarme anti-intrusion | Android Auto | Apple Carplay | Instrumentation numérique | Navigation | Palettes au volant | Sièges chauffants | Sièges ventilés | Sièges électriques | Caméra de recul | Coffre électrique | Toit ouvrant | Toit panoramique | Accès sans clé;14.0;;2026-08-24;36;1;Luxe;0;2.0;11.184435286790633;4.0;36000.0;1;Grand Tunis;204.0;2.0;0;0;0;0;258641;0.2543757563572674;65792.0;0.01;0.01;1;Faible;0.0764;False
HYUNDAI GRAND I10;29108.0;https://www.autocentral.tn/#FACEBOOK-1495234995966225;autocentral.tn (facebook);2026-08-21;;Hyundai;Grand i10;;;;;;;;Active;;;;;2026-08-21;39;0;Standard;0;;;;;0;Province;;;0;0;0;0;39015;0.2539279764193259;9907.0;0.42;0.42;52;Élevée;0.0764;False
Chevrolet Optra;16500.0;https://www.automax.tn/annonces/chevrolet-optra/;AutoMax;2026-08-23;2026-08-23;Chevrolet;Optra;2006.0;400000.0;Manuelle;Essence;Monastir;10.0;;;27984165 Installation gaz;;;;2026-08-23;37;0;Standard;0;20.0;12.899222326086994;400.0;20000.0;0;Province;;;0;0;0;0;22103;0.2534950006786409;5603.0;0.02;0.02;1;Faible;0.0764;False
KIA Rio Berline LX 1.4 i 16V 97 cv;25500.0;https://www.automobile.tn/fr/occasion/kia/rio/128836;automobile.tn;2026-08-05;2026-07-31;Kia;Rio Berline;2010.0;162000.0;;Essence;Tunis;6.0;;;Puissance fiscale: 6cv Energie: essence Kilométrage:122.000km année :2010 Ariana;;0.0;;2026-07-31;60;0;Standard;0;16.0;11.995357787034976;256.0;10125.0;1;Grand Tunis;97.0;1.4;0;0;0;0;34147;0.2532286877324509;8647.0;0.09;0.09;0;Faible;0.0764;False
PEUGEOT 206+;22000.0;https://www.autocentral.tn/#FACEBOOK-1483893863775221;autocentral.tn (facebook);2026-08-12;;Peugeot;206+;;;;;;;;Active;;;;;2026-08-12;48;0;Standard;0;;;;;0;Province;;;0;0;0;0;29396;0.2515988569873452;7396.0;0.06;0.06;7;Moyenne;0.0764;False
KIA RIO;32000.0;https://www.autocentral.tn/#FACEBOOK-1012711591771337;autocentral.tn (facebook);2026-08-15;;Kia;Rio;;;;;;;;Active;;;;;2026-08-15;45;0;Standard;0;;;;;0;Province;;;0;0;0;0;42754;0.2515320203957524;10754.0;0.74;0.74;92;Élevée;0.0764;False
À vendre voiture de collection Gs Citroën spécial année 74  Système hydrolique  Tt en marche;15000.0;https://www.tayara.tn/item/voitures/ben-arous/mornag/-vendre-voiture-de-collection-gs-citron-spcial-anne-74-systme-hydrolique-tt-en-marche/6a83688b374b022e6dcbc202/;tayara.tn;2026-08-17;2026-08-17;Citroën;DS;;29000.0;Manuelle;Essence;Ben Arous;6.0;;;À vendre Gs Citroën spécial année 74  Système hydrolique  Tt en marche;;;;2026-08-17;43;0;Standard;0;;10.275085591132717;;;1;Grand Tunis;;;0;0;0;0;20039;0.2514596536753331;5039.0;0.0;0.0;0;Faible;0.0764;False
