Source;Titre;Marque;Modèle;Année;Prix_DT;Kilométrage;Energie;Boite;Localisation;Puissance_Fiscale;Etat_Vehicule;Description;Annonce-Deposee;Annonce-Detectee;Statut;Lien
autocentral.tn (facebook);MERCEDES CLASSE S 400 W222 4MATIC PACK AMG;Mercedes;Classe S;2015;205000;90000;Essence;Automatique;Voir l'annonce →;;;;;2026-07-26;Active;https://www.autocentral.tn/#FACEBOOK-1213760287544755
autocentral.tn (facebook);MINI COOPER S COUNTRYMAN;Mini;Cooper S Countryman;2023;119000;60000;Hybrid;Automatique;Voir l'annonce →;;;;;2026-07-26;Active;https://www.autocentral.tn/#FACEBOOK-1217771660476951
autocentral.tn (facebook);VOLKSWAGEN GOLF 8 R LINE;Volkswagen;Golf 8;2022;8122500;30000;Essence;Automatique;Voir l'annonce →;;;;;2026-07-26;Active;https://www.autocentral.tn/#FACEBOOK-1201832008737583
autocentral.tn (facebook);BMW X1;Mercedes;Classe S;2015;205000;90000;Essence;Automatique;Bizerte;7;;;;2026-07-26;Active;https://www.autocentral.tn/#FACEBOOK-970441159349219
autocentral.tn (facebook);MERCEDES GLA 200 KIT AMG EDITION;Mercedes;Classe S;2015;205000;90000;Essence;Automatique;Bizerte;7;;;;2026-07-26;Active;https://www.autocentral.tn/#FACEBOOK-1079651424388604
autocentral.tn (facebook);RENAULT CLIO 5;Renault;Clio 5;2022;29108;585000;Essence;Manuelle;Manuelle;5;;;;2026-07-26;Active;https://www.autocentral.tn/#FACEBOOK-1472221864934205
autocentral.tn (facebook);JEEP RENEGADE;Jeep;Renegade;2021;29108;80000;Essence;Manuelle;Manuelle;6;;;;2026-07-26;Active;https://www.autocentral.tn/#FACEBOOK-1472218011601257
autocentral.tn (facebook);MAZDA MAZDA 2;Mazda;Mazda 2;2021;29108;2180000;Essence;Manuelle;Manuelle;6;;;;2026-07-26;Active;https://www.autocentral.tn/#FACEBOOK-1472215328268192
autocentral.tn (facebook);PEUGEOT PARTNER K9;Mercedes;Classe S;2015;205000;90000;Essence;Automatique;Bizerte;7;;;;2026-07-26;Active;https://www.autocentral.tn/#FACEBOOK-1472203161602742
autocentral.tn (facebook);SUZUKI CIAZ;Suzuki;Ciaz;2021;29108;140000;Essence;Automatique;Automatique;6;;;;2026-07-26;Active;https://www.autocentral.tn/#FACEBOOK-1472199881603070
autocentral.tn (facebook);PORSCHE CAYENNE S E-HYBRIDE;Mercedes;Classe S;2015;205000;90000;Essence;Automatique;Ariana;9;;;;2026-07-27;Active;https://www.autocentral.tn/#FACEBOOK-1355294220058027
autocentral.tn (facebook);SEAT LEON;Mercedes;Classe S;2015;205000;90000;Essence;Automatique;Ariana;9;;;;2026-07-27;Active;https://www.autocentral.tn/#FACEBOOK-1470073985157209
autocentral.tn (facebook);VOLKSWAGEN GOLF 8 R;Mercedes;Classe S;2015;205000;90000;Essence;Automatique;Ariana;9;;;;2026-07-27;Active;https://www.autocentral.tn/#FACEBOOK-1044430177974355
autocentral.tn (facebook);KIA SPORTAGE GT-LINE;Mercedes;Classe S;2015;205000;90000;Essence;Automatique;Ariana;9;;;;2026-07-27;Active;https://www.autocentral.tn/#FACEBOOK-1461139169364354
autocentral.tn (facebook);MERCEDES GLE 350E AMG-LINE PACK NIGHT;Mercedes;Classe S;2015;205000;90000;Essence;Automatique;Ariana;9;;;;2026-07-27;Active;https://www.autocentral.tn/#FACEBOOK-1461128676032070
autocentral.tn (facebook);HYUNDAI TUCSON;Mercedes;Classe S;2015;205000;90000;Essence;Automatique;Ariana;9;;;;2026-07-27;Active;https://www.autocentral.tn/#FACEBOOK-1102741628747477
autocentral.tn (facebook);PEUGEOT RIFTER ÉQUILIBRE;Mercedes;Classe S;2015;205000;90000;Essence;Automatique;Ariana;9;;;;2026-07-27;Active;https://www.autocentral.tn/#FACEBOOK-1469149518582989
autocentral.tn (facebook);MERCEDES GLC 300 E KIT AMG EDITION ONE;Mercedes;Classe S;2015;205000;90000;Essence;Automatique;Ariana;9;;;;2026-07-27;Active;https://www.autocentral.tn/#FACEBOOK-1078831461137267
autocentral.tn (facebook);VOLKSWAGEN TIGUAN R-LINE;Mercedes;Classe S;2015;205000;90000;Essence;Automatique;Ariana;9;;;;2026-07-27;Active;https://www.autocentral.tn/#FACEBOOK-1367441222206794
autocentral.tn (facebook);OPEL COMBO;Mercedes;Classe S;2015;205000;90000;Essence;Automatique;Ariana;9;;;;2026-07-27;Active;https://www.autocentral.tn/#FACEBOOK-122238465770053605
autocentral.tn (facebook);SEAT LEON;Seat;Leon;2022;67000;50000;Essence;Manuelle;Manuelle;6;;;;2026-07-27;Active;https://www.autocentral.tn/#FACEBOOK-1076944004996603
autocentral.tn (facebook);MINI COOPER ONE;Mercedes;Classe S;2015;205000;90000;Essence;Automatique;Ariana;9;;;;2026-07-27;Active;https://www.autocentral.tn/#FACEBOOK-1367373735546876
autocentral.tn (facebook);NISSAN JUKE;Mercedes;Classe S;2015;205000;90000;Essence;Automatique;Ariana;9;;;;2026-07-27;Active;https://www.autocentral.tn/#FACEBOOK-1405636904798719
autocentral.tn (facebook);LADA NIVA 4X4 URBAN;Mercedes;Classe S;2015;205000;90000;Essence;Automatique;Ariana;9;;;;2026-07-27;Active;https://www.autocentral.tn/#FACEBOOK-1367353945548855
autocentral.tn (facebook);MG GT;Mg;Gt;2024;68000;16000;Essence;Manuelle;Manuelle;7;;;;2026-07-27;Active;https://www.autocentral.tn/#FACEBOOK-1076818165009187
autocentral.tn (facebook);MERCEDES CLA 250E;Mercedes;Classe S;2015;205000;90000;Essence;Automatique;Ariana;9;;;;2026-07-27;Active;https://www.autocentral.tn/#FACEBOOK-1101871052167868
autocentral.tn (facebook);VOLKSWAGEN GOLF 5;Mercedes;Classe S;2015;205000;90000;Essence;Automatique;Ariana;9;;;;2026-07-27;Active;https://www.autocentral.tn/#FACEBOOK-1445605597598447
autocentral.tn (facebook);RENAULT TWINGO ÉQUILIBRE;Mercedes;Classe S;2015;205000;90000;Essence;Automatique;Ariana;9;;;;2026-07-27;Active;https://www.autocentral.tn/#FACEBOOK-1468249492006325
autocentral.tn (facebook);MERCEDES GLE 400E COUPÉ 4MATIC PACK AMG;Mercedes;Gle;2025;324000;24000;Hybrid;Automatique;Automatique;15;;;;2026-07-27;Active;https://www.autocentral.tn/#FACEBOOK-1353108373609945
autocentral.tn (facebook);MERCEDES GLC 300E;Mercedes;Classe S;2015;205000;90000;Essence;Automatique;Ariana;9;;;;2026-07-27;Active;https://www.autocentral.tn/#FACEBOOK-1101467735541533
autocentral.tn (facebook);KIA PICANTO;Kia;Picanto;2013;31500;192000;Essence;Automatique;Automatique;5;;;;2026-07-27;Active;https://www.autocentral.tn/#FACEBOOK-1076068255084178
autocentral.tn (facebook);MERCEDES GLE 350E;Mercedes;Classe S;2015;205000;90000;Essence;Automatique;Ariana;9;;;;2026-07-27;Active;https://www.autocentral.tn/#FACEBOOK-1501825428655398
autocentral.tn (facebook);🇲🇫🇲🇫 PEUGEOT 207 🇨🇵🇨🇵;Mercedes;Classe S;2015;205000;90000;Essence;Automatique;Ariana;9;;;;2026-07-27;Active;https://www.autocentral.tn/#FACEBOOK-1338805328460833
autocentral.tn (facebook);KIA SPORTAGE GT-LINE;Mercedes;Classe S;2015;205000;90000;Essence;Automatique;Ariana;9;;;;2026-07-27;Active;https://www.autocentral.tn/#FACEBOOK-1338779688463397
autocentral.tn (facebook);MERCEDES ML 320;Mercedes;Classe S;2015;205000;90000;Essence;Automatique;Ariana;9;;;;2026-07-27;Active;https://www.autocentral.tn/#FACEBOOK-1338773365130696
autocentral.tn (facebook);HAVAL JOLION;Mercedes;Classe S;2015;205000;90000;Essence;Automatique;Sousse;5;;;;2026-07-28;Active;https://www.autocentral.tn/#FACEBOOK-1079375641420106
autocentral.tn (facebook);KIA RIO;Kia;Rio;2020;43500;235000;Essence;Manuelle;Manuelle;5;;;;2026-07-28;Active;https://www.autocentral.tn/#FACEBOOK-1079369788087358
autocentral.tn (facebook);JAGUAR F-TYPE R DYNAMIC;Mercedes;Classe S;2015;205000;90000;Essence;Automatique;Sousse;5;;;;2026-07-28;Active;https://www.autocentral.tn/#FACEBOOK-1045410184543021
autocentral.tn (facebook);MERCEDES GLA 250E;Mercedes;Gla;2023;135000;60000;Hybrid;Automatique;Automatique;8;;;;2026-07-28;Active;https://www.autocentral.tn/#FACEBOOK-1356084073312375
autocentral.tn (facebook);MERCEDES CLA250E 255;Mercedes;Classe S;2015;205000;90000;Essence;Automatique;Sousse;5;;;;2026-07-28;Active;https://www.autocentral.tn/#FACEBOOK-1473664624789929
autocentral.tn (facebook);MINI COOPER;Mini;Cooper;2019;68000;80000;Essence;Automatique;Automatique;7;;;;2026-07-28;Active;https://www.autocentral.tn/#FACEBOOK-1356034716650644
autocentral.tn (facebook);TOYOTA PRADO EX RS TU;Mercedes;Classe S;2015;205000;90000;Essence;Automatique;Sousse;5;;;;2026-07-28;Active;https://www.autocentral.tn/#FACEBOOK-969891996070802
autocentral.tn (facebook);MERCEDES CLS V6;Mercedes;Classe S;2015;205000;90000;Essence;Automatique;Sousse;5;;;;2026-07-28;Active;https://www.autocentral.tn/#FACEBOOK-1446622120830128
autocentral.tn (facebook);MERCEDES CLASSE CLA 250E;Mercedes;Classe S;2015;205000;90000;Essence;Automatique;Sousse;5;;;;2026-07-28;Active;https://www.autocentral.tn/#FACEBOOK-1050020490917164
autocentral.tn (facebook);MERCEDES GLE 53E 4MATIC;Mercedes;Classe S;2015;205000;90000;Essence;Automatique;Sousse;5;;;;2026-07-28;Active;https://www.autocentral.tn/#FACEBOOK-1050017684250778
autocentral.tn (facebook);MERCEDES CLASSE CLA 250E;Mercedes;Classe S;2015;205000;90000;Essence;Automatique;Sousse;5;;;;2026-07-28;Active;https://www.autocentral.tn/#FACEBOOK-1050014710917742
autocentral.tn (facebook);MERCEDES GLE 400E COUPÉ 4MATIC PACK AMG;Mercedes;Gle;2025;324000;24000;Hybrid;Automatique;Automatique;15;;;;2026-07-28;Active;https://www.autocentral.tn/#FACEBOOK-1042475571503149
autocentral.tn (facebook);MERCEDES CLASSE A 250E;Mercedes;Classe A;2021;105000;68000;Hybrid;Automatique;Automatique;8;;;;2026-07-28;Active;https://www.autocentral.tn/#FACEBOOK-1042472304836809
autocentral.tn (facebook);IVECO DAILY;Mercedes;Classe S;2015;205000;90000;Essence;Automatique;Ben Arous;7;;;;2026-07-29;Active;https://www.autocentral.tn/#FACEBOOK-1449258260566514
autocentral.tn (facebook);PEUGEOT 301;Peugeot;301;2023;35800;301137000;Essence;Manuelle;Manuelle;5;;;;2026-07-29;Active;https://www.autocentral.tn/#FACEBOOK-1080127728011564
autocentral.tn (facebook);VOLKSWAGEN GOLF 8;Mercedes;Classe S;2015;205000;90000;Essence;Automatique;Ben Arous;7;;;;2026-07-29;Active;https://www.autocentral.tn/#FACEBOOK-1408729664489443
autocentral.tn (facebook);MERCEDES CLASSE E;Mercedes;Classe E;2012;52000;370000;Diesel;Automatique;Automatique;12;;;;2026-07-29;Active;https://www.autocentral.tn/#FACEBOOK-1079971608027176
autocentral.tn (facebook);MERCEDES CLASSE A 250E;Mercedes;Classe S;2015;205000;90000;Essence;Automatique;Ben Arous;7;;;;2026-07-29;Active;https://www.autocentral.tn/#FACEBOOK-1105263548495285
autocentral.tn (facebook);KIA SPORTAGE GT-LINE;Mercedes;Classe S;2015;205000;90000;Essence;Automatique;Ben Arous;7;;;;2026-07-29;Active;https://www.autocentral.tn/#FACEBOOK-996636460045517
autocentral.tn (facebook);SUZUKI CELERIO;Suzuki;Celerio;2024;38500;36000;Essence;Manuelle;Manuelle;4;;;;2026-07-29;Active;https://www.autocentral.tn/#FACEBOOK-1079367734754230
autocentral.tn (facebook);SEAT IBIZA FR;Seat;Ibiza;2020;61000;127000;Essence;Manuelle;Manuelle;6;;;;2026-07-29;Active;https://www.autocentral.tn/#FACEBOOK-1079365674754436
autocentral.tn (facebook);FORD FOCUS;Ford;Focus;2018;36500;150000;Essence;Manuelle;Manuelle;6;;;;2026-07-29;Active;https://www.autocentral.tn/#FACEBOOK-1079363348088002
autocentral.tn (facebook);HYUNDAI GRAND I10;Hyundai;Grand I10;2017;35500;10150000;Essence;Automatique;Automatique;5;;;;2026-07-29;Active;https://www.autocentral.tn/#FACEBOOK-1079361191421551
autocentral.tn (facebook);HYUNDAI GRAND I10;Mercedes;Classe S;2015;205000;90000;Essence;Automatique;Ben Arous;7;;;;2026-07-29;Active;https://www.autocentral.tn/#FACEBOOK-1079338241423846
autocentral.tn (facebook);MERCEDES S350 W220 FACELIFT;Mercedes;Classe S;2015;205000;90000;Essence;Automatique;Ben Arous;7;;;;2026-07-29;Active;https://www.autocentral.tn/#FACEBOOK-1044816291269077
autocentral.tn (facebook);VOLKSWAGEN POLO;Volkswagen;Polo;2021;55000;80000;Essence;Manuelle;Manuelle;4;;;;2026-07-30;Active;https://www.autocentral.tn/#FACEBOOK-1079914421366228
autocentral.tn (facebook);VOLKSWAGEN PASSAT B8;Mercedes;Classe S;2015;205000;90000;Essence;Automatique;Monastir;5;;;;2026-07-30;Active;https://www.autocentral.tn/#FACEBOOK-971436879249647
autocentral.tn (facebook);DACIA SANDERO STEPWAY;Mercedes;Classe S;2015;205000;90000;Essence;Automatique;Monastir;5;;;;2026-07-30;Active;https://www.autocentral.tn/#FACEBOOK-1470831465081461
autocentral.tn (facebook);CITROËN DSUPER 5;Jaguar;F-type;2017;324000;10000;Essence;Automatique;Voir l'annonce →;;;;;2026-08-03;Active;https://www.autocentral.tn/#FACEBOOK-825857346498307
autocentral.tn (facebook);PEUGEOT 403 SUPER LUXE;Jaguar;F-type;2017;324000;10000;Essence;Automatique;Voir l'annonce →;;;;;2026-08-03;Active;https://www.autocentral.tn/#FACEBOOK-823238860093489
autocentral.tn (facebook);MERCEDES AMG G63 TRIPLE BLACK - DESIGNO;Jaguar;F-type;2017;324000;10000;Essence;Automatique;Voir l'annonce →;;;;;2026-08-03;Active;https://www.autocentral.tn/#FACEBOOK-415904727493573
autocentral.tn (facebook);DEUX RANGE ROVER VOGUE DE GÉNÉRATIONS DIFFÉRENTES;Volkswagen;Golf 8;2021;105000;73000;Essence;Automatique;Sousse;;;;;2026-08-04;Active;https://www.autocentral.tn/#FACEBOOK-409435134807199
autocentral.tn (facebook);JEEP WRANGLER JK;Volkswagen;Golf 8;2021;105000;73000;Essence;Automatique;Sousse;;;;;2026-08-04;Active;https://www.autocentral.tn/#FACEBOOK-340094148407965
autocentral.tn (facebook);MERCEDES C220 CDI;;;;45000;;;;;;;;;2026-08-06;Active;https://www.autocentral.tn/#FACEBOOK-1607512638041139
autocentral.tn (facebook);MERCEDES E220;;;;30000;;;;;;;;;2026-08-06;Active;https://www.autocentral.tn/#FACEBOOK-1607627831362953
autocentral.tn (facebook);FIAT PANDA;;;;25000;;;;;;;;;2026-08-06;Active;https://www.autocentral.tn/#FACEBOOK-1635841471874922
autocentral.tn (facebook);HYUNDAI GRAND I10;;;;36000;;;;;;;;;2026-08-06;Active;https://www.autocentral.tn/#FACEBOOK-1607387488053654
autocentral.tn (facebook);PEUGEOT 207;;;;27000;;;;;;;;;2026-08-06;Active;https://www.autocentral.tn/#FACEBOOK-1607363368056066
autocentral.tn (facebook);HAVAL H6;DSG;7 AUTOMATIQUE BLUE MOTION;2011;45000;245000;Essence;Automatique;Med;95;;;;2026-08-06;Active;https://www.autocentral.tn/#FACEBOOK-1456346623191011
autocentral.tn (facebook);RENAULT MEGANE 4;DSG;7 AUTOMATIQUE BLUE MOTION;2011;45000;245000;Essence;Automatique;Med;95;;;;2026-08-06;Active;https://www.autocentral.tn/#FACEBOOK-1444000341092306
autocentral.tn (facebook);KIA PICANTO;DSG;7 AUTOMATIQUE BLUE MOTION;2011;45000;245000;Essence;Automatique;Med;95;;;;2026-08-06;Active;https://www.autocentral.tn/#FACEBOOK-1444111537747853
autocentral.tn (facebook);CITROEN C3;DSG;7 AUTOMATIQUE BLUE MOTION;2011;45000;245000;Essence;Automatique;Med;95;;;;2026-08-06;Active;https://www.autocentral.tn/#FACEBOOK-1087133703977633
autocentral.tn (facebook);VOLKSWAGEN POLO PRESTIGE;DSG;7 AUTOMATIQUE BLUE MOTION;2011;45000;245000;Essence;Automatique;Med;95;;;;2026-08-06;Active;https://www.autocentral.tn/#FACEBOOK-122101951485330504
autocentral.tn (facebook);KIA X CEED;DSG;7 AUTOMATIQUE BLUE MOTION;2011;45000;245000;Essence;Automatique;Med;95;;;;2026-08-06;Active;https://www.autocentral.tn/#FACEBOOK-1055192653733281
autocentral.tn (facebook);MERCEDES CLASSE CLA 250E;;;;165000;;;;;;;;;2026-08-06;Active;https://www.autocentral.tn/#FACEBOOK-1060250103227536
autocentral.tn (facebook);VOLKSWAGEN GOLF 7;DSG;7 AUTOMATIQUE BLUE MOTION;2011;45000;245000;Essence;Automatique;Med;95;;;;2026-08-06;Active;https://www.autocentral.tn/#FACEBOOK-1055222453730301
autocentral.tn (facebook);MERCEDES GLE 400E;DSG;7 AUTOMATIQUE BLUE MOTION;2011;45000;245000;Essence;Automatique;Med;95;;;;2026-08-06;Active;https://www.autocentral.tn/#FACEBOOK-1060275063225040
autocentral.tn (facebook);MERCEDES CLASSE CLA 250E;;;;160000;;;;;;;;;2026-08-06;Active;https://www.autocentral.tn/#FACEBOOK-1060264653226081
autocentral.tn (facebook);HYUNDAI TUCSON;;;;135000;;;;;;;;;2026-08-06;Active;https://www.autocentral.tn/#FACEBOOK-944334201970899
autocentral.tn (facebook);VOLKSWAGEN GOLF 7.5;;;;67000;;;;;;;;;2026-08-06;Active;https://www.autocentral.tn/#FACEBOOK-964877259916593
autocentral.tn (facebook);MERCEDES CLASSE GLE 450E;;;;360000;;;;;;;;;2026-08-06;Active;https://www.autocentral.tn/#FACEBOOK-947784744959178
autocentral.tn (facebook);MERCEDES CLASSE C C180 KIT AMG;;;;158000;;;;;;;;;2026-08-06;Active;https://www.autocentral.tn/#FACEBOOK-977728271964825
autocentral.tn (facebook);MERCEDES GLE 53AMG;DSG;7 AUTOMATIQUE BLUE MOTION;2011;45000;245000;Essence;Automatique;Med;95;;;;2026-08-06;Active;https://www.autocentral.tn/#FACEBOOK-1058126386733679
autocentral.tn (facebook);BMW SÉRIE 5 520I;DSG;7 AUTOMATIQUE BLUE MOTION;2011;45000;245000;Essence;Automatique;Med;95;;;;2026-08-06;Active;https://www.autocentral.tn/#FACEBOOK-1058008423412142
autocentral.tn (facebook);BMW SÉRIE 3 330E PACK M PRO;DSG;7 AUTOMATIQUE BLUE MOTION;2011;45000;245000;Essence;Automatique;Med;95;;;;2026-08-06;Active;https://www.autocentral.tn/#FACEBOOK-1049773610902290
autocentral.tn (facebook);JEEP WRANGLER RUBICON;DSG;7 AUTOMATIQUE BLUE MOTION;2011;45000;245000;Essence;Automatique;Med;95;;;;2026-08-06;Active;https://www.autocentral.tn/#FACEBOOK-1058781816668136
autocentral.tn (facebook);KIA SPORTAGE GT-LINE MHEV;DSG;7 AUTOMATIQUE BLUE MOTION;2011;45000;245000;Essence;Automatique;Med;95;;;;2026-08-06;Active;https://www.autocentral.tn/#FACEBOOK-1057128146833503
autocentral.tn (facebook);AUDI A6;DSG;7 AUTOMATIQUE BLUE MOTION;2011;45000;245000;Essence;Automatique;Med;95;;;;2026-08-06;Active;https://www.autocentral.tn/#FACEBOOK-1057977896748528
autocentral.tn (facebook);AUDI Q5 S-LINE;DSG;7 AUTOMATIQUE BLUE MOTION;2011;45000;245000;Essence;Automatique;Med;95;;;;2026-08-06;Active;https://www.autocentral.tn/#FACEBOOK-1074075221626009
autocentral.tn (facebook);VOLKSWAGEN TIGUAN;DSG;7 AUTOMATIQUE BLUE MOTION;2011;45000;245000;Essence;Automatique;Med;95;;;;2026-08-06;Active;https://www.autocentral.tn/#FACEBOOK-122131140105144580
autocentral.tn (facebook);DISCOVERY R DYNAMIC;DSG;7 AUTOMATIQUE BLUE MOTION;2011;45000;245000;Essence;Automatique;Med;95;;;;2026-08-06;Active;https://www.autocentral.tn/#FACEBOOK-122131215357144580
autocentral.tn (facebook);MERCEDES C220;DSG;7 AUTOMATIQUE BLUE MOTION;2011;45000;245000;Essence;Automatique;Med;95;;;;2026-08-06;Active;https://www.autocentral.tn/#FACEBOOK-122131294767144580
autocentral.tn (facebook);KIA RIO GT LINE;DSG;7 AUTOMATIQUE BLUE MOTION;2011;45000;245000;Essence;Automatique;Med;95;;;;2026-08-06;Active;https://www.autocentral.tn/#FACEBOOK-122130290955144580
autocentral.tn (facebook);MINI COOPER PACEMAN;DSG;7 AUTOMATIQUE BLUE MOTION;2011;45000;245000;Essence;Automatique;Med;95;;;;2026-08-06;Active;https://www.autocentral.tn/#FACEBOOK-122135076513144580
autocentral.tn (facebook);MERCEDES GLE 450E AMG LINE LUXURY LIMITED EDITION;DSG;7 AUTOMATIQUE BLUE MOTION;2011;45000;245000;Essence;Automatique;Med;95;;;;2026-08-06;Active;https://www.autocentral.tn/#FACEBOOK-122132772549144580
autocentral.tn (facebook);BMW 420 I PACK M PRO;DSG;7 AUTOMATIQUE BLUE MOTION;2011;45000;245000;Essence;Automatique;Med;95;;;;2026-08-06;Active;https://www.autocentral.tn/#FACEBOOK-997474943295002
autocentral.tn (facebook);SEAT IBIZA;DSG;7 AUTOMATIQUE BLUE MOTION;2011;45000;245000;Essence;Automatique;Med;95;;;;2026-08-06;Active;https://www.autocentral.tn/#FACEBOOK-991005673941929
autocentral.tn (facebook);RENAULT RAFALE;DSG;7 AUTOMATIQUE BLUE MOTION;2011;45000;245000;Essence;Automatique;Med;95;;;;2026-08-06;Active;https://www.autocentral.tn/#FACEBOOK-999227659786397
autocentral.tn (facebook);LAND ROVER RANGE ROVER SPORT P460 DYNAMIC SE;DSG;7 AUTOMATIQUE BLUE MOTION;2011;45000;245000;Essence;Automatique;Med;95;;;;2026-08-06;Active;https://www.autocentral.tn/#FACEBOOK-986174244425072
autocentral.tn (facebook);VOLKSWAGEN GOLF 7;DSG;7 AUTOMATIQUE BLUE MOTION;2011;45000;245000;Essence;Automatique;Med;95;;;;2026-08-06;Active;https://www.autocentral.tn/#FACEBOOK-991008620608301
autocentral.tn (facebook);MERCEDES C 180;DSG;7 AUTOMATIQUE BLUE MOTION;2011;45000;245000;Essence;Automatique;Med;95;;;;2026-08-06;Active;https://www.autocentral.tn/#FACEBOOK-991012083941288
autocentral.tn (facebook);PORSCHE CAYENNE;DSG;7 AUTOMATIQUE BLUE MOTION;2011;45000;245000;Essence;Automatique;Med;95;;;;2026-08-06;Active;https://www.autocentral.tn/#FACEBOOK-991015783940918
autocentral.tn (facebook);VOLKSWAGEN POLO R LINE;;;;29108;;;;;;;;;2026-08-06;Active;https://www.autocentral.tn/#FACEBOOK-1478000451023013
autocentral.tn (facebook);MERCEDES C 200 AMG;DSG;7 AUTOMATIQUE BLUE MOTION;2011;45000;245000;Essence;Automatique;Med;95;;;;2026-08-06;Active;https://www.autocentral.tn/#FACEBOOK-1477997901023268
autocentral.tn (facebook);MERCEDES A180;DSG;7 AUTOMATIQUE BLUE MOTION;2011;45000;245000;Essence;Automatique;Med;95;;;;2026-08-06;Active;https://www.autocentral.tn/#FACEBOOK-1474985854666022
autocentral.tn (facebook);MERCEDES CLASSE C AMG;DSG;7 AUTOMATIQUE BLUE MOTION;2011;45000;245000;Essence;Automatique;Med;95;;;;2026-08-06;Active;https://www.autocentral.tn/#FACEBOOK-122297672330203143
autocentral.tn (facebook);MERCEDES CLASSE C;DSG;7 AUTOMATIQUE BLUE MOTION;2011;45000;245000;Essence;Automatique;Med;95;;;;2026-08-06;Active;https://www.autocentral.tn/#FACEBOOK-122294843720203143
autocentral.tn (facebook);PEUGEOT 207;DSG;7 AUTOMATIQUE BLUE MOTION;2011;45000;245000;Essence;Automatique;Med;95;;;;2026-08-06;Active;https://www.autocentral.tn/#FACEBOOK-122287780514203143
autocentral.tn (facebook);FIAT 500 DOLCEVITA;DSG;7 AUTOMATIQUE BLUE MOTION;2011;45000;245000;Essence;Automatique;Med;95;;;;2026-08-06;Active;https://www.autocentral.tn/#FACEBOOK-122285843804203143
autocentral.tn (facebook);MERCEDES CLS 350 D;DSG;7 AUTOMATIQUE BLUE MOTION;2011;45000;245000;Essence;Automatique;Med;95;;;;2026-08-06;Active;https://www.autocentral.tn/#FACEBOOK-122294838908203143
autocentral.tn (facebook);VOLKSWAGEN AMAROK;DSG;7 AUTOMATIQUE BLUE MOTION;2011;45000;245000;Essence;Automatique;Med;95;;;;2026-08-06;Active;https://www.autocentral.tn/#FACEBOOK-122294841338203143
autocentral.tn (facebook);PORSCHE PANAMERA;DSG;7 AUTOMATIQUE BLUE MOTION;2011;45000;245000;Essence;Automatique;Med;95;;;;2026-08-06;Active;https://www.autocentral.tn/#FACEBOOK-122294840024203143
autocentral.tn (facebook);MG ONE;DSG;7 AUTOMATIQUE BLUE MOTION;2011;45000;245000;Essence;Automatique;Med;95;;;;2026-08-06;Active;https://www.autocentral.tn/#FACEBOOK-122297670410203143
autocentral.tn (facebook);BMW SERIE 6 645I;DSG;7 AUTOMATIQUE BLUE MOTION;2011;45000;245000;Essence;Automatique;Med;95;;;;2026-08-06;Active;https://www.autocentral.tn/#FACEBOOK-122294842586203143
autocentral.tn (facebook);BMW 530E LIMOUSINE G60;DSG;7 AUTOMATIQUE BLUE MOTION;2011;45000;245000;Essence;Automatique;Med;95;;;;2026-08-06;Active;https://www.autocentral.tn/#FACEBOOK-1458717006273237
autocentral.tn (facebook);MERCEDES E-CLASS E300E;DSG;7 AUTOMATIQUE BLUE MOTION;2011;45000;245000;Essence;Automatique;Med;95;;;;2026-08-06;Active;https://www.autocentral.tn/#FACEBOOK-1458699349608336
autocentral.tn (facebook);AUDI A4 S-LINE;DSG;7 AUTOMATIQUE BLUE MOTION;2011;45000;245000;Essence;Automatique;Med;95;;;;2026-08-06;Active;https://www.autocentral.tn/#FACEBOOK-1449823130495958
autocentral.tn (facebook);MERCEDES CLA250E AMG-LINE PACK NIGHT;DSG;7 AUTOMATIQUE BLUE MOTION;2011;45000;245000;Essence;Automatique;Med;95;;;;2026-08-06;Active;https://www.autocentral.tn/#FACEBOOK-1464842205660717
autocentral.tn (facebook);MERCEDES C 300E AMG LINE;DSG;7 AUTOMATIQUE BLUE MOTION;2011;45000;245000;Essence;Automatique;Med;95;;;;2026-08-06;Active;https://www.autocentral.tn/#FACEBOOK-122238138026053605
autocentral.tn (facebook);MERCEDES A 250E;DSG;7 AUTOMATIQUE BLUE MOTION;2011;45000;245000;Essence;Automatique;Med;95;;;;2026-08-06;Active;https://www.autocentral.tn/#FACEBOOK-122238832178053605
autocentral.tn (facebook);DACIA DUSTER;DSG;7 AUTOMATIQUE BLUE MOTION;2011;45000;245000;Essence;Automatique;Med;95;;;;2026-08-06;Active;https://www.autocentral.tn/#FACEBOOK-122237992670053605
autocentral.tn (facebook);MERCEDES C 300E AMG LINE;DSG;7 AUTOMATIQUE BLUE MOTION;2011;45000;245000;Essence;Automatique;Med;95;;;;2026-08-06;Active;https://www.autocentral.tn/#FACEBOOK-122238924866053605
autocentral.tn (facebook);TOYOTA LAND CRUISER PRADO;DSG;7 AUTOMATIQUE BLUE MOTION;2011;45000;245000;Essence;Automatique;Med;95;;;;2026-08-06;Active;https://www.autocentral.tn/#FACEBOOK-1340044498336916
autocentral.tn (facebook);DACIA STEPWAY;;;;53800;;;;;;;;;2026-08-06;Active;https://www.autocentral.tn/#FACEBOOK-1479389190883826
autocentral.tn (facebook);MERCEDES CLASSE C 300E AMG;;;;145000;;;;;;;;;2026-08-06;Active;https://www.autocentral.tn/#FACEBOOK-1362140212706761
autocentral.tn (facebook);MERCEDES CLASSE A 250E;;;;119000;;;;;;;;;2026-08-06;Active;https://www.autocentral.tn/#FACEBOOK-1358045113116271
autocentral.tn (facebook);KIA RIO;;;;50000;;;;;;;;;2026-08-06;Active;https://www.autocentral.tn/#FACEBOOK-1635495161909553
autocentral.tn (facebook);MERCEDES CLA;;;;50000;;;;;;;;;2026-08-06;Active;https://www.autocentral.tn/#FACEBOOK-1635485518577184
autocentral.tn (facebook);RENAULT MÉGANE;;;;28000;;;;;;;;;2026-08-06;Active;https://www.autocentral.tn/#FACEBOOK-1580973594028377
autocentral.tn (facebook);TOYOTA C-HR;DSG;7 AUTOMATIQUE BLUE MOTION;2011;45000;245000;Essence;Automatique;Med;95;;;;2026-08-06;Active;https://www.autocentral.tn/#FACEBOOK-1408930764469333
autocentral.tn (facebook);AUDI Q3 SPORTBACK S-LINE;DSG;7 AUTOMATIQUE BLUE MOTION;2011;45000;245000;Essence;Automatique;Med;95;;;;2026-08-06;Active;https://www.autocentral.tn/#FACEBOOK-1412828267412916
autocentral.tn (facebook);SSANGYONG TIVOLI;DSG;7 AUTOMATIQUE BLUE MOTION;2011;45000;245000;Essence;Automatique;Med;95;;;;2026-08-06;Active;https://www.autocentral.tn/#FACEBOOK-1412250237470719
autocentral.tn (facebook);MERCEDES CLASSE GLE 350E;DSG;7 AUTOMATIQUE BLUE MOTION;2011;45000;245000;Essence;Automatique;Med;95;;;;2026-08-06;Active;https://www.autocentral.tn/#FACEBOOK-1013934341014301
autocentral.tn (facebook);JEEP WRANGLER RUBICON;DSG;7 AUTOMATIQUE BLUE MOTION;2011;45000;245000;Essence;Automatique;Med;95;;;;2026-08-06;Active;https://www.autocentral.tn/#FACEBOOK-1013918694349199
autocentral.tn (facebook);PORSCHE CAYENNE COUPÉ GTS;DSG;7 AUTOMATIQUE BLUE MOTION;2011;45000;245000;Essence;Automatique;Med;95;;;;2026-08-06;Active;https://www.autocentral.tn/#FACEBOOK-1013924574348611
autocentral.tn (facebook);VOLKSWAGEN ID.4;DSG;7 AUTOMATIQUE BLUE MOTION;2011;45000;245000;Essence;Automatique;Med;95;;;;2026-08-06;Active;https://www.autocentral.tn/#FACEBOOK-1013903941017341
autocentral.tn (facebook);VOLKSWAGEN PASSAT;;;;54000;;;;;;;;;2026-08-06;Active;https://www.autocentral.tn/#FACEBOOK-1086346747389662
autocentral.tn (facebook);VOLKSWAGEN POLO;;;;34500;;;;;;;;;2026-08-06;Active;https://www.autocentral.tn/#FACEBOOK-1085407064150297
autocentral.tn (facebook);RENAULT KADJAR;;;;47500;;;;;;;;;2026-08-06;Active;https://www.autocentral.tn/#FACEBOOK-1085349790822691
autocentral.tn (facebook);MERCEDES GLE 400E 4 MATIC KIT AMG;DSG;7 AUTOMATIQUE BLUE MOTION;2011;45000;245000;Essence;Automatique;Med;95;;;;2026-08-06;Active;https://www.autocentral.tn/#FACEBOOK-1085293410828329
autocentral.tn (facebook);MINI COOPER;DSG;7 AUTOMATIQUE BLUE MOTION;2011;45000;245000;Essence;Automatique;Med;95;;;;2026-08-06;Active;https://www.autocentral.tn/#FACEBOOK-798956453178829
autocentral.tn (facebook);AUDI S5;DSG;7 AUTOMATIQUE BLUE MOTION;2011;45000;245000;Essence;Automatique;Med;95;;;;2026-08-06;Active;https://www.autocentral.tn/#FACEBOOK-810520468689094
autocentral.tn (facebook);MERCEDES CLA 180 AMG;DSG;7 AUTOMATIQUE BLUE MOTION;2011;45000;245000;Essence;Automatique;Med;95;;;;2026-08-06;Active;https://www.autocentral.tn/#FACEBOOK-805640025843805
autocentral.tn (facebook);BMW X1;DSG;7 AUTOMATIQUE BLUE MOTION;2011;45000;245000;Essence;Automatique;Med;95;;;;2026-08-06;Active;https://www.autocentral.tn/#FACEBOOK-810522012022273
autocentral.tn (facebook);VOLKSWAGEN ID.4 PRIME;DSG;7 AUTOMATIQUE BLUE MOTION;2011;45000;245000;Essence;Automatique;Med;95;;;;2026-08-06;Active;https://www.autocentral.tn/#FACEBOOK-806559595751848
autocentral.tn (facebook);MERCEDES CLASSE E200 KIT AMG;DSG;7 AUTOMATIQUE BLUE MOTION;2011;45000;245000;Essence;Automatique;Med;95;;;;2026-08-06;Active;https://www.autocentral.tn/#FACEBOOK-766085699799238
autocentral.tn (facebook);MERCEDES C300E AMG;DSG;7 AUTOMATIQUE BLUE MOTION;2011;45000;245000;Essence;Automatique;Med;95;;;;2026-08-06;Active;https://www.autocentral.tn/#FACEBOOK-122101955859330504
autocentral.tn (facebook);KIA PICANTO GTLINE;DSG;7 AUTOMATIQUE BLUE MOTION;2011;45000;245000;Essence;Automatique;Med;95;;;;2026-08-06;Active;https://www.autocentral.tn/#FACEBOOK-122101956597330504
autocentral.tn (facebook);MERCEDES GLC 300 AMG;DSG;7 AUTOMATIQUE BLUE MOTION;2011;45000;245000;Essence;Automatique;Med;95;;;;2026-08-06;Active;https://www.autocentral.tn/#FACEBOOK-1085541560466257
autocentral.tn (facebook);MERCEDES GLE 400 E PREMIUM PLUS;DSG;7 AUTOMATIQUE BLUE MOTION;2011;45000;245000;Essence;Automatique;Med;95;;;;2026-08-06;Active;https://www.autocentral.tn/#FACEBOOK-1084662600554153
autocentral.tn (facebook);CITROËN C4;DSG;7 AUTOMATIQUE BLUE MOTION;2011;45000;245000;Essence;Automatique;Med;95;;;;2026-08-06;Active;https://www.autocentral.tn/#FACEBOOK-1009110238301961
autocentral.tn (facebook);SKODA SCALA;DSG;7 AUTOMATIQUE BLUE MOTION;2011;45000;245000;Essence;Automatique;Med;95;;;;2026-08-06;Active;https://www.autocentral.tn/#FACEBOOK-1034700099076308
autocentral.tn (facebook);LAND ROVER RANGE ROVER SPORT P460 DYNAMIC HSE;DSG;7 AUTOMATIQUE BLUE MOTION;2011;45000;245000;Essence;Automatique;Med;95;;;;2026-08-06;Active;https://www.autocentral.tn/#FACEBOOK-1034947892384862
autocentral.tn (facebook);LAND ROVER RANGE ROVER SPORT P460 DYNAMIC SE;DSG;7 AUTOMATIQUE BLUE MOTION;2011;45000;245000;Essence;Automatique;Med;95;;;;2026-08-06;Active;https://www.autocentral.tn/#FACEBOOK-1033657752513876
autocentral.tn (facebook);LAND ROVER RANGE ROVER SPORT;DSG;7 AUTOMATIQUE BLUE MOTION;2011;45000;245000;Essence;Automatique;Med;95;;;;2026-08-06;Active;https://www.autocentral.tn/#FACEBOOK-1010932614786390
autocentral.tn (facebook);BMW SÉRIE 3 320E;DSG;7 AUTOMATIQUE BLUE MOTION;2011;45000;245000;Essence;Automatique;Med;95;;;;2026-08-06;Active;https://www.autocentral.tn/#FACEBOOK-1020476970498621
autocentral.tn (facebook);MERCEDES GLA 220D AMG;DSG;7 AUTOMATIQUE BLUE MOTION;2011;45000;245000;Essence;Automatique;Med;95;;;;2026-08-06;Active;https://www.autocentral.tn/#FACEBOOK-1011080758104909
autocentral.tn (facebook);AUDI A3 S.LINE;DSG;7 AUTOMATIQUE BLUE MOTION;2011;45000;245000;Essence;Automatique;Med;95;;;;2026-08-06;Active;https://www.autocentral.tn/#FACEBOOK-1017862900760028
autocentral.tn (facebook);MERCEDES GLC COUPE AMG;DSG;7 AUTOMATIQUE BLUE MOTION;2011;45000;245000;Essence;Automatique;Med;95;;;;2026-08-06;Active;https://www.autocentral.tn/#FACEBOOK-1039920898554228
autocentral.tn (facebook);LAND ROVER RANGE ROVER P530;DSG;7 AUTOMATIQUE BLUE MOTION;2011;45000;245000;Essence;Automatique;Med;95;;;;2026-08-06;Active;https://www.autocentral.tn/#FACEBOOK-1033960475816937
autocentral.tn (facebook);KIA SPORTAGE;DSG;7 AUTOMATIQUE BLUE MOTION;2011;45000;245000;Essence;Automatique;Med;95;;;;2026-08-06;Active;https://www.autocentral.tn/#FACEBOOK-1033817622497889
autocentral.tn (facebook);CHEVROLET SILVERADO;DSG;7 AUTOMATIQUE BLUE MOTION;2011;45000;245000;Essence;Automatique;Med;95;;;;2026-08-06;Active;https://www.autocentral.tn/#FACEBOOK-1017732757439709
autocentral.tn (facebook);RANGE ROVER VELAR P300 R-DYNAMIC;DSG;7 AUTOMATIQUE BLUE MOTION;2011;45000;245000;Essence;Automatique;Med;95;;;;2026-08-06;Active;https://www.autocentral.tn/#FACEBOOK-122126875797144580
autocentral.tn (facebook);KIA RIO GT LINE;DSG;7 AUTOMATIQUE BLUE MOTION;2011;45000;245000;Essence;Automatique;Med;95;;;;2026-08-06;Active;https://www.autocentral.tn/#FACEBOOK-122126685165144580
autocentral.tn (facebook);MERCEDES E 300E;;;;50000;;;;;;;;;2026-08-06;Active;https://www.autocentral.tn/#FACEBOOK-122127208875144580
autocentral.tn (facebook);NISSAN QASHQAI;DSG;7 AUTOMATIQUE BLUE MOTION;2011;45000;245000;Essence;Automatique;Med;95;;;;2026-08-06;Active;https://www.autocentral.tn/#FACEBOOK-122127322245144580
autocentral.tn (facebook);PEUGEOT 308 GT;DSG;7 AUTOMATIQUE BLUE MOTION;2011;45000;245000;Essence;Automatique;Med;95;;;;2026-08-06;Active;https://www.autocentral.tn/#FACEBOOK-122127044817144580
autocentral.tn (facebook);KIA XCEED;DSG;7 AUTOMATIQUE BLUE MOTION;2011;45000;245000;Essence;Automatique;Med;95;;;;2026-08-06;Active;https://www.autocentral.tn/#FACEBOOK-122126877069144580
autocentral.tn (facebook);:50.923.847;DSG;7 AUTOMATIQUE BLUE MOTION;2011;45000;245000;Essence;Automatique;Med;95;;;;2026-08-06;Active;https://www.autocentral.tn/#FACEBOOK-122129386389144580
autocentral.tn (facebook);:53.226.992;DSG;7 AUTOMATIQUE BLUE MOTION;2011;45000;245000;Essence;Automatique;Med;95;;;;2026-08-06;Active;https://www.autocentral.tn/#FACEBOOK-122129702055144580
autocentral.tn (facebook);FORD KUGA;DSG;7 AUTOMATIQUE BLUE MOTION;2011;45000;245000;Essence;Automatique;Med;95;;;;2026-08-06;Active;https://www.autocentral.tn/#FACEBOOK-122127226635144580
autocentral.tn (facebook);FIAT 500;DSG;7 AUTOMATIQUE BLUE MOTION;2011;45000;245000;Essence;Automatique;Med;95;;;;2026-08-06;Active;https://www.autocentral.tn/#FACEBOOK-1106306081724365
autocentral.tn (facebook);MERCEDES GLC 300E 4MATIC;DSG;7 AUTOMATIQUE BLUE MOTION;2011;45000;245000;Essence;Automatique;Med;95;;;;2026-08-06;Active;https://www.autocentral.tn/#FACEBOOK-1105588295129477
autocentral.tn (facebook);MERCEDES GLE 400E 4MATIC;DSG;7 AUTOMATIQUE BLUE MOTION;2011;45000;245000;Essence;Automatique;Med;95;;;;2026-08-06;Active;https://www.autocentral.tn/#FACEBOOK-1108248178196822
autocentral.tn (facebook);KIA SPORTAGE GT-LINE;DSG;7 AUTOMATIQUE BLUE MOTION;2011;45000;245000;Essence;Automatique;Med;95;;;;2026-08-06;Active;https://www.autocentral.tn/#FACEBOOK-1106127455075561
autocentral.tn (facebook);MERCEDES GLE 350 E AMG;DSG;7 AUTOMATIQUE BLUE MOTION;2011;45000;245000;Essence;Automatique;Med;95;;;;2026-08-06;Active;https://www.autocentral.tn/#FACEBOOK-1002648642777632
autocentral.tn (facebook);HAVAL H6;DSG;7 AUTOMATIQUE BLUE MOTION;2011;45000;245000;Essence;Automatique;Med;95;;;;2026-08-06;Active;https://www.autocentral.tn/#FACEBOOK-973864319006903
autocentral.tn (facebook);MERCEDES C200;DSG;7 AUTOMATIQUE BLUE MOTION;2011;45000;245000;Essence;Automatique;Med;95;;;;2026-08-06;Active;https://www.autocentral.tn/#FACEBOOK-1475246957965029
autocentral.tn (facebook);CITROËN C3;;;;29108;;;;;;;;;2026-08-06;Active;https://www.autocentral.tn/#FACEBOOK-1475440201279038
autocentral.tn (facebook);BMW 418 I;DSG;7 AUTOMATIQUE BLUE MOTION;2011;45000;245000;Essence;Automatique;Med;95;;;;2026-08-06;Active;https://www.autocentral.tn/#FACEBOOK-1475249834631408
autocentral.tn (facebook);MERCEDES GLC 400E;DSG;7 AUTOMATIQUE BLUE MOTION;2011;45000;245000;Essence;Automatique;Med;95;;;;2026-08-06;Active;https://www.autocentral.tn/#FACEBOOK-1468953251916279
autocentral.tn (facebook);MERCEDES C 220;DSG;7 AUTOMATIQUE BLUE MOTION;2011;45000;245000;Essence;Automatique;Med;95;;;;2026-08-06;Active;https://www.autocentral.tn/#FACEBOOK-1344862397855126
autocentral.tn (facebook);MERCEDES GLC200 COUPÉ EDITION AMG 4MATIC;DSG;7 AUTOMATIQUE BLUE MOTION;2011;45000;245000;Essence;Automatique;Med;95;;;;2026-08-06;Active;https://www.autocentral.tn/#FACEBOOK-1338320045008391
autocentral.tn (facebook);BYD SEALION07;DSG;7 AUTOMATIQUE BLUE MOTION;2011;45000;245000;Essence;Automatique;Med;95;;;;2026-08-06;Active;https://www.autocentral.tn/#FACEBOOK-1383436940496701
autocentral.tn (facebook);PORSCHE CAYENNE TURBO-GT;DSG;7 AUTOMATIQUE BLUE MOTION;2011;45000;245000;Essence;Automatique;Med;95;;;;2026-08-06;Active;https://www.autocentral.tn/#FACEBOOK-1350690193771376
autocentral.tn (facebook);HYUNDAI GRAND SANTAFE AWD 7 PLACES;;;;85000;;;;;;;;;2026-08-06;Active;https://www.autocentral.tn/#FACEBOOK-1361810696073046
autocentral.tn (facebook);MERCEDES C200;DSG;7 AUTOMATIQUE BLUE MOTION;2011;45000;245000;Essence;Automatique;Med;95;;;;2026-08-06;Active;https://www.autocentral.tn/#FACEBOOK-1418114163680924
autocentral.tn (facebook);HYUNDAI I10;DSG;7 AUTOMATIQUE BLUE MOTION;2011;45000;245000;Essence;Automatique;Med;95;;;;2026-08-06;Active;https://www.autocentral.tn/#FACEBOOK-1426041672888173
autocentral.tn (facebook);CITROEN C2;DSG;7 AUTOMATIQUE BLUE MOTION;2011;45000;245000;Essence;Automatique;Med;95;;;;2026-08-06;Active;https://www.autocentral.tn/#FACEBOOK-1425327609626246
autocentral.tn (facebook);MAZDA BT50;DSG;7 AUTOMATIQUE BLUE MOTION;2011;45000;245000;Essence;Automatique;Med;95;;;;2026-08-06;Active;https://www.autocentral.tn/#FACEBOOK-1440363814789292
autocentral.tn (facebook);CITROEN DS4;DSG;7 AUTOMATIQUE BLUE MOTION;2011;45000;245000;Essence;Automatique;Med;95;;;;2026-08-06;Active;https://www.autocentral.tn/#FACEBOOK-1427032242789116
autocentral.tn (facebook);PEUGEOT PARTNER;DSG;7 AUTOMATIQUE BLUE MOTION;2011;45000;245000;Essence;Automatique;Med;95;;;;2026-08-06;Active;https://www.autocentral.tn/#FACEBOOK-1415553230603684
autocentral.tn (facebook);VOLKSWAGEN VIRTUS;DSG;7 AUTOMATIQUE BLUE MOTION;2011;45000;245000;Essence;Automatique;Med;95;;;;2026-08-06;Active;https://www.autocentral.tn/#FACEBOOK-1421551890003818
autocentral.tn (facebook);PEUGEOT 208;DSG;7 AUTOMATIQUE BLUE MOTION;2011;45000;245000;Essence;Automatique;Med;95;;;;2026-08-06;Active;https://www.autocentral.tn/#FACEBOOK-1438006901691650
autocentral.tn (facebook);MAZDA BT50;DSG;7 AUTOMATIQUE BLUE MOTION;2011;45000;245000;Essence;Automatique;Med;95;;;;2026-08-06;Active;https://www.autocentral.tn/#FACEBOOK-1415401593952181
autocentral.tn (facebook);MAZDA BT50;DSG;7 AUTOMATIQUE BLUE MOTION;2011;45000;245000;Essence;Automatique;Med;95;;;;2026-08-06;Active;https://www.autocentral.tn/#FACEBOOK-1438111945014479
autocentral.tn (facebook);MERCEDES CLASSE CLA 250E;;;;150000;;;;;;;;;2026-08-06;Active;https://www.autocentral.tn/#FACEBOOK-1055177037068176
autocentral.tn (facebook);BMW SÉRIE 5 520I;DSG;7 AUTOMATIQUE BLUE MOTION;2011;45000;245000;Essence;Automatique;Med;95;;;;2026-08-06;Active;https://www.autocentral.tn/#FACEBOOK-1043798458166472
autocentral.tn (facebook);PEUGEOT PARTNER K9;DSG;7 AUTOMATIQUE BLUE MOTION;2011;45000;245000;Essence;Automatique;Med;95;;;;2026-08-06;Active;https://www.autocentral.tn/#FACEBOOK-122133440661144580
autocentral.tn (facebook);KIA SORENTO;DSG;7 AUTOMATIQUE BLUE MOTION;2011;45000;245000;Essence;Automatique;Med;95;;;;2026-08-06;Active;https://www.autocentral.tn/#FACEBOOK-122133341025144580
autocentral.tn (facebook);MERCEDES GLA 250E;DSG;7 AUTOMATIQUE BLUE MOTION;2011;45000;245000;Essence;Automatique;Med;95;;;;2026-08-06;Active;https://www.autocentral.tn/#FACEBOOK-1108165641538409
autocentral.tn (facebook);MERCEDES GLC 300E;DSG;7 AUTOMATIQUE BLUE MOTION;2011;45000;245000;Essence;Automatique;Med;95;;;;2026-08-06;Active;https://www.autocentral.tn/#FACEBOOK-1111621684526138
autocentral.tn (facebook);PEUGEOT PARTNER;DSG;7 AUTOMATIQUE BLUE MOTION;2011;45000;245000;Essence;Automatique;Med;95;;;;2026-08-06;Active;https://www.autocentral.tn/#FACEBOOK-1475355577962383
autocentral.tn (facebook);MERCEDES CLA 250E;DSG;7 AUTOMATIQUE BLUE MOTION;2011;45000;245000;Essence;Automatique;Med;95;;;;2026-08-06;Active;https://www.autocentral.tn/#FACEBOOK-122235414650053605
autocentral.tn (facebook);VOLKSWAGEN TIGUAN R-LINE;DSG;7 AUTOMATIQUE BLUE MOTION;2011;45000;245000;Essence;Automatique;Med;95;;;;2026-08-06;Active;https://www.autocentral.tn/#FACEBOOK-122236051772053605
autocentral.tn (facebook);BMW 520I F10;DSG;7 AUTOMATIQUE BLUE MOTION;2011;45000;245000;Essence;Automatique;Med;95;;;;2026-08-06;Active;https://www.autocentral.tn/#FACEBOOK-122235222410053605
autocentral.tn (facebook);MERCEDES GLE 400E 4MATIC;DSG;7 AUTOMATIQUE BLUE MOTION;2011;45000;245000;Essence;Automatique;Med;95;;;;2026-08-06;Active;https://www.autocentral.tn/#FACEBOOK-122236748138053605
autocentral.tn (facebook);VOLKSWAGEN TIGUAN;DSG;7 AUTOMATIQUE BLUE MOTION;2011;45000;245000;Essence;Automatique;Med;95;;;;2026-08-06;Active;https://www.autocentral.tn/#FACEBOOK-122235495650053605
autocentral.tn (facebook);VOLKSWAGEN GOLF 7.5;DSG;7 AUTOMATIQUE BLUE MOTION;2011;45000;245000;Essence;Automatique;Med;95;;;;2026-08-06;Active;https://www.autocentral.tn/#FACEBOOK-122234976392053605
autocentral.tn (facebook);LAND ROVER RANGE ROVER SPORT P400E HSE;DSG;7 AUTOMATIQUE BLUE MOTION;2011;45000;245000;Essence;Automatique;Med;95;;;;2026-08-06;Active;https://www.autocentral.tn/#FACEBOOK-122236597142053605
autocentral.tn (facebook);LAND ROVER RANGE ROVER EVOQUE;DSG;7 AUTOMATIQUE BLUE MOTION;2011;45000;245000;Essence;Automatique;Med;95;;;;2026-08-06;Active;https://www.autocentral.tn/#FACEBOOK-122234904494053605
autocentral.tn (facebook);SUZUKI SWIFT;;;;25300;;;;;;;;;2026-08-06;Active;https://www.autocentral.tn/#FACEBOOK-122236506740053605
autocentral.tn (facebook);VOLKSWAGEN GOLF 8;DSG;7 AUTOMATIQUE BLUE MOTION;2011;45000;245000;Essence;Automatique;Med;95;;;;2026-08-06;Active;https://www.autocentral.tn/#FACEBOOK-122237360066053605
autocentral.tn (facebook);️ CITROEN BERLINGO 3 PLACES ️;DSG;7 AUTOMATIQUE BLUE MOTION;2011;45000;245000;Essence;Automatique;Med;95;;;;2026-08-06;Active;https://www.autocentral.tn/#FACEBOOK-122236355144053605
autocentral.tn (facebook);MERCEDES GLE 400E;DSG;7 AUTOMATIQUE BLUE MOTION;2011;45000;245000;Essence;Automatique;Med;95;;;;2026-08-06;Active;https://www.autocentral.tn/#FACEBOOK-122236674074053605
autocentral.tn (facebook);CLIO CAMPUS STORIA   CHEZ #YOUSSEFCAR_SFAX;Seat;Leon;2016;10000;158000;Essence;Automatique;Monastir;6;;;;2026-08-07;Active;https://www.autocentral.tn/#FACEBOOK-1457138926445114
autocentral.tn (facebook);LAND ROVER RANGE ROVER SPORT P460E R-DYNAMIC-HSE;Seat;Leon;2016;10000;158000;Essence;Automatique;Monastir;6;;;;2026-08-07;Active;https://www.autocentral.tn/#FACEBOOK-995717459502656
autocentral.tn (facebook);MERCEDES CLASSE GLE 350DE;Seat;Leon;2016;10000;158000;Essence;Automatique;Monastir;6;;;;2026-08-07;Active;https://www.autocentral.tn/#FACEBOOK-1000571072350628
autocentral.tn (facebook);CUPRA LEON 290;Seat;Leon;2016;10000;158000;Essence;Automatique;Monastir;6;;;;2026-08-07;Active;https://www.autocentral.tn/#FACEBOOK-1013895634351505
autocentral.tn (facebook);LAND ROVER EVOQUE P300E BLACK EDITION;Seat;Leon;2016;10000;158000;Essence;Automatique;Monastir;6;;;;2026-08-07;Active;https://www.autocentral.tn/#FACEBOOK-1070812415285623
autocentral.tn (facebook);FIAT 500 DOLCEVITA;Seat;Leon;2016;10000;158000;Essence;Automatique;Monastir;6;;;;2026-08-07;Active;https://www.autocentral.tn/#FACEBOOK-122134948797144580
autocentral.tn (facebook);KIA SPORTAGE GT LINE;Seat;Leon;2016;10000;158000;Essence;Automatique;Monastir;6;;;;2026-08-07;Active;https://www.autocentral.tn/#FACEBOOK-1469508188538906
autocentral.tn (facebook);SUZUKI ERTIGA;;;;29108;;;;;;;;;2026-08-07;Active;https://www.autocentral.tn/#FACEBOOK-1482511287238596
autocentral.tn (facebook);KIA SPORTAGE;Seat;Leon;2016;10000;158000;Essence;Automatique;Monastir;6;;;;2026-08-07;Active;https://www.autocentral.tn/#FACEBOOK-1469541995202192
autocentral.tn (facebook);OPEL COSSLAND;;;;29108;;;;;;;;;2026-08-07;Active;https://www.autocentral.tn/#FACEBOOK-1469385745217817
autocentral.tn (facebook);LAND ROVER RANGE ROVER DISCOVERY R DYNAMIQUE;Seat;Leon;2016;10000;158000;Essence;Automatique;Monastir;6;;;;2026-08-07;Active;https://www.autocentral.tn/#FACEBOOK-1482533613903030
autocentral.tn (facebook);KIA SPORTAGE;Seat;Leon;2016;10000;158000;Essence;Automatique;Monastir;6;;;;2026-08-07;Active;https://www.autocentral.tn/#FACEBOOK-1479833210847953
autocentral.tn (facebook);PEUGEOT 208;;;;31800;;;;;;;;;2026-08-07;Active;https://www.autocentral.tn/#FACEBOOK-1480031374152941
autocentral.tn (facebook);KIA PICANTO;;;;24000;;;;;;;;;2026-08-07;Active;https://www.autocentral.tn/#FACEBOOK-1607344358057967
autocentral.tn (facebook);AUDI A3 SPORTBACK 35 TFSI S LINE;;;;130000;;;;;;;;;2026-08-07;Active;https://www.autocentral.tn/#FACEBOOK-1583381757120894
autocentral.tn (facebook);BMW 530 E XDRIVE PACK M PRO;Seat;Leon;2016;10000;158000;Essence;Automatique;Monastir;6;;;;2026-08-07;Active;https://www.autocentral.tn/#FACEBOOK-1004517505924079
autocentral.tn (facebook);VOLKSWAGEN GOLF 6;Seat;Leon;2016;10000;158000;Essence;Automatique;Monastir;6;;;;2026-08-07;Active;https://www.autocentral.tn/#FACEBOOK-1004507939258369
autocentral.tn (facebook);ISUZU D’MAX;Seat;Leon;2016;10000;158000;Essence;Automatique;Monastir;6;;;;2026-08-07;Active;https://www.autocentral.tn/#FACEBOOK-1004503619258801
autocentral.tn (facebook);VOLKSWAGEN PASSAT B9;Seat;Leon;2016;10000;158000;Essence;Automatique;Monastir;6;;;;2026-08-07;Active;https://www.autocentral.tn/#FACEBOOK-1004510452591451
autocentral.tn (facebook);MITSUBISHI SPACE STAR;Seat;Leon;2016;10000;158000;Essence;Automatique;Monastir;6;;;;2026-08-07;Active;https://www.autocentral.tn/#FACEBOOK-1479354867562454
autocentral.tn (facebook);KIA SPORTAGE;Seat;Leon;2016;10000;158000;Essence;Automatique;Monastir;6;;;;2026-08-07;Active;https://www.autocentral.tn/#FACEBOOK-1479348714229736
autocentral.tn (facebook);FIAT 500 HYBRIDE;Seat;Leon;2016;10000;158000;Essence;Automatique;Monastir;6;;;;2026-08-07;Active;https://www.autocentral.tn/#FACEBOOK-122237770856053605
autocentral.tn (facebook);BMW 330E XDRIVE;Seat;Leon;2016;10000;158000;Essence;Automatique;Monastir;6;;;;2026-08-07;Active;https://www.autocentral.tn/#FACEBOOK-122237986448053605
autocentral.tn (facebook);VOLKSWAGEN GOLF 8;Seat;Leon;2016;10000;158000;Essence;Automatique;Monastir;6;;;;2026-08-07;Active;https://www.autocentral.tn/#FACEBOOK-122237773190053605
autocentral.tn (facebook);NISSAN MICRA;Seat;Leon;2016;10000;158000;Essence;Automatique;Monastir;6;;;;2026-08-07;Active;https://www.autocentral.tn/#FACEBOOK-1337567381917961
autocentral.tn (facebook);VOLKSWAGEN TIGUAN R-LINE;Seat;Leon;2016;10000;158000;Essence;Automatique;Monastir;6;;;;2026-08-07;Active;https://www.autocentral.tn/#FACEBOOK-122304207020203143
autocentral.tn (facebook);MERCEDES C200 CDI;Seat;Leon;2016;10000;158000;Essence;Automatique;Monastir;6;;;;2026-08-07;Active;https://www.autocentral.tn/#FACEBOOK-122128764345144580
autocentral.tn (facebook);FORD FUSION;Renault;Master;2022;60000;200000;Essence;Automatique;Kais Riahi;50;;;;2026-08-08;Active;https://www.autocentral.tn/#FACEBOOK-1457941339698206
autocentral.tn (facebook);KIA X CEED;Renault;Master;2022;60000;200000;Essence;Automatique;Kais Riahi;50;;;;2026-08-08;Active;https://www.autocentral.tn/#FACEBOOK-1062058389713374
autocentral.tn (facebook);KIA SPORTAGE GT-LINE;Renault;Master;2022;60000;200000;Essence;Automatique;Kais Riahi;50;;;;2026-08-08;Active;https://www.autocentral.tn/#FACEBOOK-1064023596143958
autocentral.tn (facebook);TOYOTA RAV 4 G R;Renault;Master;2022;60000;200000;Essence;Automatique;Kais Riahi;50;;;;2026-08-08;Active;https://www.autocentral.tn/#FACEBOOK-1005886282453868
autocentral.tn (facebook);MERCEDES CLA 250E;Renault;Master;2022;60000;200000;Essence;Automatique;Kais Riahi;50;;;;2026-08-08;Active;https://www.autocentral.tn/#FACEBOOK-1005877949121368
autocentral.tn (facebook);RENAULT CLIO 5;Renault;Master;2022;60000;200000;Essence;Automatique;Kais Riahi;50;;;;2026-08-08;Active;https://www.autocentral.tn/#FACEBOOK-1480811357416805
autocentral.tn (facebook);PEUGEOT 206;;;;18000;;;;;;;;;2026-08-08;Active;https://www.autocentral.tn/#FACEBOOK-1637512301707839
autocentral.tn (facebook);NISSAN PATROL;;;;50000;;;;;;;;;2026-08-08;Active;https://www.autocentral.tn/#FACEBOOK-1637524831706586
autocentral.tn (facebook);VOLKSWAGEN TIGUAN;;;;56000;;;;;;;;;2026-08-08;Active;https://www.autocentral.tn/#FACEBOOK-1088101487214188
autocentral.tn (facebook);HYUNDAI BAYON;;;;69000;;;;;;;;;2026-08-08;Active;https://www.autocentral.tn/#FACEBOOK-1088086010549069
autocentral.tn (facebook);FORD FOCUS;;;;36500;;;;;;;;;2026-08-08;Active;https://www.autocentral.tn/#FACEBOOK-1088092947215042
autocentral.tn (facebook);LAND ROVER RANGE ROVER ÉVOQUE R DYNAMIC P300E;Renault;Master;2022;60000;200000;Essence;Automatique;Kais Riahi;50;;;;2026-08-08;Active;https://www.autocentral.tn/#FACEBOOK-1088090697215267
autocentral.tn (facebook);BMW X1 XDRIVE 25 E;;;;95000;;;;;;;;;2026-08-08;Active;https://www.autocentral.tn/#FACEBOOK-1060246153227931
autocentral.tn (facebook);PORSCHE CAYENNE E-HYBRIDE;Renault;Master;2022;60000;200000;Essence;Automatique;Kais Riahi;50;;;;2026-08-08;Active;https://www.autocentral.tn/#FACEBOOK-1061309499748701
autocentral.tn (facebook);MERCEDES C 300E KIT AMG;Renault;Master;2022;60000;200000;Essence;Automatique;Kais Riahi;50;;;;2026-08-08;Active;https://www.autocentral.tn/#FACEBOOK-1098815319140108
autocentral.tn (facebook);KAWASAKI 1000  CHEZ AUTO RÊVE RAMZI;Renault;Master;2022;60000;200000;Essence;Automatique;Kais Riahi;50;;;;2026-08-08;Active;https://www.autocentral.tn/#FACEBOOK-1002729402769556
autocentral.tn (facebook);CITROËN C4 CACTUS SHINE;;;;29108;;;;;;;;;2026-08-08;Active;https://www.autocentral.tn/#FACEBOOK-1482937313862660
autocentral.tn (facebook);CITROËN C3;;;;29108;;;;;;;;;2026-08-08;Active;https://www.autocentral.tn/#FACEBOOK-1482934567196268
autocentral.tn (facebook);RENAULT MÉGANE 4 LIMITED;Renault;Master;2022;60000;200000;Essence;Automatique;Kais Riahi;50;;;;2026-08-08;Active;https://www.autocentral.tn/#FACEBOOK-1480203440810930
autocentral.tn (facebook);VOLKSWAGEN TIGUAN R-LINE;Renault;Master;2022;60000;200000;Essence;Automatique;Kais Riahi;50;;;;2026-08-08;Active;https://www.autocentral.tn/#FACEBOOK-1471977191613885
autocentral.tn (facebook);MERCEDES GLC 300E;Renault;Master;2022;60000;200000;Essence;Automatique;Kais Riahi;50;;;;2026-08-08;Active;https://www.autocentral.tn/#FACEBOOK-122238921518053605
autocentral.tn (facebook);DACIA SANDERO STEPWAY;Renault;Master;2022;60000;200000;Essence;Automatique;Kais Riahi;50;;;;2026-08-08;Active;https://www.autocentral.tn/#FACEBOOK-122239647260053605
autocentral.tn (facebook);AUDI Q3 S-LINE;Renault;Master;2022;60000;200000;Essence;Automatique;Kais Riahi;50;;;;2026-08-08;Active;https://www.autocentral.tn/#FACEBOOK-1351198530554846
autocentral.tn (facebook);SKODA KAROO;Renault;Master;2022;60000;200000;Essence;Automatique;Kais Riahi;50;;;;2026-08-08;Active;https://www.autocentral.tn/#FACEBOOK-1469391435217248
autocentral.tn (facebook);VOLKSWAGEN GOLF GTI;;;;41000;;;;;;;;;2026-08-10;Active;https://www.autocentral.tn/#FACEBOOK-1638876294904773
autocentral.tn (facebook);SEAT IBIZA;Suzuki;187 000 km;2020;35500;187000;Essence;Automatique;Mehdi Auto;5;;;;2026-08-10;Active;https://www.autocentral.tn/#FACEBOOK-1417472823615127
autocentral.tn (facebook);BMW SERIE 1 M-PRO-INDIVIDUAL;Suzuki;187 000 km;2020;35500;187000;Essence;Automatique;Mehdi Auto;5;;;;2026-08-10;Active;https://www.autocentral.tn/#FACEBOOK-972092568531812
autocentral.tn (facebook);MERCEDES CLASSE A250E;Suzuki;187 000 km;2020;35500;187000;Essence;Automatique;Mehdi Auto;5;;;;2026-08-10;Active;https://www.autocentral.tn/#FACEBOOK-941112268296509
autocentral.tn (facebook);MERCEDES CLASSE CLA250E;Suzuki;187 000 km;2020;35500;187000;Essence;Automatique;Mehdi Auto;5;;;;2026-08-10;Active;https://www.autocentral.tn/#FACEBOOK-984087640665638
autocentral.tn (facebook);MERCEDES E300 E PREMIUM PLUS;Suzuki;187 000 km;2020;35500;187000;Essence;Automatique;Mehdi Auto;5;;;;2026-08-10;Active;https://www.autocentral.tn/#FACEBOOK-1091029679917445
autocentral.tn (facebook);MERCEDES GLA 250 E KIT AMG;Suzuki;187 000 km;2020;35500;187000;Essence;Automatique;Mehdi Auto;5;;;;2026-08-10;Active;https://www.autocentral.tn/#FACEBOOK-1073415398345540
autocentral.tn (facebook);MERCEDES CLA 250 E;Suzuki;187 000 km;2020;35500;187000;Essence;Automatique;Mehdi Auto;5;;;;2026-08-10;Active;https://www.autocentral.tn/#FACEBOOK-1074150684938678
autocentral.tn (facebook);MERCEDES GLE 53 AMG;Suzuki;187 000 km;2020;35500;187000;Essence;Automatique;Mehdi Auto;5;;;;2026-08-10;Active;https://www.autocentral.tn/#FACEBOOK-1072611781759235
autocentral.tn (facebook);SEAT IBIZA;Suzuki;187 000 km;2020;35500;187000;Essence;Automatique;Mehdi Auto;5;;;;2026-08-10;Active;https://www.autocentral.tn/#FACEBOOK-1073885481631865
autocentral.tn (facebook);VOLKSWAGEN TIGUAN R-LINE;Suzuki;187 000 km;2020;35500;187000;Essence;Automatique;Mehdi Auto;5;;;;2026-08-10;Active;https://www.autocentral.tn/#FACEBOOK-1073914144962332
autocentral.tn (facebook);MERCEDES GLC 300 E KIT AMG;Suzuki;187 000 km;2020;35500;187000;Essence;Automatique;Mehdi Auto;5;;;;2026-08-10;Active;https://www.autocentral.tn/#FACEBOOK-1071838655169881
autocentral.tn (facebook);LAND ROVER RANGE ROVER SPORT;Suzuki;187 000 km;2020;35500;187000;Essence;Automatique;Mehdi Auto;5;;;;2026-08-10;Active;https://www.autocentral.tn/#FACEBOOK-1363413212538728
autocentral.tn (facebook);RENAULT MEGANE 4;Suzuki;187 000 km;2020;35500;187000;Essence;Automatique;Mehdi Auto;5;;;;2026-08-10;Active;https://www.autocentral.tn/#FACEBOOK-1006691872373309
autocentral.tn (facebook);VOLKSWAGEN TIGUAN R-LINE;Suzuki;187 000 km;2020;35500;187000;Essence;Automatique;Mehdi Auto;5;;;;2026-08-10;Active;https://www.autocentral.tn/#FACEBOOK-1473358448142426
autocentral.tn (facebook);VOLKSWAGEN GOLF 8;Suzuki;187 000 km;2020;35500;187000;Essence;Automatique;Mehdi Auto;5;;;;2026-08-10;Active;https://www.autocentral.tn/#FACEBOOK-1473343331477271
autocentral.tn (facebook);MERCEDES GLE 350E;;;;245000;;;;;;;;;2026-08-10;Active;https://www.autocentral.tn/#FACEBOOK-1366314672289315
autocentral.tn (facebook);AUDI A3 1.4 ETFSI;;;;86500;;;;;;;;;2026-08-10;Active;https://www.autocentral.tn/#FACEBOOK-1366169682303814
autocentral.tn (facebook);RENAULT CLIO;;;;29000;;;;;;;;;2026-08-10;Active;https://www.autocentral.tn/#FACEBOOK-1638643011594768
autocentral.tn (facebook);MERCEDES CLASSE C 220 CDI;;;;41000;;;;;;;;;2026-08-10;Active;https://www.autocentral.tn/#FACEBOOK-1089008593790144
autocentral.tn (facebook);SEAT IBIZA;;;;37800;;;;;;;;;2026-08-10;Active;https://www.autocentral.tn/#FACEBOOK-1088992823791721
autocentral.tn (facebook);MERCEDES GLE 400 E;Suzuki;187 000 km;2020;35500;187000;Essence;Automatique;Mehdi Auto;5;;;;2026-08-10;Active;https://www.autocentral.tn/#FACEBOOK-1090612336625846
autocentral.tn (facebook);MERCEDES GLC 300 AMG;Suzuki;187 000 km;2020;35500;187000;Essence;Automatique;Mehdi Auto;5;;;;2026-08-10;Active;https://www.autocentral.tn/#FACEBOOK-982261371483026
autocentral.tn (facebook);MERCEDES GLE 350 E;Suzuki;187 000 km;2020;35500;187000;Essence;Automatique;Mehdi Auto;5;;;;2026-08-10;Active;https://www.autocentral.tn/#FACEBOOK-982250734817423
autocentral.tn (facebook);HAVAL JOLION;Suzuki;187 000 km;2020;35500;187000;Essence;Automatique;Mehdi Auto;5;;;;2026-08-10;Active;https://www.autocentral.tn/#FACEBOOK-982247851484378
autocentral.tn (facebook);HYUNDAI TUCSON N LINE;Suzuki;187 000 km;2020;35500;187000;Essence;Automatique;Mehdi Auto;5;;;;2026-08-10;Active;https://www.autocentral.tn/#FACEBOOK-986148674427629
autocentral.tn (facebook);PEUGEOT 208;Suzuki;187 000 km;2020;35500;187000;Essence;Automatique;Mehdi Auto;5;;;;2026-08-10;Active;https://www.autocentral.tn/#FACEBOOK-982086684833828
autocentral.tn (facebook);MINI COOPER JOHN COOPER WORKS;Suzuki;187 000 km;2020;35500;187000;Essence;Automatique;Mehdi Auto;5;;;;2026-08-10;Active;https://www.autocentral.tn/#FACEBOOK-122239727714053605
autocentral.tn (facebook);TOYOTA CHR;;;;64000;;;;;;;;;2026-08-11;Active;https://www.autocentral.tn/#FACEBOOK-1091272383563765
autocentral.tn (facebook);KIA SORENTO;;;;135000;;;;;;;;;2026-08-11;Active;https://www.autocentral.tn/#FACEBOOK-1091269296897407
autocentral.tn (facebook);FORD FOCUS;;;;35500;;;;;;;;;2026-08-11;Active;https://www.autocentral.tn/#FACEBOOK-1091264820231188
autocentral.tn (facebook);MERCEDES GLE4004MATIC AMG;ACTIVE;2020;2020;60000;72020120000;Essence;Automatique;Manuelle;5;;;;2026-08-11;Active;https://www.autocentral.tn/#FACEBOOK-1518801140291160
autocentral.tn (facebook);KIA SORENTO;;;;51000;;;;;;;;;2026-08-11;Active;https://www.autocentral.tn/#FACEBOOK-1518784690292805
autocentral.tn (facebook);VOLKSWAGEN GOLF 8 R;;;;209000;;;;;;;;;2026-08-11;Active;https://www.autocentral.tn/#FACEBOOK-1056585630092143
autocentral.tn (facebook);FIAT GRANDE PUNTO EVO EVO;;;;25000;;;;;;;;;2026-08-11;Active;https://www.autocentral.tn/#FACEBOOK-1640182894774113
autocentral.tn (facebook);VOLKSWAGEN GOLF 5;;;;32000;;;;;;;;;2026-08-11;Active;https://www.autocentral.tn/#FACEBOOK-1640167011442368
autocentral.tn (facebook);CITROËN C4 III FELL PACK;;;;70000;;;;;;;;;2026-08-11;Active;https://www.autocentral.tn/#FACEBOOK-1565660962226307
autocentral.tn (facebook);FIAT 500;;;;42000;;;;;;;;;2026-08-11;Active;https://www.autocentral.tn/#FACEBOOK-1418379983524411
autocentral.tn (facebook);PEUGEOT EXPERT – MODÈLE 2022;ACTIVE;2020;2020;60000;72020120000;Essence;Automatique;Manuelle;5;;;;2026-08-11;Active;https://www.autocentral.tn/#FACEBOOK-982160224843979
autocentral.tn (facebook);SUZUKI JIMNY;ACTIVE;2020;2020;60000;72020120000;Essence;Automatique;Manuelle;5;;;;2026-08-11;Active;https://www.autocentral.tn/#FACEBOOK-1352887960385903
autocentral.tn (facebook);MERCEDES CLASSE C 250 COUPÉ AMG;;;;108000;;;;;;;;;2026-08-12;Active;https://www.autocentral.tn/#FACEBOOK-1058112856606087
autocentral.tn (facebook);MERCEDES GLA 180;;;;66000;;;;;;;;;2026-08-12;Active;https://www.autocentral.tn/#FACEBOOK-1420689019960174
autocentral.tn (facebook);MG ZS;;;;67000;;;;;;;;;2026-08-12;Active;https://www.autocentral.tn/#FACEBOOK-1461485952677078
autocentral.tn (facebook);MERCEDES A250E AMG LINE;Diesel;31 cv;2012;54000;12012132000;Essence;Automatique;Automatique;9;;;;2026-08-12;Active;https://www.autocentral.tn/#FACEBOOK-1067243432488641
autocentral.tn (facebook);PEUGEOT 206+;;;;22000;;;;;;;;;2026-08-12;Active;https://www.autocentral.tn/#FACEBOOK-1483893863775221
autocentral.tn (facebook);FIAT FIORINO;;;;36000;;;;;;;;;2026-08-12;Active;https://www.autocentral.tn/#FACEBOOK-1091507560206914
autocentral.tn (facebook);HYUNDAI TUCSON N-LINE;Diesel;31 cv;2012;54000;12012132000;Essence;Automatique;Automatique;9;;;;2026-08-12;Active;https://www.autocentral.tn/#FACEBOOK-1692788382849376
autocentral.tn (facebook);MERCEDES C 180 AMG LINE;Diesel;31 cv;2012;54000;12012132000;Essence;Automatique;Automatique;9;;;;2026-08-12;Active;https://www.autocentral.tn/#FACEBOOK-122239947416053605
autocentral.tn (facebook);VOLKSWAGEN GOLF 7;;;;47000;;;;;;;;;2026-08-13;Active;https://www.autocentral.tn/#FACEBOOK-1091905776509620
autocentral.tn (facebook);VOLKSWAGEN PASSAT;;;;76000;;;;;;;;;2026-08-13;Active;https://www.autocentral.tn/#FACEBOOK-1010397118669451
autocentral.tn (facebook);VOLKSWAGEN POLO;;;;35000;;;;;;;;;2026-08-13;Active;https://www.autocentral.tn/#FACEBOOK-1010394175336412
autocentral.tn (facebook);RENAULT MEGANE 4;;;;42000;;;;;;;;;2026-08-13;Active;https://www.autocentral.tn/#FACEBOOK-1010391095336720
autocentral.tn (facebook);RENAULT CLIO 3;BMW;330E;2022;175000;202272000;Essence;Automatique;Manuelle;6;;;;2026-08-13;Active;https://www.autocentral.tn/#FACEBOOK-1485349136963027
autocentral.tn (facebook);VOLKSWAGEN GOLF 8;;;;81000;;;;;;;;;2026-08-13;Active;https://www.autocentral.tn/#FACEBOOK-1118204110534562
autocentral.tn (facebook);MERCEDES CL 550;BMW;330E;2022;175000;202272000;Essence;Automatique;Manuelle;6;;;;2026-08-13;Active;https://www.autocentral.tn/#FACEBOOK-1355879213420111
autocentral.tn (facebook);PEUGEOT 208;;;;35500;;;;;;;;;2026-08-13;Active;https://www.autocentral.tn/#FACEBOOK-1485288160293929
autocentral.tn (facebook);MERCEDES C200;BMW;330E;2022;175000;202272000;Essence;Automatique;Manuelle;6;;;;2026-08-13;Active;https://www.autocentral.tn/#FACEBOOK-1520532463451361
autocentral.tn (facebook);VOLKSWAGEN GOLF 8 GTE;BMW;330E;2022;175000;202272000;Essence;Automatique;Manuelle;6;;;;2026-08-13;Active;https://www.autocentral.tn/#FACEBOOK-1485264023638205
autocentral.tn (facebook);DACIA SANDERO;;;;44500;;;;;;;;;2026-08-13;Active;https://www.autocentral.tn/#FACEBOOK-1485267116962700
autocentral.tn (facebook);MERCEDES CLASSE C 300E AMG BLACK EDITION;BMW;330E;2022;175000;202272000;Essence;Automatique;Manuelle;6;;;;2026-08-13;Active;https://www.autocentral.tn/#FACEBOOK-1092338956790441
autocentral.tn (facebook);PEUGEOT 208;;;;38500;;;;;;;;;2026-08-13;Active;https://www.autocentral.tn/#FACEBOOK-1092335983457405
autocentral.tn (facebook);SEAT IBIZA;;;;35000;;;;;;;;;2026-08-13;Active;https://www.autocentral.tn/#FACEBOOK-1484736683690939
autocentral.tn (facebook);MERCEDES CLA 250 E;Essence;Manuelle;2024;160000;202415000;Essence;Automatique;Manuelle;5;;;;2026-08-14;Active;https://www.autocentral.tn/#FACEBOOK-1422328343129575
autocentral.tn (facebook);VOLKSWAGEN GOLF 7;;;;65000;;;;;;;;;2026-08-14;Active;https://www.autocentral.tn/#FACEBOOK-1370505951870187
autocentral.tn (facebook);MERCEDES GLC 300E 4MATIC PACK NIGHT;Essence;Manuelle;2024;160000;202415000;Essence;Automatique;Manuelle;5;;;;2026-08-14;Active;https://www.autocentral.tn/#FACEBOOK-1119220457099594
autocentral.tn (facebook);FIAT 500 DOLCEVITA;;;;46000;;;;;;;;;2026-08-14;Active;https://www.autocentral.tn/#FACEBOOK-1369315515281831
autocentral.tn (facebook);SEAT LEON CUPRA FR;;;;105000;;;;;;;;;2026-08-14;Active;https://www.autocentral.tn/#FACEBOOK-1059452193138820
autocentral.tn (facebook);MERCEDES C200 KIT AMG;;;;87000;;;;;;;;;2026-08-14;Active;https://www.autocentral.tn/#FACEBOOK-1095216909498722
autocentral.tn (facebook);MERCEDES C180 KIT AMG;Essence;Manuelle;2024;160000;202415000;Essence;Automatique;Manuelle;5;;;;2026-08-14;Active;https://www.autocentral.tn/#FACEBOOK-1095214929498920
autocentral.tn (facebook);TOYOTA AGYA;;;;32000;;;;;;;;;2026-08-14;Active;https://www.autocentral.tn/#FACEBOOK-1421653486530394
autocentral.tn (facebook);BMW SERIE 3 G20 320I KIT M;;;;150000;;;;;;;;;2026-08-14;Active;https://www.autocentral.tn/#FACEBOOK-1093207416703595
autocentral.tn (facebook);MINI COOPER CLUBMAN;;;;33000;;;;;;;;;2026-08-14;Active;https://www.autocentral.tn/#FACEBOOK-1093189196705417
autocentral.tn (facebook);ŠKODA KAMIQ – 1ER;Essence;Manuelle;2024;160000;202415000;Essence;Automatique;Manuelle;5;;;;2026-08-14;Active;https://www.autocentral.tn/#FACEBOOK-984699801256688
autocentral.tn (facebook);BMW X3 X-DRIVE 30E;Diesel;4 cv;2003;13500;22003258000;Essence;Automatique;Manuelle;6;;;;2026-08-14;Active;https://www.autocentral.tn/#FACEBOOK-1370261988520517
autocentral.tn (facebook);VOLKSWAGEN GOLF 8 GTE;Diesel;4 cv;2003;13500;22003258000;Essence;Automatique;Manuelle;6;;;;2026-08-14;Active;https://www.autocentral.tn/#FACEBOOK-1093567866343411
autocentral.tn (facebook);MERCEDES CLASS CLA 250E;Diesel;4 cv;2003;13500;22003258000;Essence;Automatique;Manuelle;6;;;;2026-08-14;Active;https://www.autocentral.tn/#FACEBOOK-1093558986344299
autocentral.tn (facebook);𝐒𝐓𝐀𝐑 𝐂𝐀𝐑 𝓟𝓛𝓤𝓢: 𝓽𝓾𝓷𝓲𝓼 𝓻𝓸𝓾𝓽𝓮 𝓶𝓪𝓻𝓼𝓪 𝓪𝓲𝓷 𝔃𝓪𝓰𝓱�;Diesel;4 cv;2003;13500;22003258000;Essence;Automatique;Manuelle;6;;;;2026-08-14;Active;https://www.autocentral.tn/#FACEBOOK-1093550436345154
autocentral.tn (facebook);AUDI A5 SPORTBACK;;;;111000;;;;;;;;;2026-08-14;Active;https://www.autocentral.tn/#FACEBOOK-1370210278525688
autocentral.tn (facebook);MERCEDES CLE 300E AMG+;;;;207000;;;;;;;;;2026-08-14;Active;https://www.autocentral.tn/#FACEBOOK-1060281849722521
autocentral.tn (facebook);TOYOTA C-HR;;;;65000;;;;;;;;;2026-08-14;Active;https://www.autocentral.tn/#FACEBOOK-122109908547330504
autocentral.tn (facebook);BMW 520I F10;Diesel;4 cv;2003;13500;22003258000;Essence;Automatique;Manuelle;6;;;;2026-08-14;Active;https://www.autocentral.tn/#FACEBOOK-122109905637330504
autocentral.tn (facebook);BMW X1 18I SDRIVE;;;;70000;;;;;;;;;2026-08-14;Active;https://www.autocentral.tn/#FACEBOOK-1060237323060307
autocentral.tn (facebook);FIAT 500;;;;48000;;;;;;;;;2026-08-14;Active;https://www.autocentral.tn/#FACEBOOK-1487061613458446
autocentral.tn (facebook);MERCEDES GLA 250;Diesel;4 cv;2003;13500;22003258000;Essence;Automatique;Manuelle;6;;;;2026-08-14;Active;https://www.autocentral.tn/#FACEBOOK-122109873039330504
autocentral.tn (facebook);MERCEDES GLE 350 E;Diesel;4 cv;2003;13500;22003258000;Essence;Automatique;Manuelle;6;;;;2026-08-14;Active;https://www.autocentral.tn/#FACEBOOK-1095638052789941
autocentral.tn (facebook);RENAULT MEGANE;;;;46000;;;;;;;;;2026-08-14;Active;https://www.autocentral.tn/#FACEBOOK-1486681256829815
autocentral.tn (facebook);CUPRA;Diesel;4 cv;2003;13500;22003258000;Essence;Automatique;Manuelle;6;;;;2026-08-14;Active;https://www.autocentral.tn/#FACEBOOK-1422400706455672
autocentral.tn (facebook);KIA SPORTAGE;;;;70000;;;;;;;;;2026-08-14;Active;https://www.autocentral.tn/#FACEBOOK-1094081039949566
autocentral.tn (facebook);MAHINDRA XUV 300;Diesel;4 cv;2003;13500;22003258000;Essence;Automatique;Manuelle;6;;;;2026-08-14;Active;https://www.autocentral.tn/#FACEBOOK-122136580347144580
autocentral.tn (facebook);MG ZS;;;;55000;;;;;;;;;2026-08-14;Active;https://www.autocentral.tn/#FACEBOOK-1094055383285465
autocentral.tn (facebook);MERCEDES GLC400E COUPÉ 4MATIC;Diesel;4 cv;2003;13500;22003258000;Essence;Automatique;Manuelle;6;;;;2026-08-14;Active;https://www.autocentral.tn/#FACEBOOK-1477905424354395
autocentral.tn (facebook);MERCEDES GLE 53 AMG;Essence;5 cv;2006;34500;2006192000;Essence;Automatique;Automatique;12;;;;2026-08-15;Active;https://www.autocentral.tn/#FACEBOOK-1728042688843504
autocentral.tn (facebook);VOLKSWAGEN AMAROK;;;;64000;;;;;;;;;2026-08-15;Active;https://www.autocentral.tn/#FACEBOOK-1488351069996167
autocentral.tn (facebook);AUDI A5 S-LINE;Essence;5 cv;2006;34500;2006192000;Essence;Automatique;Automatique;12;;;;2026-08-15;Active;https://www.autocentral.tn/#FACEBOOK-1097236095963470
autocentral.tn (facebook);MERCEDES GLE 350DE;Essence;5 cv;2006;34500;2006192000;Essence;Automatique;Automatique;12;;;;2026-08-15;Active;https://www.autocentral.tn/#FACEBOOK-122136764631144580
autocentral.tn (facebook);VOLKSWAGEN GOLF 7;;;;52000;;;;;;;;;2026-08-15;Active;https://www.autocentral.tn/#FACEBOOK-1097029549317458
autocentral.tn (facebook);SEAT IBIZA F R;;;;55000;;;;;;;;;2026-08-15;Active;https://www.autocentral.tn/#FACEBOOK-1012716405104189
autocentral.tn (facebook);KIA PICANTO;;;;36000;;;;;;;;;2026-08-15;Active;https://www.autocentral.tn/#FACEBOOK-1012714191771077
autocentral.tn (facebook);KIA RIO;;;;32000;;;;;;;;;2026-08-15;Active;https://www.autocentral.tn/#FACEBOOK-1012711591771337
autocentral.tn (facebook);VOLKSWAGEN GOLF 7.5;;;;62000;;;;;;;;;2026-08-15;Active;https://www.autocentral.tn/#FACEBOOK-1371400735114042
autocentral.tn (facebook);MERCEDES CLASSE C AMG;;;;95000;;;;;;;;;2026-08-15;Active;https://www.autocentral.tn/#FACEBOOK-1060731386344234
autocentral.tn (facebook);MERCEDES A 250 E KIT AMG;Essence;5 cv;2006;34500;2006192000;Essence;Automatique;Automatique;12;;;;2026-08-15;Active;https://www.autocentral.tn/#FACEBOOK-1096447356042344
autocentral.tn (facebook);MERCEDES C300E PACK NIGHT;Essence;5 cv;2006;34500;2006192000;Essence;Automatique;Automatique;12;;;;2026-08-15;Active;https://www.autocentral.tn/#FACEBOOK-1487436740087600
autocentral.tn (facebook);LAND ROVER RANGE ROVER SPORT P460E;Essence;5 cv;2006;34500;2006192000;Essence;Automatique;Automatique;12;;;;2026-08-15;Active;https://www.autocentral.tn/#FACEBOOK-1564664478692000
autocentral.tn (facebook);MERCEDES CLA 250E;Essence;5 cv;2006;34500;2006192000;Essence;Automatique;Automatique;12;;;;2026-08-15;Active;https://www.autocentral.tn/#FACEBOOK-1564653915359723
autocentral.tn (facebook);MERCEDES GLE 400E;Essence;5 cv;2006;34500;2006192000;Essence;Automatique;Automatique;12;;;;2026-08-15;Active;https://www.autocentral.tn/#FACEBOOK-1564613615363753
autocentral.tn (facebook);BMW 318I;Essence;5 cv;2006;34500;2006192000;Essence;Automatique;Automatique;12;;;;2026-08-15;Active;https://www.autocentral.tn/#FACEBOOK-122224971056349176
autocentral.tn (facebook);MAHINDRA K8;Essence;5 cv;2006;34500;2006192000;Essence;Automatique;Automatique;12;;;;2026-08-15;Active;https://www.autocentral.tn/#FACEBOOK-122224968188349176
autocentral.tn (facebook);CHEZ AUTO KONTOR SFAX;Essence;5 cv;2006;34500;2006192000;Essence;Automatique;Automatique;12;;;;2026-08-15;Active;https://www.autocentral.tn/#FACEBOOK-122224965272349176
autocentral.tn (facebook);VOLKSWAGEN POLO;;;;44000;;;;;;;;;2026-08-16;Active;https://www.autocentral.tn/#FACEBOOK-122110166163330504
autocentral.tn (facebook);AUDI Q3 SPORTBACK SLINE;;;;228000;;;;;;;;;2026-08-16;Active;https://www.autocentral.tn/#FACEBOOK-1372878268299622
autocentral.tn (facebook);ISUZU D MAX;;;;73000;;;;;;;;;2026-08-16;Active;https://www.autocentral.tn/#FACEBOOK-122225466518349176
autocentral.tn (facebook);MERCEDES CLASSE A 180 BERLINE PROGRESSIVE LINE;;;;93000;;;;;;;;;2026-08-16;Active;https://www.autocentral.tn/#FACEBOOK-1372873694966746
autocentral.tn (facebook);BMW SERIE 4 420I LUXURY;;;;169000;;;;;;;;;2026-08-16;Active;https://www.autocentral.tn/#FACEBOOK-1061976306219742
autocentral.tn (facebook);VOLKSWAGEN GOLF 8;;;;91000;;;;;;;;;2026-08-16;Active;https://www.autocentral.tn/#FACEBOOK-1424155062946903
autocentral.tn (facebook);MERCEDES CLE 300 E PREMIUM PLUS;Essence;4 cv;2012;25800;32012195000;Essence;Automatique;Manuelle;5;;;;2026-08-16;Active;https://www.autocentral.tn/#FACEBOOK-1097321889288224
autocentral.tn (facebook);VOLKSWAGEN GOLF GTI;IMPORTE;2022;2018;26000;32018215000;Essence;Automatique;Automatique;4;;;;2026-08-17;Active;https://www.autocentral.tn/#FACEBOOK-1372729534940429
autocentral.tn (facebook);KIA SPORTAGE GT-LINE;;;;86000;;;;;;;;;2026-08-17;Active;https://www.autocentral.tn/#FACEBOOK-1098633099157103
autocentral.tn (facebook);HAVAL H6;;;;61000;;;;;;;;;2026-08-17;Active;https://www.autocentral.tn/#FACEBOOK-1481038050707799
autocentral.tn (facebook);MERCEDES CLASSE C 300 E;;;;190000;;;;;;;;;2026-08-17;Active;https://www.autocentral.tn/#FACEBOOK-1646994534092949
autocentral.tn (facebook);MERCEDES GLC 300E;Diesel;9 cv;2009;25000;52009499000;Essence;Automatique;Manuelle;6;;;;2026-08-19;Active;https://www.autocentral.tn/#FACEBOOK-1123643736657266
autocentral.tn (facebook);MERCEDES GLE 400E;;;;325000;;;;;;;;;2026-08-19;Active;https://www.autocentral.tn/#FACEBOOK-1063770136040359
autocentral.tn (facebook);KIA RIO;;;;52000;;;;;;;;;2026-08-19;Active;https://www.autocentral.tn/#FACEBOOK-122225705180349176
autocentral.tn (facebook);MERCEDES W204;Diesel;9 cv;2009;25000;52009499000;Essence;Automatique;Manuelle;6;;;;2026-08-19;Active;https://www.autocentral.tn/#FACEBOOK-1490711683093439
autocentral.tn (facebook);BMW 520I;Diesel;9 cv;2009;25000;52009499000;Essence;Automatique;Manuelle;6;;;;2026-08-19;Active;https://www.autocentral.tn/#FACEBOOK-122225695304349176
autocentral.tn (facebook);MERCEDES GLC 400E 4MATIC;Diesel;9 cv;2009;25000;52009499000;Essence;Automatique;Manuelle;6;;;;2026-08-19;Active;https://www.autocentral.tn/#FACEBOOK-1123301440024829
autocentral.tn (facebook);ISUZU D-MAX;;;;75000;;;;;;;;;2026-08-19;Active;https://www.autocentral.tn/#FACEBOOK-1647941440664925
autocentral.tn (facebook);MERCEDES CLASSE C 180;;;;145000;;;;;;;;;2026-08-19;Active;https://www.autocentral.tn/#FACEBOOK-1063221736095199
autocentral.tn (facebook);MERCEDES CLASSE GLA250E AMG;Diesel;9 cv;2009;25000;52009499000;Essence;Automatique;Manuelle;6;;;;2026-08-19;Active;https://www.autocentral.tn/#FACEBOOK-1729991881981918
autocentral.tn (facebook);PEUGEOT 3008 GT LINE;;;;59000;;;;;;;;;2026-08-19;Active;https://www.autocentral.tn/#FACEBOOK-1490228876475053
autocentral.tn (facebook);SEAT FORMENTOR CUPRA;Diesel;9 cv;2009;25000;52009499000;Essence;Automatique;Manuelle;6;;;;2026-08-19;Active;https://www.autocentral.tn/#FACEBOOK-122240517806053605
autocentral.tn (facebook);️ MG HS ️;Diesel;9 cv;2009;25000;52009499000;Essence;Automatique;Manuelle;6;;;;2026-08-19;Active;https://www.autocentral.tn/#FACEBOOK-122240514038053605
autocentral.tn (facebook);NISSAN JUKE TEKNA;;;;43800;;;;;;;;;2026-08-19;Active;https://www.autocentral.tn/#FACEBOOK-1097516336272703
autocentral.tn (facebook);LAND ROVER RANGE ROVER SPORT P460 DYNAMIC SE;Diesel;9 cv;2009;25000;52009499000;Essence;Automatique;Manuelle;6;;;;2026-08-19;Active;https://www.autocentral.tn/#FACEBOOK-1072649085281409
autocentral.tn (facebook);VOLKSWAGEN CADDY;;;;43500;;;;;;;;;2026-08-19;Active;https://www.autocentral.tn/#FACEBOOK-1097489762942027
autocentral.tn (facebook);MERCEDES GLE53 AMG 4MATIC;Diesel;9 cv;2009;25000;52009499000;Essence;Automatique;Manuelle;6;;;;2026-08-19;Active;https://www.autocentral.tn/#FACEBOOK-1481435010668103
autocentral.tn (facebook);NISSAN JUKE;;;;32000;;;;;;;;;2026-08-20;Active;https://www.autocentral.tn/#FACEBOOK-122308363148026481
autocentral.tn (facebook);MERCEDES GLE 53 PREMIUM PLUS;HYBRIDE;AUTO RECHARGEABLE;2022;75000;202270000;Essence;Automatique;Automatique;7;;;;2026-08-20;Active;https://www.autocentral.tn/#FACEBOOK-1125404006481239
autocentral.tn (facebook);AUDI A1;;;;33000;;;;;;;;;2026-08-20;Active;https://www.autocentral.tn/#FACEBOOK-122308353224026481
autocentral.tn (facebook);MERCEDES CLASSE C;;;;143000;;;;;;;;;2026-08-20;Active;https://www.autocentral.tn/#FACEBOOK-122110635465330504
autocentral.tn (facebook);FORD FOCUS TITANIUM;;;;37000;;;;;;;;;2026-08-20;Active;https://www.autocentral.tn/#FACEBOOK-1650512557074480
autocentral.tn (facebook);MERCEDES GLC 300E;HYBRIDE;AUTO RECHARGEABLE;2022;75000;202270000;Essence;Automatique;Automatique;7;;;;2026-08-20;Active;https://www.autocentral.tn/#FACEBOOK-1125266393161667
autocentral.tn (facebook);MERCEDES GLA 250E;;;;139000;;;;;;;;;2026-08-20;Active;https://www.autocentral.tn/#FACEBOOK-1125127909842182
autocentral.tn (facebook);SEAT IBIZA;;;;35000;;;;;;;;;2026-08-20;Active;https://www.autocentral.tn/#FACEBOOK-1427499475945795
autocentral.tn (facebook);JEEP COMPASS;HYBRIDE;AUTO RECHARGEABLE;2022;75000;202270000;Essence;Automatique;Automatique;7;;;;2026-08-20;Active;https://www.autocentral.tn/#FACEBOOK-122240691956053605
autocentral.tn (facebook);MINI COOPER;;;;26500;;;;;;;;;2026-08-20;Active;https://www.autocentral.tn/#FACEBOOK-1099263939431276
autocentral.tn (facebook);BMW SÉRIE 7 740LI;HYBRIDE;AUTO RECHARGEABLE;2022;75000;202270000;Essence;Automatique;Automatique;7;;;;2026-08-20;Active;https://www.autocentral.tn/#FACEBOOK-122240695520053605
autocentral.tn (facebook);VOLKSWAGEN GOLF 8;;;;87000;;;;;;;;;2026-08-20;Active;https://www.autocentral.tn/#FACEBOOK-122240688410053605
autocentral.tn (facebook);FIAT GRANDE PUNTO;;;;24800;;;;;;;;;2026-08-20;Active;https://www.autocentral.tn/#FACEBOOK-1099243086100028
autocentral.tn (facebook);MERCEDES GLC300E COUPÉ 4MATIC;HYBRIDE;AUTO RECHARGEABLE;2022;75000;202270000;Essence;Automatique;Automatique;7;;;;2026-08-20;Active;https://www.autocentral.tn/#FACEBOOK-1483104893834448
autocentral.tn (facebook);HYUNDAI TUCSON;HYBRIDE;AUTO RECHARGEABLE;2022;75000;202270000;Essence;Automatique;Automatique;7;;;;2026-08-20;Active;https://www.autocentral.tn/#FACEBOOK-1097884329245098
autocentral.tn (facebook);VOLKSWAGEN PASSAT CC;HYBRIDE;AUTO RECHARGEABLE;2022;75000;202270000;Essence;Automatique;Automatique;7;;;;2026-08-20;Active;https://www.autocentral.tn/#FACEBOOK-1097882085911989
autocentral.tn (facebook);OPEL COMBO;;;;29108;;;;;;;;;2026-08-20;Active;https://www.autocentral.tn/#FACEBOOK-1494092982747093
autocentral.tn (facebook);FIAT 500 DOLCE VITA;;;;29108;;;;;;;;;2026-08-20;Active;https://www.autocentral.tn/#FACEBOOK-1494101296079595
autocentral.tn (facebook);MITSUBISHI SPACE STAR;;;;29108;;;;;;;;;2026-08-20;Active;https://www.autocentral.tn/#FACEBOOK-1494098826079842
autocentral.tn (facebook);CITROËN BERLINGO;;;;29108;;;;;;;;;2026-08-20;Active;https://www.autocentral.tn/#FACEBOOK-1494096002746791
autocentral.tn (facebook);CITROËN C3;;;;29108;;;;;;;;;2026-08-20;Active;https://www.autocentral.tn/#FACEBOOK-1494089779414080
autocentral.tn (facebook);VOLKSWAGEN GOLF 8;;;;73000;;;;;;;;;2026-08-20;Active;https://www.autocentral.tn/#FACEBOOK-1124196319935341
autocentral.tn (facebook);PEUGEOT PARTNER;;;;36000;;;;;;;;;2026-08-20;Active;https://www.autocentral.tn/#FACEBOOK-1491508369680437
autocentral.tn (facebook);MERCEDES CLASSE C;;;;102000;;;;;;;;;2026-08-20;Active;https://www.autocentral.tn/#FACEBOOK-122110459695330504
autocentral.tn (facebook);MERCEDES GLE 400 E PREMIUM PLUS;HYBRIDE;AUTO RECHARGEABLE;2022;75000;202270000;Essence;Automatique;Automatique;7;;;;2026-08-20;Active;https://www.autocentral.tn/#FACEBOOK-1099788819041531
autocentral.tn (facebook);PEUGEOT 208;;;;40000;;;;;;;;;2026-08-20;Active;https://www.autocentral.tn/#FACEBOOK-1098387936185543
autocentral.tn (facebook);HYUNDAI GRAND I10;;;;42500;;;;;;;;;2026-08-20;Active;https://www.autocentral.tn/#FACEBOOK-1098374429520227
autocentral.tn (facebook);KIA SPORTAGE GTLINE;;;;78000;;;;;;;;;2026-08-20;Active;https://www.autocentral.tn/#FACEBOOK-1730923045222135
autocentral.tn (facebook);MAHINDRA KUV 100 K8;;;;25000;;;;;;;;;2026-08-20;Active;https://www.autocentral.tn/#FACEBOOK-1361396972868335
autocentral.tn (facebook);MERCEDES CLS V6;HYBRIDE;AUTO RECHARGEABLE;2022;75000;202270000;Essence;Automatique;Automatique;7;;;;2026-08-20;Active;https://www.autocentral.tn/#FACEBOOK-1467705775388429
autocentral.tn (facebook);TOYOTA COROLLA HYBRID;HYBRIDE;AUTO RECHARGEABLE;2022;75000;202270000;Essence;Automatique;Automatique;7;;;;2026-08-20;Active;https://www.autocentral.tn/#FACEBOOK-1372752798271436
autocentral.tn (facebook);MERCEDES GLC300E COUPÉ 4MATIC;Diesel;7 cv;2014;55000;201469000;Essence;Automatique;Automatique;9;;;;2026-08-21;Active;https://www.autocentral.tn/#FACEBOOK-1484764720335132
autocentral.tn (facebook);CHEZ AUTO KONTOR SFAX;Diesel;7 cv;2014;55000;201469000;Essence;Automatique;Automatique;9;;;;2026-08-21;Active;https://www.autocentral.tn/#FACEBOOK-122226080540349176
autocentral.tn (facebook);BYD SONG PLUS 2WD;;;;137000;;;;;;;;;2026-08-21;Active;https://www.autocentral.tn/#FACEBOOK-1465445952295799
autocentral.tn (facebook);BYD SEALION07;;;;175000;;;;;;;;;2026-08-21;Active;https://www.autocentral.tn/#FACEBOOK-1465427432297651
autocentral.tn (facebook);MERCEDES GLE 350DE;Diesel;7 cv;2014;55000;201469000;Essence;Automatique;Automatique;9;;;;2026-08-21;Active;https://www.autocentral.tn/#FACEBOOK-1376081197938596
autocentral.tn (facebook);LAND ROVER RANGE ROVER SPORT HSE DYNAMIC P460E;;;;468900;;;;;;;;;2026-08-21;Active;https://www.autocentral.tn/#FACEBOOK-1465348922305502
autocentral.tn (facebook);MERCEDES CLE 300E;Diesel;7 cv;2014;55000;201469000;Essence;Automatique;Automatique;9;;;;2026-08-21;Active;https://www.autocentral.tn/#FACEBOOK-1375970411283008
autocentral.tn (facebook);CITROEN C3;;;;30000;;;;;;;;;2026-08-21;Active;https://www.autocentral.tn/#FACEBOOK-1125949139760059
autocentral.tn (facebook);MERCEDES GLE 400E;;;;325000;;;;;;;;;2026-08-21;Active;https://www.autocentral.tn/#FACEBOOK-1376191524634963
autocentral.tn (facebook);HAVAL JULION;Diesel;7 cv;2014;55000;201469000;Essence;Automatique;Automatique;9;;;;2026-08-21;Active;https://www.autocentral.tn/#FACEBOOK-1495240349299023
autocentral.tn (facebook);HYUNDAI GRAND I10;;;;29108;;;;;;;;;2026-08-21;Active;https://www.autocentral.tn/#FACEBOOK-1495234995966225
autocentral.tn (facebook);BMW 316;;;;29108;;;;;;;;;2026-08-21;Active;https://www.autocentral.tn/#FACEBOOK-1495228325966892
autocentral.tn (facebook);SEAT IBIZA;;;;41000;;;;;;;;;2026-08-21;Active;https://www.autocentral.tn/#FACEBOOK-122308383272026481
autocentral.tn (facebook);PEUGEOT EXPERT;Diesel;7 cv;2014;55000;201469000;Essence;Automatique;Automatique;9;;;;2026-08-21;Active;https://www.autocentral.tn/#FACEBOOK-1428307572531652
autocentral.tn (facebook);AUDI Q3;;;;63000;;;;;;;;;2026-08-21;Active;https://www.autocentral.tn/#FACEBOOK-1100112672679736
autocentral.tn (facebook);HYUNDAI I10 HIGH GRADE;Diesel;7 cv;2014;55000;201469000;Essence;Automatique;Automatique;9;;;;2026-08-21;Active;https://www.autocentral.tn/#FACEBOOK-1375524024660980
autocentral.tn (facebook);MERCEDES GLE 53 AMG;Diesel;7 cv;2014;55000;201469000;Essence;Automatique;Automatique;9;;;;2026-08-21;Active;https://www.autocentral.tn/#FACEBOOK-1101507415536338
autocentral.tn (facebook);KIA SPORTAGE GT-LINE;Diesel;7 cv;2014;55000;201469000;Essence;Automatique;Automatique;9;;;;2026-08-21;Active;https://www.autocentral.tn/#FACEBOOK-1017359377973225
autocentral.tn (facebook);MERCEDES C180 KIT AMG;Diesel;Automatique;2006;33000;2006288000;Essence;Automatique;Manuelle;7;;;;2026-08-22;Active;https://www.autocentral.tn/#FACEBOOK-122302799444026481
autocentral.tn (facebook);CITROËN BERLINGO;Diesel;Automatique;2006;33000;2006288000;Essence;Automatique;Manuelle;7;;;;2026-08-22;Active;https://www.autocentral.tn/#FACEBOOK-122301966056026481
autocentral.tn (facebook);BMW 750 LI;Diesel;Automatique;2006;33000;2006288000;Essence;Automatique;Manuelle;7;;;;2026-08-22;Active;https://www.autocentral.tn/#FACEBOOK-122302223882026481
autocentral.tn (facebook);VOLKSWAGEN GOLF 8 GTE;Diesel;Automatique;2006;33000;2006288000;Essence;Automatique;Manuelle;7;;;;2026-08-22;Active;https://www.autocentral.tn/#FACEBOOK-1127153412972965
autocentral.tn (facebook);NISSAN MICRA;;;;27500;;;;;;;;;2026-08-22;Active;https://www.autocentral.tn/#FACEBOOK-1101652659192404
autocentral.tn (facebook);FIAT DUCATO;Diesel;Automatique;2006;33000;2006288000;Essence;Automatique;Manuelle;7;;;;2026-08-22;Active;https://www.autocentral.tn/#FACEBOOK-1494349696062971
autocentral.tn (facebook);VOLKSWAGEN GOLF 8;Diesel;Automatique;2006;33000;2006288000;Essence;Automatique;Manuelle;7;;;;2026-08-22;Active;https://www.autocentral.tn/#FACEBOOK-1076553298224321
autocentral.tn (facebook);VOLKSWAGEN GOLF 8;;;;70000;;;;;;;;;2026-08-22;Active;https://www.autocentral.tn/#FACEBOOK-1126900239664949
autocentral.tn (facebook);AUDI A4;;;;68000;;;;;;;;;2026-08-22;Active;https://www.autocentral.tn/#FACEBOOK-122226151640349176
autocentral.tn (facebook);HYUNDAI TUCSON;;;;24900;;;;;;;;;2026-08-22;Active;https://www.autocentral.tn/#FACEBOOK-122226113492349176
autocentral.tn (facebook);AUDI Q3;Diesel;Automatique;2006;33000;2006288000;Essence;Automatique;Manuelle;7;;;;2026-08-22;Active;https://www.autocentral.tn/#FACEBOOK-1496058225883902
autocentral.tn (facebook);ISUZU D-MAX;;;;78000;;;;;;;;;2026-08-22;Active;https://www.autocentral.tn/#FACEBOOK-1496066395883085
autocentral.tn (facebook);VOLKSWAGEN GOLF 8 R LINE;;;;87000;;;;;;;;;2026-08-23;Active;https://www.autocentral.tn/#FACEBOOK-122110883361330504
autocentral.tn (facebook);MERCEDES GLC 300E 4MATIC;KIA;PICANTO GT-LINE;2024;18500;202437500;Essence;Automatique;Automatique;5;;;;2026-08-23;Active;https://www.autocentral.tn/#FACEBOOK-1495366629294611
autocentral.tn (facebook);MERCEDES CLE 300E AMG+;;;;230000;;;;;;;;;2026-08-24;Active;https://www.autocentral.tn/#FACEBOOK-1068637915553581
autocentral.tn (facebook);RENAULT MÉGANE 4;;;;29108;;;;;;;;;2026-08-24;Active;https://www.autocentral.tn/#FACEBOOK-1498175532338838
autocentral.tn (facebook);AUDI Q3 SPORTBACK S LINE;Diesel;Manuelle;2019;34000;42019150000;Essence;Automatique;Automatique;5;;;;2026-08-24;Active;https://www.autocentral.tn/#FACEBOOK-122241033032053605
autocentral.tn (facebook);RENAULT KWID;;;;35000;;;;;;;;;2026-08-24;Active;https://www.autocentral.tn/#FACEBOOK-1653258633466539
autocentral.tn (facebook);CITROËN BERLINGO;Diesel;Manuelle;2019;34000;42019150000;Essence;Automatique;Automatique;5;;;;2026-08-24;Active;https://www.autocentral.tn/#FACEBOOK-1430452138983862
autocentral.tn (facebook);PEUGEOT 208;;;;27500;;;;;;;;;2026-08-24;Active;https://www.autocentral.tn/#FACEBOOK-1102344379123232
autocentral.tn (facebook);FIAT PANDA;;;;24800;;;;;;;;;2026-08-24;Active;https://www.autocentral.tn/#FACEBOOK-1102341889123481
autocentral.tn (facebook);RENAULT TWINGO ÉQUILIBRE;;;;21000;;;;;;;;;2026-08-24;Active;https://www.autocentral.tn/#FACEBOOK-1495213145976626
autocentral.tn (facebook);FIAT PANDA;;;;29108;;;;;;;;;2026-08-24;Active;https://www.autocentral.tn/#FACEBOOK-1497430005746724
autocentral.tn (facebook);FORD RANGER;;;;29108;;;;;;;;;2026-08-24;Active;https://www.autocentral.tn/#FACEBOOK-1497427765746948
autocentral.tn (facebook);RENAULT CLIO 6;Diesel;Manuelle;2019;34000;42019150000;Essence;Automatique;Automatique;5;;;;2026-08-24;Active;https://www.autocentral.tn/#FACEBOOK-1495087509322523
autocentral.tn (facebook);MERCEDES GLE 400E 4MATIC;Diesel;Manuelle;2019;34000;42019150000;Essence;Automatique;Automatique;5;;;;2026-08-24;Active;https://www.autocentral.tn/#FACEBOOK-122240946632053605
autocentral.tn (facebook);KIA PICANTO LX;;;;35000;;;;;;;;;2026-08-25;Active;https://www.autocentral.tn/#FACEBOOK-1379535570926492
autocentral.tn (facebook);SUZUKI SWIFT;;;;37000;;;;;;;;;2026-08-25;Active;https://www.autocentral.tn/#FACEBOOK-1104155882275415
autocentral.tn (facebook);ISUZU D-MAX;Diesel;Manuelle;2024;33333;202417000;Essence;Automatique;Manuelle;10;;;;2026-08-25;Active;https://www.autocentral.tn/#FACEBOOK-1104143585609978
autocentral.tn (facebook);BMW 418I GRANDCOUPE;Diesel;Manuelle;2024;33333;202417000;Essence;Automatique;Manuelle;10;;;;2026-08-25;Active;https://www.autocentral.tn/#FACEBOOK-1379398120940237
autocentral.tn (facebook);SEAT LEON SC;;;;48000;;;;;;;;;2026-08-25;Active;https://www.autocentral.tn/#FACEBOOK-1104070325617304
autocentral.tn (facebook);JEEP WRANGLER SAHARA 4XE;;;;188000;;;;;;;;;2026-08-25;Active;https://www.autocentral.tn/#FACEBOOK-1069475762136463
autocentral.tn (facebook);PEUGEOT REFTER;Diesel;Manuelle;2024;33333;202417000;Essence;Automatique;Manuelle;10;;;;2026-08-25;Active;https://www.autocentral.tn/#FACEBOOK-122111018667330504
autocentral.tn (facebook);KIA STONIC;;;;68000;;;;;;;;;2026-08-25;Active;https://www.autocentral.tn/#FACEBOOK-1654475913344811
autocentral.tn (facebook);MERCEDES GLC 300 E KIT AMG;Diesel;Manuelle;2024;33333;202417000;Essence;Automatique;Manuelle;10;;;;2026-08-25;Active;https://www.autocentral.tn/#FACEBOOK-1104819435205136
autocentral.tn (facebook);MAHINDRA KUV 100 K8;;;;33000;;;;;;;;;2026-08-25;Active;https://www.autocentral.tn/#FACEBOOK-1103549869002683
autocentral.tn (facebook);MERCEDES CLASSE C 180 W205 KIT AMG;;;;108000;;;;;;;;;2026-08-28;Active;https://www.autocentral.tn/#FACEBOOK-1071585901925449
autocentral.tn (facebook);KIA SPORTAGE GT LINE;;;;128000;;;;;;;;;2026-08-28;Active;https://www.autocentral.tn/#FACEBOOK-1071579438592762
autocentral.tn (facebook);HYUNDAI I20;;;;47000;;;;;;;;;2026-08-28;Active;https://www.autocentral.tn/#FACEBOOK-1106050295419307
autocentral.tn (facebook);SEAT IBIZA;;;;36500;;;;;;;;;2026-08-28;Active;https://www.autocentral.tn/#FACEBOOK-1106005745423762
autocentral.tn (facebook);KIA SPORTAGE GT-LINE;ALLURE;DIESEL;2022;21000;920221000;Essence;Automatique;Automatique;5;;;;2026-08-28;Active;https://www.autocentral.tn/#FACEBOOK-1396243252659924
autocentral.tn (facebook);KIA SPORTAGE GT-LINE;ALLURE;DIESEL;2022;21000;920221000;Essence;Automatique;Automatique;5;;;;2026-08-28;Active;https://www.autocentral.tn/#FACEBOOK-1396207945996788
autocentral.tn (facebook);AUDI Q3 S-LINE;;;;124000;;;;;;;;;2026-08-28;Active;https://www.autocentral.tn/#FACEBOOK-1368851468789552
autocentral.tn (facebook);VOLKSWAGEN GOLF 8;;;;74000;;;;;;;;;2026-08-28;Active;https://www.autocentral.tn/#FACEBOOK-122111221179330504
autocentral.tn (facebook);MERCEDES CLASSE A 250E AMG+;;;;117000;;;;;;;;;2026-08-28;Active;https://www.autocentral.tn/#FACEBOOK-1070786438672062
autocentral.tn (facebook);️ SEAT IBIZA ️;ALLURE;DIESEL;2022;21000;920221000;Essence;Automatique;Automatique;5;;;;2026-08-28;Active;https://www.autocentral.tn/#FACEBOOK-122241326606053605
autocentral.tn (facebook);FORD KUGA;;;;71000;;;;;;;;;2026-08-28;Active;https://www.autocentral.tn/#FACEBOOK-1656382079820861
autocentral.tn (facebook);VOLKSWAGEN GOLF 8 1.4 EHYBRID;;;;79000;;;;;;;;;2026-08-28;Active;https://www.autocentral.tn/#FACEBOOK-1070654532018586
autocentral.tn (facebook);KIA SPORTAGE GT-LINE PLUG-IN HYBRID;ALLURE;DIESEL;2022;21000;920221000;Essence;Automatique;Automatique;5;;;;2026-08-28;Active;https://www.autocentral.tn/#FACEBOOK-1489068106571460
autocentral.tn (facebook);VOLKSWAGEN GOLF 6;;;;31000;;;;;;;;;2026-08-28;Active;https://www.autocentral.tn/#FACEBOOK-1498030505694890
autocentral.tn (facebook);RENAULT FLUENCE;;;;27000;;;;;;;;;2026-08-28;Active;https://www.autocentral.tn/#FACEBOOK-1655998313192571
autocentral.tn (facebook);CITROËN C3;;;;32000;;;;;;;;;2026-08-28;Active;https://www.autocentral.tn/#FACEBOOK-1655969943195408
autocentral.tn (facebook);MERCEDES E300 E KIT AMG;ALLURE;DIESEL;2022;21000;920221000;Essence;Automatique;Automatique;5;;;;2026-08-28;Active;https://www.autocentral.tn/#FACEBOOK-1105677808452632
autocentral.tn (facebook);MG ZS;;;;56500;;;;;;;;;2026-08-28;Active;https://www.autocentral.tn/#FACEBOOK-1104467935577543
autocentral.tn (facebook);MERCEDES C 200 AMG;ALLURE;DIESEL;2022;21000;920221000;Essence;Automatique;Automatique;5;;;;2026-08-28;Active;https://www.autocentral.tn/#FACEBOOK-1021618270880669
autocentral.tn (facebook);VOLKSWAGEN PASSAT;;;;60000;;;;;;;;;2026-08-28;Active;https://www.autocentral.tn/#FACEBOOK-1021614407547722
autocentral.tn (facebook);CITROEN C1;ALLURE;DIESEL;2022;21000;920221000;Essence;Automatique;Automatique;5;;;;2026-08-28;Active;https://www.autocentral.tn/#FACEBOOK-1021611294214700
autocentral.tn (facebook);VOLKSWAGEN TIGUAN R-LINE;;;;25300;;;;;;;;;2026-08-28;Active;https://www.autocentral.tn/#FACEBOOK-122241185948053605
autocentral.tn (facebook);LAND ROVER EVOQUE P300E R DYNAMIC;PREMIÈRE;MAIN;2024;55000;2024102547;Essence;Automatique;Manuelle;50;;;;2026-08-29;Active;https://www.autocentral.tn/#FACEBOOK-1105614435138754
autocentral.tn (facebook);LAND ROVER RANGE ROVER VELAR P400E R DYNAMIQUE;PREMIÈRE;MAIN;2024;55000;2024102547;Essence;Automatique;Manuelle;50;;;;2026-08-29;Active;https://www.autocentral.tn/#FACEBOOK-1105552115144986
autocentral.tn (facebook);LAND ROVER RANGE ROVER SPORT P460E R-DYNAMIC-HSE;PREMIÈRE;MAIN;2024;55000;2024102547;Essence;Automatique;Manuelle;50;;;;2026-08-29;Active;https://www.autocentral.tn/#FACEBOOK-1054191390321929
autocentral.tn (facebook);MERCEDES CLASSE GLE 350E;PREMIÈRE;MAIN;2024;55000;2024102547;Essence;Automatique;Manuelle;50;;;;2026-08-29;Active;https://www.autocentral.tn/#FACEBOOK-1054184793655922
autocentral.tn (facebook);MERCEDES CLASSE CLE 300E AMG-EDITION;PREMIÈRE;MAIN;2024;55000;2024102547;Essence;Automatique;Manuelle;50;;;;2026-08-29;Active;https://www.autocentral.tn/#FACEBOOK-1054175090323559
autocentral.tn (facebook);JEEP COMPASS;PREMIÈRE;MAIN;2024;55000;2024102547;Essence;Automatique;Manuelle;50;;;;2026-08-29;Active;https://www.autocentral.tn/#FACEBOOK-1499636982200909
autocentral.tn (facebook);MERCEDES CLASSE C 180 PACK AMG;;;;138000;;;;;;;;;2026-08-30;Active;https://www.autocentral.tn/#FACEBOOK-1383687133885402
autocentral.tn (facebook);BMW SERIE 3 COUPÉE E92;;;;55000;;;;;;;;;2026-08-30;Active;https://www.autocentral.tn/#FACEBOOK-1107756788581991
autocentral.tn (facebook);HONDA CIVIC RS;EN;TRÈS BON ÉTAT;2000;22500;2000415000;Essence;Automatique;Manuelle;5;;;;2026-08-30;Active;https://www.autocentral.tn/#FACEBOOK-1382975583915824
autocentral.tn (facebook);KIA SPORTAGE GT LINE;EN;TRÈS BON ÉTAT;2000;22500;2000415000;Essence;Automatique;Manuelle;5;;;;2026-08-30;Active;https://www.autocentral.tn/#FACEBOOK-1382754827271233
autocentral.tn (facebook);MERCEDES A 250E AMG+;EN;TRÈS BON ÉTAT;2000;22500;2000415000;Essence;Automatique;Manuelle;5;;;;2026-08-30;Active;https://www.autocentral.tn/#FACEBOOK-1132811912407115
autocentral.tn (facebook);MERCEDES CLA;EN;TRÈS BON ÉTAT;2000;22500;2000415000;Essence;Automatique;Manuelle;5;;;;2026-08-30;Active;https://www.autocentral.tn/#FACEBOOK-122111399901330504
autocentral.tn (facebook);CHERY TIGGO 2;;;;34000;;;;;;;;;2026-08-30;Active;https://www.autocentral.tn/#FACEBOOK-1500453755452565
autocentral.tn (facebook);PEUGEOT PARTNER K9;EN;TRÈS BON ÉTAT;2000;22500;2000415000;Essence;Automatique;Manuelle;5;;;;2026-08-30;Active;https://www.autocentral.tn/#FACEBOOK-999240459802622
autocentral.tn (facebook);AUDI Q5 SPORTBACK 50 TFSIE QUATTRO S LINE;;;;175000;;;;;;;;;2026-08-30;Active;https://www.autocentral.tn/#FACEBOOK-1383357197251729
autocentral.tn (facebook);AUDI Q3;EN;TRÈS BON ÉTAT;2000;22500;2000415000;Essence;Automatique;Manuelle;5;;;;2026-08-30;Active;https://www.autocentral.tn/#FACEBOOK-1500127448818529
autocentral.tn (facebook);MERCEDES GLE COUPÉ 400E AMG+;;;;330000;;;;;;;;;2026-08-30;Active;https://www.autocentral.tn/#FACEBOOK-1383309800589802
autocentral.tn (facebook);MERCEDES E300E KIT AMG;EN;TRÈS BON ÉTAT;2000;22500;2000415000;Essence;Automatique;Manuelle;5;;;;2026-08-30;Active;https://www.autocentral.tn/#FACEBOOK-1105708541796010
autocentral.tn (facebook);CROWN AUTO EZZAHRA (GOOGLE MAPS);;;;43500;;;;;;;;;2026-08-30;Active;https://www.autocentral.tn/#FACEBOOK-1106996301991373
autocentral.tn (facebook);KIA SPORTAGE GT-LINE PLUG-IN HYBRID;EN;TRÈS BON ÉTAT;2000;22500;2000415000;Essence;Automatique;Manuelle;5;;;;2026-08-30;Active;https://www.autocentral.tn/#FACEBOOK-1502210231935368
autocentral.tn (facebook);KIA PICANTO GT LINE;;;;45000;;;;;;;;;2026-08-31;Active;https://www.autocentral.tn/#FACEBOOK-1073684825048890
autocentral.tn (facebook);KIA SPORTAGE;;;;104000;;;;;;;;;2026-08-31;Active;https://www.autocentral.tn/#FACEBOOK-1133977185623921
autocentral.tn (facebook);BMW X3 XDRIVE 30E;Diesel;Manuelle;2009;46000;2009300000;Essence;Automatique;Manuelle;11;;;;2026-08-31;Active;https://www.autocentral.tn/#FACEBOOK-1436266965069046
autocentral.tn (facebook);CHERY TIGGO 7 PR;Diesel;Manuelle;2009;46000;2009300000;Essence;Automatique;Manuelle;11;;;;2026-08-31;Active;https://www.autocentral.tn/#FACEBOOK-122227045826349176
autocentral.tn (facebook);MERCEDES CLASSE C 300E;;;;175000;;;;;;;;;2026-08-31;Active;https://www.autocentral.tn/#FACEBOOK-1006144252456560
autocentral.tn (facebook);SEAT LEON;;;;52000;;;;;;;;;2026-08-31;Active;https://www.autocentral.tn/#FACEBOOK-1500964712068136
autocentral.tn (facebook);LAND ROVER RANGE ROVER VELAR S;Diesel;Manuelle;2009;46000;2009300000;Essence;Automatique;Manuelle;11;;;;2026-08-31;Active;https://www.autocentral.tn/#FACEBOOK-999990223060979
autocentral.tn (facebook);BMW X5 45E XDRIVE PACK M PRO;;;;240000;;;;;;;;;2026-08-31;Active;https://www.autocentral.tn/#FACEBOOK-1384088240511958
autocentral.tn (facebook);MERCEDES E 300E 4MATIC;Diesel;Manuelle;2022;53000;2022182000;Essence;Automatique;Manuelle;0;;;;2026-09-01;Active;https://www.autocentral.tn/#FACEBOOK-1082302781022268
autocentral.tn (facebook);RENAULT EXPRESS;;;;37000;;;;;;;;;2026-09-01;Active;https://www.autocentral.tn/#FACEBOOK-1109479051743098
autocentral.tn (facebook);KIA SPORTAGE;Diesel;Manuelle;2022;53000;2022182000;Essence;Automatique;Manuelle;0;;;;2026-09-01;Active;https://www.autocentral.tn/#FACEBOOK-1082285774357302
autocentral.tn (facebook);HYUNDAI IONIQ HYBRIDE;Diesel;Manuelle;2022;53000;2022182000;Essence;Automatique;Manuelle;0;;;;2026-09-01;Active;https://www.autocentral.tn/#FACEBOOK-1001461482913853
autocentral.tn (facebook);HYUNDAI I30 FASTBACK;;;;68000;;;;;;;;;2026-09-01;Active;https://www.autocentral.tn/#FACEBOOK-1109247501766253
autocentral.tn (facebook);AUDI Q7;Diesel;Manuelle;2022;53000;2022182000;Essence;Automatique;Manuelle;0;;;;2026-09-01;Active;https://www.autocentral.tn/#FACEBOOK-122111626299330504
autocentral.tn (facebook);FIAT 500;;;;37500;;;;;;;;;2026-09-01;Active;https://www.autocentral.tn/#FACEBOOK-1109188921772111
autocentral.tn (facebook);CITROËN C2;Diesel;Manuelle;2022;53000;2022182000;Essence;Automatique;Manuelle;0;;;;2026-09-01;Active;https://www.autocentral.tn/#FACEBOOK-1502216831942924
autocentral.tn (facebook);MERCEDES CLASSE GLC 300DE;;;;158000;;;;;;;;;2026-09-01;Active;https://www.autocentral.tn/#FACEBOOK-1006880159049636
autocentral.tn (facebook);MERCEDES CLASSE A 250E AMG+;;;;117000;;;;;;;;;2026-09-01;Active;https://www.autocentral.tn/#FACEBOOK-1074091828341523
autocentral.tn (facebook);MERCEDES C 180;Essence;4 cv;2011;20000;12011340000;Essence;Automatique;Manuelle;4;;;;2026-09-02;Active;https://www.autocentral.tn/#FACEBOOK-1027514830291013
autocentral.tn (facebook);FORD ECOSPORT;Essence;4 cv;2011;20000;12011340000;Essence;Automatique;Manuelle;4;;;;2026-09-02;Active;https://www.autocentral.tn/#FACEBOOK-1027507570291739
autocentral.tn (facebook);VOLKSWAGEN GOLF 7;Essence;4 cv;2011;20000;12011340000;Essence;Automatique;Manuelle;4;;;;2026-09-02;Active;https://www.autocentral.tn/#FACEBOOK-1027503916958771
autocentral.tn (facebook);VOLKSWAGEN POLO CONFORTLINE;;;;22000;;;;;;;;;2026-09-02;Active;https://www.autocentral.tn/#FACEBOOK-1027501096959053
autocentral.tn (facebook);MERCEDES CLA 250E AMG LINE;;;;149000;;;;;;;;;2026-09-02;Active;https://www.autocentral.tn/#FACEBOOK-1085217504024567
autocentral.tn (facebook);VOLKSWAGEN GOLF 8;Essence;4 cv;2011;20000;12011340000;Essence;Automatique;Manuelle;4;;;;2026-09-02;Active;https://www.autocentral.tn/#FACEBOOK-1503347051829902
autocentral.tn (facebook);VOLKSWAGEN TIGUAN;;;;53000;;;;;;;;;2026-09-02;Active;https://www.autocentral.tn/#FACEBOOK-1110127748344895
autocentral.tn (facebook);VOLKSWAGEN TIGUAN R-LINE;;;;150000;;;;;;;;;2026-09-02;Active;https://www.autocentral.tn/#FACEBOOK-1135424532145853
autocentral.tn (facebook);MERCEDES BENZ CLA;;;;72000;;;;;;;;;2026-09-02;Active;https://www.autocentral.tn/#FACEBOOK-1110062951684708
autocentral.tn (facebook);MERCEDES A250E;Essence;4 cv;2011;20000;12011340000;Essence;Automatique;Manuelle;4;;;;2026-09-02;Active;https://www.autocentral.tn/#FACEBOOK-1503156648515609
autocentral.tn (facebook);MAHINDRA KUV100;Essence;4 cv;2011;20000;12011340000;Essence;Automatique;Manuelle;4;;;;2026-09-02;Active;https://www.autocentral.tn/#FACEBOOK-1437800161582393
autocentral.tn (facebook);MERCEDES GLE 53 AMG;Essence;4 cv;2011;20000;12011340000;Essence;Automatique;Manuelle;4;;;;2026-09-02;Active;https://www.autocentral.tn/#FACEBOOK-1504911788331879
autocentral.tn (facebook);PEUGEOT 208;;;;29108;;;;;;;;;2026-09-02;Active;https://www.autocentral.tn/#FACEBOOK-1504897608333297
autocentral.tn (facebook);MERCEDES CLA 250E;;;;147000;;;;;;;;;2026-09-02;Active;https://www.autocentral.tn/#FACEBOOK-1504885385001186
autocentral.tn (facebook);AUDI A1 SPORTBACK;;;;43000;;;;;;;;;2026-09-02;Active;https://www.autocentral.tn/#FACEBOOK-1661139296011806
autocentral.tn (facebook);PORSCHE CAYENNE;Essence;4 cv;2011;20000;12011340000;Essence;Automatique;Manuelle;4;;;;2026-09-02;Active;https://www.autocentral.tn/#FACEBOOK-1504878718335186
autocentral.tn (facebook);KIA STONIC;Essence;4 cv;2011;20000;12011340000;Essence;Automatique;Manuelle;4;;;;2026-09-02;Active;https://www.autocentral.tn/#FACEBOOK-1082410871011459
autocentral.tn (facebook);MERCEDES CLASSE A 180D;;;;48500;;;;;;;;;2026-09-02;Active;https://www.autocentral.tn/#FACEBOOK-1109568648400805
autocentral.tn (facebook);RENAULT MEGANE INTENSE;Essence;4 cv;2011;20000;12011340000;Essence;Automatique;Manuelle;4;;;;2026-09-02;Active;https://www.autocentral.tn/#FACEBOOK-1502650165232924
autocentral.tn (facebook);MERCEDES CLASSE C 180D W205 KIT AMG;;;;72000;;;;;;;;;2026-09-02;Active;https://www.autocentral.tn/#FACEBOOK-1074841968266509
autocentral.tn (facebook);BMW X2 PACK M;;;;90000;;;;;;;;;2026-09-02;Active;https://www.autocentral.tn/#FACEBOOK-1109530215071315
autocentral.tn (facebook);VOLKSWAGEN POLO;;;;52000;;;;;;;;;2026-09-02;Active;https://www.autocentral.tn/#FACEBOOK-1109515331739470
autocentral.tn (facebook);VOLKSWAGEN PASSAT;;;;41000;;;;;;;;;2026-09-02;Active;https://www.autocentral.tn/#FACEBOOK-1109509111740092
autocentral.tn (facebook);VOLKSWAGEN GOLF 7;;;;58000;;;;;;;;;2026-09-03;Active;https://www.autocentral.tn/#FACEBOOK-1136477422040564
autocentral.tn (facebook);KIA RIO;;;;53000;;;;;;;;;2026-09-03;Active;https://www.autocentral.tn/#FACEBOOK-1110966658261004
autocentral.tn (facebook);BMW 218 ACTIVE TOURER PACK M SPORT;;;;150000;;;;;;;;;2026-09-03;Active;https://www.autocentral.tn/#FACEBOOK-1662621282530274
autocentral.tn (facebook);VOLKSWAGEN GOLF 5 GTI;;;;34800;;;;;;;;;2026-09-03;Active;https://www.autocentral.tn/#FACEBOOK-1504077125081699
autocentral.tn (facebook);MERCEDES GLC 300E;Diesel;5 cv;2017;34000;2017117000;Essence;Automatique;Automatique;6;;;;2026-09-03;Active;https://www.autocentral.tn/#FACEBOOK-1136279842060322
autocentral.tn (facebook);MERCEDES CLASSE CLA 250E;;;;149000;;;;;;;;;2026-09-03;Active;https://www.autocentral.tn/#FACEBOOK-1083627257556487
autocentral.tn (facebook);PEUGEOT BOXER;Diesel;5 cv;2017;34000;2017117000;Essence;Automatique;Automatique;6;;;;2026-09-03;Active;https://www.autocentral.tn/#FACEBOOK-1503614998469774
autocentral.tn (facebook);VOLKSWAGEN GOLF 7.5;;;;52000;;;;;;;;;2026-09-03;Active;https://www.autocentral.tn/#FACEBOOK-1110443338313336
autocentral.tn (facebook);LAND ROVER RANGE ROVER SPORT P400E BLACK EDITION;Diesel;5 cv;2017;34000;2017117000;Essence;Automatique;Automatique;6;;;;2026-09-03;Active;https://www.autocentral.tn/#FACEBOOK-1109054038128127
autocentral.tn (facebook);CROWN AUTO EZZAHRA (GOOGLE MAPS);;;;57000;;;;;;;;;2026-09-03;Active;https://www.autocentral.tn/#FACEBOOK-1110426338315036
autocentral.tn (facebook);VOLKSWAGEN AMAROK V6 AVENTURA;Diesel;5 cv;2017;34000;2017117000;Essence;Automatique;Automatique;6;;;;2026-09-03;Active;https://www.autocentral.tn/#FACEBOOK-1109041804796017
autocentral.tn (facebook);MERCEDES GLE 350D V6;Diesel;5 cv;2017;34000;2017117000;Essence;Automatique;Automatique;6;;;;2026-09-03;Active;https://www.autocentral.tn/#FACEBOOK-1109036331463231
