Source;Titre;Marque;Modèle;Année;Prix_DT;Kilométrage;Energie;Boite;Localisation;Puissance_Fiscale;Etat_Vehicule;Annonce-Deposee;Annonce-Detectee;Statut;Lien;Nb_Options;Options;Description
automobile.tn;Skoda Fabia Active 1.0 MPI 12V 75 cv;Skoda;Fabia;2016.0;35800.0;165000.0;Essence;Traction;Tunis;4cv;;2026-07-13;2026-07-13;;https://www.automobile.tn/fr/occasion/skoda/fabia/128125;;;
automobile.tn;KIA Picanto Populaire 1.0 DPI 12V ISG 67 cv;Kia;Picanto;2024.0;39500.0;126000.0;Essence;Traction;Tunis;4cv;;2026-07-13;2026-07-13;;https://www.automobile.tn/fr/occasion/kia/picanto/128093;;;
automobile.tn;Porsche Cayenne 3.6 DFI V6 24V Tiptronic S 300 cv Boîte auto;Porsche;Cayenne;2012.0;102000.0;179000.0;Essence;Traction;Tunis;21cv;;2026-07-13;2026-07-13;;https://www.automobile.tn/fr/occasion/porsche/cayenne/127962;;;
automobile.tn;Renault Clio Life Plus 1.0 SCe 12V S&S 75 cv;Renault;Clio;2023.0;45000.0;101000.0;Essence;Traction;Tunis;5cv;;2026-07-13;2026-07-13;;https://www.automobile.tn/fr/occasion/renault/clio/127879;;;
automobile.tn;Fiat 500 1.2 MPi 69 cv;Fiat;500;2018.0;39500.0;78000.0;Essence;Traction;Tunis;4cv;;2026-07-13;2026-07-13;;https://www.automobile.tn/fr/occasion/fiat/500/127850;;;
automobile.tn;Volkswagen Golf 7;Volkswagen;Golf 7;2015.0;54500.0;187000.0;Essence;Traction;Tunis;5cv;;2026-07-13;2026-07-13;;https://www.automobile.tn/fr/occasion/volkswagen/golf-7/127804;;;
automobile.tn;Toyota RAV 4 2.0 VVTi 16V 2WD 158 cv;Toyota;RAV 4;2007.0;39500.0;199000.0;Essence;Traction;Tunis;10cv;;2026-07-13;2026-07-13;;https://www.automobile.tn/fr/occasion/toyota/rav-4/127800;;;
automobile.tn;GWM Haval H6 Luxury 1.5 T 143cv boite auto;Gwm;Haval H6;2021.0;66500.0;116000.0;Essence;Traction;Tunis;9cv;;2026-07-13;2026-07-13;;https://www.automobile.tn/fr/occasion/great-wall/h6/127741;;;
automobile.tn;BMW Série 5 520i 170 cv Boîte auto;Bmw;Série 5;2021.0;138000.0;30000.0;Essence;Propulsion;Tunis;10cv;;2026-07-13;2026-07-13;;https://www.automobile.tn/fr/occasion/bmw/serie-5/127674;;;
automobile.tn;Porsche Cayenne 3.6 DFI V6 24V Tiptronic S 300 cv Boîte auto;Porsche;Cayenne;2011.0;69000.0;218000.0;Essence;Traction;Tunis;21cv;;2026-07-13;2026-07-13;;https://www.automobile.tn/fr/occasion/porsche/cayenne/127628;;;
automobile.tn;Peugeot 508 1.6 THP 16V 150 cv Boîte auto;Peugeot;508;2012.0;34500.0;270000.0;Essence;Traction;Tunis;7cv;;2026-07-13;2026-07-13;;https://www.automobile.tn/fr/occasion/peugeot/508/127523;;;
automobile.tn;KIA Sportage;Kia;Sportage;2019.0;77000.0;128000.0;Essence;Traction;Tunis;8cv;;2026-07-13;2026-07-13;;https://www.automobile.tn/fr/occasion/kia/sportage/127416;;;
automobile.tn;Mercedes-Benz CLA 200 1.6 i 16V Turbo 7G-DCT 156 cv Boîte auto;Mercedes-benz;CLA;2013.0;65500.0;178000.0;Essence;Traction;Tunis;8cv;;2026-07-13;2026-07-13;;https://www.automobile.tn/fr/occasion/mercedes-benz/cla/127203;;;
automobile.tn;Hyundai i30;Hyundai;i30;2023.0;73500.0;79000.0;Essence;Traction;Tunis;7cv;;2026-07-13;2026-07-13;;https://www.automobile.tn/fr/occasion/hyundai/i30/127001;;;
automobile.tn;GWM Haval Jolion 1.5 T 143 cv Boîte auto;Gwm;Haval Jolion;2023.0;76500.0;33000.0;Essence;Traction;Tunis;9cv;;2026-07-13;2026-07-13;;https://www.automobile.tn/fr/occasion/great-wall/jolion/126987;;;
automobile.tn;Land Rover Range Rover Velar P250 2.0 Si4 16V 4WD 250 cv Boîte auto;Land rover;Range Rover Velar;2019.0;190000.0;51000.0;Essence;Intégrale;Tunis;16cv;;2026-07-13;2026-07-13;;https://www.automobile.tn/fr/occasion/land-rover/range-rover-velar/126985;;;
automobile.tn;BMW Série 5 530d xDrive 3.0 d 24V Steptronic8 248 cv Boîte auto;Bmw;Série 5;2017.0;114000.0;155000.0;Diesel;Intégrale;Tunis;15cv;;2026-07-13;2026-07-13;;https://www.automobile.tn/fr/occasion/bmw/serie-5/126669;;;
automobile.tn;BMW Série 5 530i xDrive 2.0 i 16V Steptronic8 252 cv Boîte auto;Bmw;Série 5;2017.0;128000.0;127000.0;Essence;Intégrale;Tunis;15cv;;2026-07-13;2026-07-13;;https://www.automobile.tn/fr/occasion/bmw/serie-5/126588;;;
automobile.tn;Skoda Octavia Style;Skoda;Octavia;2023.0;86500.0;7000.0;Essence;Traction;Tunis;8cv;;2026-07-13;2026-07-13;;https://www.automobile.tn/fr/occasion/skoda/octavia/126288;;;
automobile.tn;Suzuki Vitara 2.0 16V Break 132 cv Boîte auto;Suzuki;Vitara;2005.0;45000.0;173000.0;Essence;Traction;Tunis;10cv;;2026-07-13;2026-07-13;;https://www.automobile.tn/fr/occasion/suzuki/vitara/126133;;;
automobile.tn;Ssangyong Tivoli Classy 1.2 T-GDi 12V 2WD 128 cv;Ssangyong;Tivoli;2021.0;58500.0;72000.0;Essence;Traction;Tunis;6cv;;2026-07-13;2026-07-13;;https://www.automobile.tn/fr/occasion/ssangyong/tivoli/125931;;;
automobile.tn;BMW X1 18i sDrive 1.5 i 12V DCT7 140 cv Boîte auto;Bmw;X1;2021.0;116000.0;64000.0;Essence;Traction;Tunis;8cv;;2026-07-13;2026-07-13;;https://www.automobile.tn/fr/occasion/bmw/x1/125870;;;
automobile.tn;Volkswagen Golf 7 1.2 TSI 16V Blue Motion DSG7 S&S 105 cv Boîte Auto;Volkswagen;Golf 7;2015.0;48000.0;240000.0;Essence;Traction;Tunis;6cv;;2026-07-13;2026-07-13;;https://www.automobile.tn/fr/occasion/volkswagen/golf-7/125721;;;
automobile.tn;Hyundai Tucson;Hyundai;Tucson;2012.0;44500.0;185000.0;Essence;Traction;Tunis;11cv;;2026-07-13;2026-07-13;;https://www.automobile.tn/fr/occasion/hyundai/tucson/125715;;;
automobile.tn;Audi A5 Coupé;Audi;A5 Coupé;2011.0;52000.0;275000.0;Essence;Traction;Tunis;10cv;;2026-07-13;2026-07-13;;https://www.automobile.tn/fr/occasion/audi/a5-coupe/125443;;;
automobile.tn;Nissan Qashqai 1.2 DIG-T 16V 2WD S&S 115 cv;Nissan;Qashqai;2015.0;45500.0;197000.0;Essence;Traction;Tunis;6cv;;2026-07-13;2026-07-13;;https://www.automobile.tn/fr/occasion/nissan/qashqai/125219;;;
automobile.tn;Land Rover Range Rover Evoque;Land rover;Range Rover Evoque;2014.0;77000.0;125000.0;Diesel;Traction;Tunis;11cv;;2026-07-13;2026-07-13;;https://www.automobile.tn/fr/occasion/land-rover/range-rover-evoque/124947;;;
automobile.tn;Land Rover Range Rover Evoque;Land rover;Range Rover Evoque;2017.0;90000.0;159000.0;Diesel;Traction;Tunis;8cv;;2026-07-13;2026-07-13;;https://www.automobile.tn/fr/occasion/land-rover/range-rover-evoque/124770;;;
automobile.tn;KIA Sportage EX 1.6 l T-GDI 7-DCT 180 cv Boîte auto;Kia;Sportage;2023.0;109000.0;91000.0;Essence;Traction;Tunis;10cv;;2026-07-13;2026-07-13;;https://www.automobile.tn/fr/occasion/kia/sportage/124737;;;
automobile.tn;Porsche Cayenne Coupé E-Hybrid E-Hybrid 3.0 V6 24V 461 AWD 340 cv boite auto;Porsche;Cayenne Coupé;2021.0;380000.0;34000.0;Hybride rechargeable essence;Intégrale;Tunis;22cv;;2026-07-13;2026-07-13;;https://www.automobile.tn/fr/occasion/porsche/cayenne-coupe/124647;;;
automobile.tn;Land Rover Range Rover Evoque P300e 1.5 Si4 12V 309 PHEV AWD BVA8 200 cv Boîte auto;Land rover;Range Rover Evoque;2021.0;158000.0;26000.0;Hybride rechargeable essence;Intégrale;Tunis;11cv;;2026-07-13;2026-07-13;;https://www.automobile.tn/fr/occasion/land-rover/range-rover-evoque/124619;;;
automobile.tn;Fiat 500X 1.6 E-Torq 16V 4x2 110 cv;Fiat;500X;2017.0;49500.0;100000.0;Essence;Traction;Tunis;6cv;;2026-07-13;2026-07-13;;https://www.automobile.tn/fr/occasion/fiat/500x/124360;;;
automobile.tn;Ford Ranger Raptor Raptor 2.0 EcoBlue 16V Pickup Double Cabine 4x4 213 cv Boîte auto;Ford;Ranger Raptor;2022.0;180000.0;100000.0;Diesel;Intégrale;Tunis;7cv;;2026-07-13;2026-07-13;;https://www.automobile.tn/fr/occasion/ford/ranger-raptor/124338;;;
automobile.tn;Porsche Cayenne 3.6 DFI V6 SUV 290cv Tiptronic S Boîte auto;Porsche;Cayenne;2007.0;57000.0;230000.0;Essence;Traction;Tunis;21cv;;2026-07-13;2026-07-13;;https://www.automobile.tn/fr/occasion/porsche/cayenne/124258;;;
automobile.tn;Land Rover Discovery;Land rover;Discovery;2015.0;82000.0;151000.0;Diesel;Traction;Tunis;9cv;;2026-07-13;2026-07-13;;https://www.automobile.tn/fr/occasion/land-rover/discovery/124255;;;
automobile.tn;Honda CR-V 1.6 i-DTEC 16V FAP 120 cv;Honda;CR-V;2014.0;54000.0;143000.0;Diesel;Traction;Tunis;6cv;;2026-07-13;2026-07-13;;https://www.automobile.tn/fr/occasion/honda/cr-v/124194;;;
automobile.tn;Mercedes-Benz Classe C;Mercedes-benz;Classe C;2016.0;94000.0;213000.0;Diesel;Traction;Tunis;9cv;;2026-07-13;2026-07-13;;https://www.automobile.tn/fr/occasion/mercedes-benz/classe-c/123575;;;
automobile.tn;Audi A5 Sportback S-Line 1.4 TSI 16V S-Tronic7 150 cv Boîte auto;Audi;A5 Sportback;2018.0;86000.0;190000.0;Essence;Traction;Tunis;8cv;;2026-07-13;2026-07-13;;https://www.automobile.tn/fr/occasion/audi/a5-sportback/123573;;;
automobile.tn;BMW Série 5 Access 520i 2.0 16V 184 cv Boîte auto;Bmw;Série 5;2012.0;74000.0;180000.0;Essence;Propulsion;Tunis;10cv;;2026-07-13;2026-07-13;;https://www.automobile.tn/fr/occasion/bmw/serie-5/123438;;;
automobile.tn;Land Rover Range Rover Sport SVR SVR SC 5.0 V8 32V 575 cv Boîte auto;Land rover;Range Rover Sport;2018.0;290000.0;170000.0;Essence;Traction;Tunis;44cv;;2026-07-13;2026-07-13;;https://www.automobile.tn/fr/occasion/land-rover/range-rover-sport/123436;;;
automobile.tn;GWM Haval H6 1.5 T 150cv boite auto;Gwm;Haval H6;2022.0;94000.0;77000.0;Essence;Traction;Tunis;8cv;;2026-07-13;2026-07-13;;https://www.automobile.tn/fr/occasion/great-wall/h6/123112;;;
automobile.tn;Mercedes-Benz CLA AMG 200 1.6 i 16V Turbo 7G-DCT 156 cv Boîte auto;Mercedes-benz;CLA;2013.0;74500.0;169000.0;Essence;Traction;Tunis;8cv;;2026-07-13;2026-07-13;;https://www.automobile.tn/fr/occasion/mercedes-benz/cla/122985;;;
automobile.tn;BMW Série 1;Bmw;Série 1;2010.0;36500.0;260000.0;Diesel;Traction;Tunis;6cv;;2026-07-13;2026-07-13;;https://www.automobile.tn/fr/occasion/bmw/serie-1-5p/122890;;;
automobile.tn;Volkswagen Golf 8 GTE GTE 1.4 TSi 16V 245 Plug in Hybrid DSG6 150 cv Boîte auto;Volkswagen;Golf 8;2021.0;99000.0;77000.0;Hybride rechargeable essence;Traction;Tunis;6cv;;2026-07-13;2026-07-13;;https://www.automobile.tn/fr/occasion/volkswagen/golf-8/122757;;;
automobile.tn;Hyundai Bayon HG;Hyundai;Bayon;2023.0;72000.0;35000.0;Essence;Traction;Tunis;5cv;;2026-07-13;2026-07-13;;https://www.automobile.tn/fr/occasion/hyundai/bayon/122471;;;
automobile.tn;Jeep Renegade Limited 1.4 L 4x2 140 cv Boîte auto;Jeep;Renegade;2018.0;67000.0;102000.0;Essence;Traction;Tunis;8cv;;2026-07-13;2026-07-13;;https://www.automobile.tn/fr/occasion/jeep/renegade/121934;;;
automobile.tn;KIA Sportage 1.6 GDi CVVT 16V 4x2 132 cv Boite Auto;Kia;Sportage;2020.0;84000.0;85000.0;Essence;Traction;Tunis;8cv;;2026-07-13;2026-07-13;;https://www.automobile.tn/fr/occasion/kia/sportage/120968;;;
automobile.tn;Fiat 500 Pop 1.2 MPi 8V 69 cv;Fiat;500;2019.0;41000.0;102000.0;Essence;Traction;Tunis;4cv;;2026-07-13;2026-07-13;;https://www.automobile.tn/fr/occasion/fiat/500/120958;;;
automobile.tn;Chery Tiggo 3X Luxury 1.0 L Turbo CVT 102 cv Boîte auto;Chery;Tiggo 3X;2021.0;56000.0;37000.0;Essence;Traction;Tunis;6cv;;2026-07-13;2026-07-13;;https://www.automobile.tn/fr/occasion/chery/tiggo-3x/120863;;;
automobile.tn;Volkswagen Golf 7 Highline 1.2 TSI 16V DSG7 110 cv Boîte auto;Volkswagen;Golf 7;2019.0;57500.0;130000.0;Essence;Traction;Tunis;6cv;;2026-07-13;2026-07-13;;https://www.automobile.tn/fr/occasion/volkswagen/golf-7/120632;;;
automobile.tn;Mercedes-Benz Classe E AMG 200 2.0 CGI 16V 7G-TRONIC+ 184 cv Boîte auto;Mercedes-benz;Classe E;2016.0;128000.0;174000.0;Essence;Propulsion;Tunis;10cv;;2026-07-13;2026-07-13;;https://www.automobile.tn/fr/occasion/mercedes-benz/classe-e/120287;;;
automobile.tn;KIA XCeed EX 1.6 CRDi 16V DCT7 ISG 136 cv Boîte auto;Kia;XCeed;2022.0;79000.0;99000.0;Diesel;Traction;Tunis;7cv;;2026-07-13;2026-07-13;;https://www.automobile.tn/fr/occasion/kia/xceed/120164;;;
automobile.tn;Hyundai Tucson High Grade 1.6 CRDi 16V Mild Hybrid 2WD DCT7 S&S 136 cv Boîte auto;Hyundai;Tucson;2021.0;130000.0;70000.0;Hybride léger diesel;Traction;Tunis;7cv;;2026-07-13;2026-07-13;;https://www.automobile.tn/fr/occasion/hyundai/tucson/119947;;;
automobile.tn;Mercedes-Benz Classe E Avantgarde 220 CDi 2.1 CDI 16V DPF BlueEFFICIENCY 7G-TRONIC 170 cv Boîte auto;Mercedes-benz;Classe E;2010.0;47500.0;380000.0;Diesel;Propulsion;Tunis;10cv;;2026-07-13;2026-07-13;;https://www.automobile.tn/fr/occasion/mercedes-benz/classe-e/119868;;;
automobile.tn;Audi A3 Sportback S-Line 30 1.0 TFSI 12V S&S 110 cv;Audi;A3 Sportback;2020.0;88000.0;93000.0;Essence;Traction;Tunis;6cv;;2026-07-13;2026-07-13;;https://www.automobile.tn/fr/occasion/audi/a3-sportback/119773;;;
automobile.tn;BMW Série 3 Business Line Plus 320i 2.0 16V 184 cv Boîte auto;Bmw;Série 3;2015.0;74000.0;77000.0;Essence;Propulsion;Tunis;10cv;;2026-07-13;2026-07-13;;https://www.automobile.tn/fr/occasion/bmw/serie-3/119073;;;
automobile.tn;Land Rover Range Rover Sport Autobiography P400e 2.0 16V 404 Hybrid 300 cv Boîte auto;Land rover;Range Rover Sport;2019.0;205000.0;103000.0;Hybride rechargeable essence;Intégrale;Tunis;17cv;;2026-07-13;2026-07-13;;https://www.automobile.tn/fr/occasion/land-rover/range-rover-sport/118106;;;
automobile.tn;Nissan X-trail 2.2 dCi 16V 4x4 136 cv;Nissan;X-trail;2004.0;35500.0;357000.0;Diesel;Intégrale;Tunis;9cv;;2026-07-13;2026-07-13;;https://www.automobile.tn/fr/occasion/nissan/x-trail/118105;;;
automobile.tn;Ssangyong Tivoli Classy 1.2 T-GDi 12V 2WD 128 cv;Ssangyong;Tivoli;2021.0;68500.0;23000.0;Essence;Traction;Tunis;6cv;;2026-07-13;2026-07-13;;https://www.automobile.tn/fr/occasion/ssangyong/tivoli/116369;;;
automobile.tn;Land Rover Range Rover Sport SVR SVR SC 5.0 V8 32V 550 cv Boîte auto;Land rover;Range Rover Sport;2015.0;150000.0;196000.0;Essence;Intégrale;Tunis;43cv;;2026-07-13;2026-07-13;;https://www.automobile.tn/fr/occasion/land-rover/range-rover-sport/116363;;;
automobile.tn;Audi E-tron Advanced 50 Quattro 230 kwh 313 cv;Audi;E-tron;2020.0;135000.0;72000.0;Electrique;Intégrale;Tunis;12cv;;2026-07-13;2026-07-13;;https://www.automobile.tn/fr/occasion/audi/e-tron/114924;;;
automobile.tn;Mercedes-Benz Classe E AMG 180 1.5 16V 9G-TRONIC 156 cv Boite auto;Mercedes-benz;Classe E;2018.0;129000.0;176000.0;Essence;Propulsion;Tunis;9cv;;2026-07-13;2026-07-13;;https://www.automobile.tn/fr/occasion/mercedes-benz/classe-e/113745;;;
automobile.tn;Peugeot 208 Access 1.2 VTi 12V 82 cv;Peugeot;208;2017.0;27500.0;112000.0;Essence;Traction;Ariana;5cv;;2026-07-13;2026-07-13;;https://www.automobile.tn/fr/occasion/peugeot/208/126903;;;
automobile.tn;Suzuki Swift GL 1.2 L 85 cv Boîte auto;Suzuki;Swift;2022.0;39800.0;83000.0;Essence;Traction;Tunis;5cv;;2026-07-13;2026-07-13;;https://www.automobile.tn/fr/occasion/suzuki/swift/127752;;;
automobile.tn;Volkswagen Polo Prestige;Volkswagen;Polo;2022.0;56000.0;95000.0;Essence;Traction;Tunis;4cv;;2026-07-13;2026-07-13;;https://www.automobile.tn/fr/occasion/volkswagen/polo/126759;;;
automobile.tn;Mercedes-Benz Classe X 250 d 2.3 d 4x2 double cabine 16V 190 cv;Mercedes-benz;Classe X;2018.0;120000.0;158000.0;Diesel;Intégrale;Tunis;8cv;;2026-07-13;2026-07-13;;https://www.automobile.tn/fr/occasion/mercedes-benz/classe-x/118168;;;
automobile.tn;Volkswagen Golf 8 Life 1.4 L TSI 150 cv Boîte auto;Volkswagen;Golf 8;2023.0;98000.0;74000.0;Essence;Traction;Tunis;8cv;;2026-07-13;2026-07-13;;https://www.automobile.tn/fr/occasion/volkswagen/golf-8/121848;;;
automobile.tn;Audi A3 Berline Design 1.2 TSI 16V S-Tronic7 S&S 110 cv Boîte auto;Audi;A3 Berline;2019.0;68000.0;178000.0;Essence;Traction;Tunis;6cv;;2026-07-13;2026-07-13;;https://www.automobile.tn/fr/occasion/audi/a3-berline/116712;;;
automobile.tn;BMW X5 Business Line Plus;Bmw;X5;2020.0;250000.0;112000.0;Diesel;Intégrale;Tunis;14cv;;2026-07-13;2026-07-13;;https://www.automobile.tn/fr/occasion/bmw/x5/107786;;;
automobile.tn;BMW Série 1 Pack M 116i 1.5 i 12V DCT7 109 cv Boîte auto;Bmw;Série 1;2025.0;145000.0;21000.0;Essence;Traction;Tunis;6cv;;2026-07-13;2026-07-13;;https://www.automobile.tn/fr/occasion/bmw/serie-1-5p/127424;;;
automobile.tn;Audi A1 Sportback;Audi;A1 Sportback;2025.0;83000.0;59000.0;Essence;Traction;Tunis;6cv;;2026-07-13;2026-07-13;;https://www.automobile.tn/fr/occasion/audi/a1-sportback/126709;;;
automobile.tn;DFSK Glory 500 MT;Dfsk;Glory 500;2025.0;65000.0;8000.0;Essence;Traction;Tunis;7cv;;2026-07-13;2026-07-13;;https://www.automobile.tn/fr/occasion/dfsk/glory-500/123796;;;
automobile.tn;Fiat Linea Comfort 1.4 i 77cv;Fiat;Linea;2011.0;28000.0;203000.0;Essence;Traction;Tunis;6cv;;2026-07-13;2026-07-13;;https://www.automobile.tn/fr/occasion/fiat/linea/124482;;;
automobile.tn;BMW Série 1 Sport Line 114i 1.6 i 16V 102 cv;Bmw;Série 1;2013.0;42000.0;180000.0;Essence;Propulsion;Tunis;7cv;;2026-07-13;2026-07-13;;https://www.automobile.tn/fr/occasion/bmw/serie-1-5p/120514;;;
automobile.tn;Porsche Cayenne;Porsche;Cayenne;2016.0;185000.0;114000.0;Diesel;Intégrale;Tunis;15cv;;2026-07-13;2026-07-13;;https://www.automobile.tn/fr/occasion/porsche/cayenne/128110;;;
automobile.tn;Hyundai i20 High Grade 1.0 T-GDI 12V GPF DCT7 100 cv Boîte auto;Hyundai;i20;2023.0;62000.0;80000.0;Essence;Traction;Tunis;5cv;;2026-07-13;2026-07-13;;https://www.automobile.tn/fr/occasion/hyundai/i20/127369;;;
automobile.tn;Land Rover Range Rover Sport HSE Dynamic SC 3.0 V6 24V 340 cv Boîte auto;Land rover;Range Rover Sport;2021.0;280000.0;90000.0;Essence;Intégrale;Tunis;25cv;;2026-07-13;2026-07-13;;https://www.automobile.tn/fr/occasion/land-rover/range-rover-sport/113992;;;
automobile.tn;Jaguar XF Pure 2.0 Ti 16V 240 cv Boîte auto;Jaguar;XF;2016.0;83000.0;107000.0;Essence;Propulsion;Tunis;15cv;;2026-07-13;2026-07-13;;https://www.automobile.tn/fr/occasion/jaguar/xf/125252;;;
automobile.tn;Land Rover Range Rover Sport Autobiography 3.0 TDV6 24V DPF 248 cv Boîte auto;Land rover;Range Rover Sport;2013.0;118000.0;70000.0;Diesel;Intégrale;Tunis;15cv;;2026-07-13;2026-07-13;;https://www.automobile.tn/fr/occasion/land-rover/range-rover-sport/125944;;;
automobile.tn;Seat Ibiza FR 1.0 L TSI 115 cv Boîte auto;Seat;Ibiza;2023.0;66000.0;98000.0;Essence;Traction;Tunis;6cv;;2026-07-13;2026-07-13;;https://www.automobile.tn/fr/occasion/seat/ibiza/125300;;;
automobile.tn;Volkswagen Tiguan R-Line 1.4 TSI 16V DSG6 150 cv Boîte auto;Volkswagen;Tiguan;2018.0;119000.0;103000.0;Essence;Traction;Tunis;8cv;;2026-07-13;2026-07-13;;https://www.automobile.tn/fr/occasion/volkswagen/tiguan/128111;;;
automobile.tn;Cupra Formentor Exclusive 2.0 TSI 16V DSG 7 190 cv Boîte auto;Cupra;Formentor;2024.0;112000.0;69000.0;Essence;Traction;Tunis;11cv;;2026-07-13;2026-07-13;;https://www.automobile.tn/fr/occasion/cupra/formentor/120391;;;
automobile.tn;Toyota C-HR 1.2 L 116 cv Boîte auto;Toyota;C-HR;2021.0;77500.0;98400.0;Essence;Traction;Ariana;6cv;;2026-07-13;2026-07-13;;https://www.automobile.tn/fr/occasion/toyota/c-hr/128270;;;
automobile.tn;Renault Clio Dynamique 1.5 dCi FAP Energy eco2 S&S 90 cv;Renault;Clio;2016.0;33000.0;220000.0;Diesel;Propulsion;Ariana;5cv;;2026-07-13;2026-07-13;;https://www.automobile.tn/fr/occasion/renault/clio/128269;;;
automobile.tn;Audi Q8 50 3.0 TDI V6 24V Mild Hybrid Quattro Tiptronic8 286 cv Boîte auto;Audi;Q8;2020.0;260000.0;160000.0;Hybride léger diesel;Intégrale;Tunis;18cv;;2026-07-13;2026-07-13;;https://www.automobile.tn/fr/occasion/audi/q8/128268;;;
automobile.tn;KIA Sportage Signature 1.7 CRDi VGT 16V 4x2 115 cv;Kia;Sportage;2017.0;67000.0;196000.0;Diesel;Traction;Monastir;6cv;;2026-07-13;2026-07-13;;https://www.automobile.tn/fr/occasion/kia/sportage/127437;;;
automobile.tn;BMW Série 7 Pure Excellence 730Li 2.0 i 265 Berline 16V Automatic 265 cv Boîte auto;Bmw;Série 7;2022.0;270000.0;111000.0;Essence;Propulsion;Ariana;16cv;;2026-07-13;2026-07-13;;https://www.automobile.tn/fr/occasion/bmw/serie-7/126358;;;
automobile.tn;Peugeot 208 Active Pack 1.2 PureTech 12V S&S 75 cv;Peugeot;208;2022.0;37500.0;77000.0;Essence;Traction;Bizerte;5cv;;2026-07-13;2026-07-13;;https://www.automobile.tn/fr/occasion/peugeot/208/127913;;;
automobile.tn;Peugeot 208 Active Pack 1.2 PureTech 12V S&S 75 cv;Peugeot;208;2022.0;38000.0;69000.0;Essence;Traction;Bizerte;5cv;;2026-07-13;2026-07-13;;https://www.automobile.tn/fr/occasion/peugeot/208/127983;;;
automobile.tn;KIA Rio 5p Prestige 1.2 i-CVVT 16V ISG 84 cv;Kia;Rio 5p;2022.0;49800.0;90000.0;Essence;Traction;Bizerte;5cv;;2026-07-13;2026-07-13;;https://www.automobile.tn/fr/occasion/kia/rio-5p/127085;;;
automobile.tn;Toyota Corolla;Toyota;Corolla;2021.0;62200.0;86500.0;Essence;Traction;La Manouba;6cv;;2026-07-13;2026-07-13;;https://www.automobile.tn/fr/occasion/toyota/corolla-5p/128267;;;
automobile.tn;DS 3 Sport Chic 1.4 L VTi 95 95 cv;Ds;3;2013.0;25700.0;256413.0;Essence;Traction;Tunis;5cv;;2026-07-13;2026-07-13;;https://www.automobile.tn/fr/occasion/ds/3/128192;;;
automobile.tn;Hyundai Tucson 1.6 l GDI 132 cv Boîte auto;Hyundai;Tucson;2020.0;84000.0;60200.0;Essence;Traction;Tunis;8cv;;2026-07-13;2026-07-13;;https://www.automobile.tn/fr/occasion/hyundai/tucson/128014;;;
automobile.tn;Ford Kuga SE 1.5 SCTi EcoBoost 16V 4x2 S&S 150 cv;Ford;Kuga;2019.0;45000.0;184000.0;Essence;Traction;Ariana;8cv;;2026-07-13;2026-07-13;;https://www.automobile.tn/fr/occasion/ford/kuga/127537;;;
automobile.tn;KIA Rio 5p SX 1.2 i-CVVT 16V ISG 84 cv;Kia;Rio 5p;2021.0;56000.0;26521.0;Essence;Traction;Sousse;5cv;;2026-07-13;2026-07-13;;https://www.automobile.tn/fr/occasion/kia/rio-5p/128115;;;
automobile.tn;Dacia Sandero 1.0 L TCe 100 cv;Dacia;Sandero;2023.0;55000.0;49000.0;Essence;Traction;Tunis;5cv;;2026-07-13;2026-07-13;;https://www.automobile.tn/fr/occasion/dacia/sandero/127728;;;
automobile.tn;MG 4 Luxury+;Mg;4;2025.0;75000.0;8000.0;Electrique;Propulsion;Tunis;5cv;;2026-07-13;2026-07-13;;https://www.automobile.tn/fr/occasion/mg/4/127943;;;
automobile.tn;Honda Accord Coupé EX;Honda;Accord Coupé;2006.0;34500.0;192000.0;Essence;Traction;Ben Arous;12cv;;2026-07-13;2026-07-13;;https://www.automobile.tn/fr/occasion/honda/accord-coupe/124214;;;
automobile.tn;KIA Sportage 1.6 GDi CVVT 16V 4x2 132 cv Boite Auto;Kia;Sportage;2019.0;76000.0;108000.0;Essence;Traction;Gafsa;8cv;;2026-07-13;2026-07-13;;https://www.automobile.tn/fr/occasion/kia/sportage/127162;;;
automobile.tn;GWM Haval H6 Luxury 1.5 T 143cv boite auto;Gwm;Haval H6;2020.0;70000.0;94000.0;Essence;Traction;Sfax;9cv;;2026-07-13;2026-07-13;;https://www.automobile.tn/fr/occasion/great-wall/h6/111414;;;
automobile.tn;Hyundai Grand i10 GLS 1.2 87cv;Hyundai;Grand i10;2016.0;33000.0;220000.0;Essence;Traction;Ben Arous;5cv;;2026-07-13;2026-07-13;;https://www.automobile.tn/fr/occasion/hyundai/grand-i10/128084;;;
automobile.tn;Isuzu D-Max Double Cabine;Isuzu;D-Max Double Cabine;2020.0;74000.0;90000.0;Diesel;Propulsion;Ben Arous;10cv;;2026-07-13;2026-07-13;;https://www.automobile.tn/fr/occasion/isuzu/d-max-dc/127473;;;
automobile.tn;Mercedes-Benz GLC Coupé AMG 220 d 2.1 d 16V 4MATIC 9G-Tronic 170 cv Boîte auto;Mercedes-benz;GLC Coupé;2016.0;125000.0;128000.0;Diesel;Intégrale;Ben Arous;9cv;;2026-07-13;2026-07-13;;https://www.automobile.tn/fr/occasion/mercedes-benz/glc-coupe/127432;;;
automobile.tn;Peugeot 3008 Gt 1.6 THP 16V 300 Hybrid4 EAT8 200 cv Boîte auto;Peugeot;3008;2022.0;108000.0;96000.0;Hybride rechargeable essence;Intégrale;Ben Arous;11cv;;2026-07-13;2026-07-13;;https://www.automobile.tn/fr/occasion/peugeot/3008/127349;;;
automobile.tn;Mercedes-Benz CLA AMG Edition 1 180 1.6 i 16V Turbo 7G-DCT 122 cv Boîte auto;Mercedes-benz;CLA;2014.0;74000.0;170000.0;Essence;Propulsion;Ben Arous;8cv;;2026-07-13;2026-07-13;;https://www.automobile.tn/fr/occasion/mercedes-benz/cla/127079;;;
automobile.tn;Suzuki Vitara S 1.4 Boosterjet 16V AllGrip 140 cv Boîte auto;Suzuki;Vitara;2019.0;46000.0;250000.0;Essence;Intégrale;Ben Arous;6cv;;2026-07-13;2026-07-13;;https://www.automobile.tn/fr/occasion/suzuki/vitara/126497;;;
automobile.tn;BMW Série 4 Gran Coupé Pack M 418i 1.5 16V 136 cv Boîte auto;Bmw;Série 4 Gran Coupé;2017.0;88000.0;117000.0;Essence;Propulsion;Ben Arous;8cv;;2026-07-13;2026-07-13;;https://www.automobile.tn/fr/occasion/bmw/serie-4-gran-coupe/125947;;;
automobile.tn;Honda Civic RS 1.5 i-VTEC 16V Turbo CVT 182 cv Boîte auto;Honda;Civic;2020.0;60000.0;172000.0;Essence;Traction;Ben Arous;10cv;;2026-07-13;2026-07-13;;https://www.automobile.tn/fr/occasion/honda/civic/125946;;;
automobile.tn;Volkswagen Golf 7 Access 1.0 TSI 12V Blue Motion 110 cv;Volkswagen;Golf 7;2020.0;66000.0;100000.0;Essence;Traction;Ben Arous;6cv;;2026-07-13;2026-07-13;;https://www.automobile.tn/fr/occasion/volkswagen/golf-7/125945;;;
automobile.tn;Mercedes-Benz Classe C AMG + 180 1.5 i 16V EQ Boost 9G-TRONIC 170 cv Boîte auto;Mercedes-benz;Classe C;2022.0;197000.0;35000.0;Hybride léger essence;Propulsion;Ben Arous;10cv;;2026-07-13;2026-07-13;;https://www.automobile.tn/fr/occasion/mercedes-benz/classe-c/125754;;;
automobile.tn;Toyota Corolla Business 1.2 T 16V CVT 116 cv Boîte auto;Toyota;Corolla;2022.0;64000.0;111000.0;Essence;Traction;Ben Arous;6cv;;2026-07-13;2026-07-13;;https://www.automobile.tn/fr/occasion/toyota/corolla-5p/125726;;;
automobile.tn;Land Rover Range Rover Evoque;Land rover;Range Rover Evoque;2016.0;90000.0;90000.0;Diesel;Traction;Ben Arous;8cv;;2026-07-13;2026-07-13;;https://www.automobile.tn/fr/occasion/land-rover/range-rover-evoque/125199;;;
automobile.tn;Chery Tiggo 8 Pro 1.6 T-GDI 7-DCT 197 cv Boîte auto;Chery;Tiggo 8 Pro;2023.0;95000.0;30000.0;Essence;Traction;Ben Arous;11cv;;2026-07-13;2026-07-13;;https://www.automobile.tn/fr/occasion/chery/tiggo-8-pro/125158;;;
automobile.tn;Land Rover Discovery 2.0 Sd4 16V 4WD 240 cv Boîte auto;Land rover;Discovery;2018.0;125000.0;220000.0;Diesel;Intégrale;Ben Arous;10cv;;2026-07-13;2026-07-13;;https://www.automobile.tn/fr/occasion/land-rover/discovery/124855;;;
automobile.tn;Land Rover Range Rover Evoque Dynamic 2.2 SD4 16V DPF 4WD BVA9 190 cv Boîte auto;Land rover;Range Rover Evoque;2015.0;77000.0;124000.0;Diesel;Intégrale;Ben Arous;11cv;;2026-07-13;2026-07-13;;https://www.automobile.tn/fr/occasion/land-rover/range-rover-evoque/123926;;;
automobile.tn;MG e-HS Luxury Plus 1.5 T-GDI 16V 258 Plug in Hybrid 162 cv Boîte auto;Mg;e-HS;2023.0;109000.0;60000.0;Hybride rechargeable essence;Traction;Ben Arous;7cv;;2026-07-13;2026-07-13;;https://www.automobile.tn/fr/occasion/mg/ehs/123880;;;
automobile.tn;MG e-HS Luxury Plus 1.5 T-GDI 16V 258 Plug in Hybrid 162 cv Boîte auto;Mg;e-HS;2023.0;109000.0;50000.0;Hybride rechargeable essence;Traction;Ben Arous;7cv;;2026-07-13;2026-07-13;;https://www.automobile.tn/fr/occasion/mg/ehs/123879;;;
automobile.tn;KIA Sportage 1.6 CRDi VGT 16V 4x4 DCT7 136 cv Boîte auto;Kia;Sportage;2020.0;82000.0;129000.0;Diesel;Intégrale;Ben Arous;8cv;;2026-07-13;2026-07-13;;https://www.automobile.tn/fr/occasion/kia/sportage/123866;;;
automobile.tn;Peugeot 208 Pack Edition 1.2 PureTech 12V EAT8 S&S 130 cv Boîte auto;Peugeot;208;2021.0;49000.0;60000.0;Essence;Traction;Ben Arous;6cv;;2026-07-13;2026-07-13;;https://www.automobile.tn/fr/occasion/peugeot/208/123865;;;
automobile.tn;BMW Série 5 Business Line 520d 2.0 d DPF 16V EfficientDynamics Edition 184 cv;Bmw;Série 5;2011.0;60000.0;280000.0;Diesel;Propulsion;Ben Arous;10cv;;2026-07-13;2026-07-13;;https://www.automobile.tn/fr/occasion/bmw/serie-5/123836;;;
automobile.tn;Hyundai Tucson Top Grade 1.6 CRDi 16V Mild Hybrid 4WD DCT7 S&S 136 cv Boîte auto;Hyundai;Tucson;2021.0;117000.0;75000.0;Hybride léger diesel;Intégrale;Ben Arous;8cv;;2026-07-13;2026-07-13;;https://www.automobile.tn/fr/occasion/hyundai/tucson/123760;;;
automobile.tn;Chevrolet Captiva 5 places 1.5 Turbo CVT 147 cv Boîte auto;Chevrolet;Captiva;2024.0;87500.0;16000.0;Essence;Traction;Ben Arous;9cv;;2026-07-13;2026-07-13;;https://www.automobile.tn/fr/occasion/chevrolet/captiva/123757;;;
automobile.tn;Peugeot 2008;Peugeot;2008;2021.0;68000.0;65000.0;Essence;Traction;Ben Arous;6cv;;2026-07-13;2026-07-13;;https://www.automobile.tn/fr/occasion/peugeot/2008/123756;;;
automobile.tn;Mercedes-Benz CLA AMG 180 d 1.5 d 8V 7G-DCT 116 cv Boîte auto;Mercedes-benz;CLA;2021.0;117000.0;160000.0;Diesel;Traction;Bizerte;7cv;;2026-07-13;2026-07-13;;https://www.automobile.tn/fr/occasion/mercedes-benz/cla/123747;;;
automobile.tn;Audi E-tron Sportback 50 Quattro 313 cv;Audi;E-tron Sportback;2020.0;143000.0;54000.0;Electrique;Intégrale;Ben Arous;8cv;;2026-07-13;2026-07-13;;https://www.automobile.tn/fr/occasion/audi/e-tron-sportback/123746;;;
automobile.tn;Mercedes-Benz EQS Berline AMG 450+ 333 cv Boîte Auto;Mercedes-benz;EQS Berline;2023.0;297000.0;5000.0;Electrique;Propulsion;Ben Arous;8cv;;2026-07-13;2026-07-13;;https://www.automobile.tn/fr/occasion/mercedes-benz/eqs-berline/123745;;;
automobile.tn;Land Rover Range Rover Sport 2.0 SD4 16V 240 cv Boîte auto;Land rover;Range Rover Sport;2018.0;195000.0;95000.0;Diesel;Intégrale;Ben Arous;16cv;;2026-07-13;2026-07-13;;https://www.automobile.tn/fr/occasion/land-rover/range-rover-sport/123743;;;
automobile.tn;Jeep Wrangler Unlimited Raidtrail 2.2 Multijet 16V 4WD S&S 200 cv Boîte auto;Jeep;Wrangler Unlimited;2019.0;205000.0;90000.0;Diesel;Intégrale;Ben Arous;10cv;;2026-07-13;2026-07-13;;https://www.automobile.tn/fr/occasion/jeep/wrangler-unlimited/123742;;;
automobile.tn;KIA Sportage 1.6 GDi CVVT 16V 4x2 132 cv Boite Auto;Kia;Sportage;2020.0;79000.0;112000.0;Essence;Traction;Ben Arous;8cv;;2026-07-13;2026-07-13;;https://www.automobile.tn/fr/occasion/kia/sportage/123737;;;
automobile.tn;Seat Leon Style 1.2 TSI 16V DSG7 S&S 105 cv Boîte auto;Seat;Leon;2014.0;39000.0;225000.0;Essence;Traction;Tunis;6cv;;2026-07-12;2026-07-13;;https://www.automobile.tn/fr/occasion/seat/leon/128266;;;
automobile.tn;Seat Tarraco Xcellence 1.4 TSI 16V GPF 4x2 DSG7 S&S 150 cv Boîte auto;Seat;Tarraco;2023.0;117900.0;87500.0;Essence;Traction;Ariana;9cv;;2026-07-12;2026-07-13;;https://www.automobile.tn/fr/occasion/seat/tarraco/128265;;;
automobile.tn;Mercedes-Benz GLE AMG 53 AMG 3.0 Ti 24V 544 EQ Power 4MATIC+ 9G-TRONIC 449 cv Boîte auto;Mercedes-benz;GLE;2025.0;425000.0;25500.0;Hybride rechargeable essence;Intégrale;Tunis;36cv;;2026-07-12;2026-07-13;;https://www.automobile.tn/fr/occasion/mercedes-benz/gle/128061;;;
automobile.tn;Peugeot 3008 Allure 1.2 THP Puretech 12V EAT6 S&S 130 cv Boîte auto;Peugeot;3008;2020.0;63000.0;56000.0;Essence;Traction;Tunis;7cv;;2026-07-12;2026-07-13;;https://www.automobile.tn/fr/occasion/peugeot/3008/123562;;;
automobile.tn;Skoda Octavia Ambition;Skoda;Octavia;2018.0;48000.0;130000.0;Essence;Traction;Ben Arous;8cv;;2026-07-12;2026-07-13;;https://www.automobile.tn/fr/occasion/skoda/octavia/127540;;;
automobile.tn;Nissan Micra Acenta 1.2 i 12V 80 cv;Nissan;Micra;2016.0;24500.0;189000.0;Essence;Traction;Ben Arous;5cv;;2026-07-12;2026-07-13;;https://www.automobile.tn/fr/occasion/nissan/micra/122948;;;
automobile.tn;Mahindra KUV 100 K8 1.2 82cv;Mahindra;KUV 100;2020.0;32000.0;51000.0;Essence;Traction;Ariana;5cv;;2026-07-12;2026-07-13;;https://www.automobile.tn/fr/occasion/mahindra/kuv-100/128176;;;
automobile.tn;Toyota C-HR 1.2 T 16V 2WD CVT 116 cv Boîte auto;Toyota;C-HR;2019.0;65000.0;117500.0;Essence;Traction;Tunis;6cv;;2026-07-12;2026-07-13;;https://www.automobile.tn/fr/occasion/toyota/c-hr/119520;;;
automobile.tn;Porsche Macan 3.0 V6 24V AWD PDK 340 cv Boîte auto;Porsche;Macan;2016.0;155000.0;113000.0;Essence;Intégrale;Tunis;23cv;;2026-07-12;2026-07-13;;https://www.automobile.tn/fr/occasion/porsche/macan/124145;;;
automobile.tn;Hyundai i20 GLS 1.2 i 16V 84 cv;Hyundai;i20;2018.0;41000.0;92000.0;Essence;Traction;Tunis;5cv;;2026-07-12;2026-07-13;;https://www.automobile.tn/fr/occasion/hyundai/i20/119227;;;
automobile.tn;Mercedes-Benz Classe C 200 CDi 2.1 CDI 16V 136 cv Boîte auto;Mercedes-benz;Classe C;2009.0;39500.0;227000.0;Diesel;Traction;Tunis;7cv;;2026-07-12;2026-07-13;;https://www.automobile.tn/fr/occasion/mercedes-benz/classe-c/123608;;;
automobile.tn;Hyundai Grand i10 GLS HG 1.2 87cv;Hyundai;Grand i10;2017.0;35700.0;123196.0;Essence;Traction;Ben Arous;5cv;;2026-07-12;2026-07-13;;https://www.automobile.tn/fr/occasion/hyundai/grand-i10/128263;;;
automobile.tn;Fiat Doblo Van Club 1.6 L HDI 92 cv;Fiat;Doblo;2025.0;58000.0;12000.0;Diesel;Traction;Gafsa;5cv;;2026-07-12;2026-07-13;;https://www.automobile.tn/fr/occasion/fiat/doblo/128239;;;
automobile.tn;Chery Tiggo 8 Pro 1.6 T-GDI 7-DCT 197 cv Boîte auto;Chery;Tiggo 8 Pro;2023.0;85000.0;49000.0;Essence;Traction;Gafsa;11cv;;2026-07-12;2026-07-13;;https://www.automobile.tn/fr/occasion/chery/tiggo-8-pro/127031;;;
automobile.tn;BMW Série 5 Pack M 520i 1.6 i 16V Steptronic8 170 cv Boîte auto;Bmw;Série 5;2017.0;105000.0;120000.0;Essence;Propulsion;Tunis;10cv;;2026-07-12;2026-07-13;;https://www.automobile.tn/fr/occasion/bmw/serie-5/126846;;;
automobile.tn;Mercedes-Benz GLE Coupé 350 de 2.0 d 16V 333 EQ Power 4MATIC 9G-TRONIC 197 cv Boîte auto;Mercedes-benz;GLE Coupé;2023.0;315000.0;59000.0;Hybride rechargeable diesel;Intégrale;Sousse;12cv;;2026-07-12;2026-07-13;;https://www.automobile.tn/fr/occasion/mercedes-benz/gle-coupe/128022;;;
automobile.tn;Land Rover Range Rover Velar P400e 2.0 i 16V 404 PHEV AWD 300 cv Boîte auto;Land rover;Range Rover Velar;2022.0;185000.0;95000.0;Hybride rechargeable essence;Intégrale;Sousse;19cv;;2026-07-12;2026-07-13;;https://www.automobile.tn/fr/occasion/land-rover/range-rover-velar/127814;;;
automobile.tn;Mercedes-Benz GLC;Mercedes-benz;GLC;2023.0;239000.0;69000.0;Hybride rechargeable essence;Traction;Sousse;15cv;;2026-07-12;2026-07-13;;https://www.automobile.tn/fr/occasion/mercedes-benz/glc/127812;;;
automobile.tn;Ford Fiesta Titanium 1.25 i 16V 82 cv;Ford;Fiesta;2012.0;27500.0;261200.0;Essence;Traction;Médenine;5cv;;2026-07-12;2026-07-13;;https://www.automobile.tn/fr/occasion/ford/fiesta/128262;;;
automobile.tn;Volkswagen Polo Passion 1.0 i 12V 75 cv;Volkswagen;Polo;2019.0;48500.0;70000.0;Essence;Traction;Sfax;4cv;;2026-07-12;2026-07-13;;https://www.automobile.tn/fr/occasion/volkswagen/polo/127377;;;
automobile.tn;Mercedes-Benz Classe A AMG PREMIUM PLUS 180 1.3 Ti 16V 7G-DCT 136 cv Boîte auto;Mercedes-benz;Classe A;2020.0;103000.0;114000.0;Essence;Propulsion;Tunis;7cv;;2026-07-12;2026-07-13;;https://www.automobile.tn/fr/occasion/mercedes-benz/classe-a/122339;;;
automobile.tn;Renault Kadjar Intens Tce 130 cv Boite Auto;Renault;Kadjar;2018.0;65000.0;115000.0;Essence;Traction;Mahdia;7cv;;2026-07-12;2026-07-13;;https://www.automobile.tn/fr/occasion/renault/kadjar/127213;;;
automobile.tn;Mercedes-Benz CLA AMG 250 e 1.3 i 16V GPF 218 PHEV 160 cv Boîte auto;Mercedes-benz;CLA;2022.0;113000.0;120000.0;Hybride rechargeable essence;Traction;Nabeul;8cv;;2026-07-12;2026-07-13;;https://www.automobile.tn/fr/occasion/mercedes-benz/cla/128211;;;
automobile.tn;Volkswagen Tiguan;Volkswagen;Tiguan;2023.0;119000.0;80000.0;Hybride rechargeable essence;Traction;Nabeul;8cv;;2026-07-12;2026-07-13;;https://www.automobile.tn/fr/occasion/volkswagen/tiguan/128128;;;
automobile.tn;Mercedes-Benz GLA AMG 250e 1.3 i 16V 218 EQ Power 8G-DCT 158 cv Boîte auto;Mercedes-benz;GLA;2022.0;137000.0;80000.0;Hybride rechargeable essence;Traction;Nabeul;8cv;;2026-07-12;2026-07-13;;https://www.automobile.tn/fr/occasion/mercedes-benz/gla/127720;;;
automobile.tn;Mercedes-Benz Classe A;Mercedes-benz;Classe A;2018.0;53000.0;270000.0;Essence;Traction;Nabeul;6cv;;2026-07-12;2026-07-13;;https://www.automobile.tn/fr/occasion/mercedes-benz/classe-a/127578;;;
automobile.tn;Volkswagen Golf 8;Volkswagen;Golf 8;2021.0;73500.0;153000.0;Essence;Traction;Nabeul;6cv;;2026-07-12;2026-07-13;;https://www.automobile.tn/fr/occasion/volkswagen/golf-8/120279;;;
automobile.tn;Audi A3 Sportback S-Line 40 1.4 TFSIe 16V 204 Plug in Hybrid S Tronic6 150 cv Boîte auto;Audi;A3 Sportback;2022.0;119000.0;98000.0;Hybride rechargeable essence;Traction;Nabeul;8cv;;2026-07-12;2026-07-13;;https://www.automobile.tn/fr/occasion/audi/a3-sportback/120278;;;
automobile.tn;Audi A3 Sportback S-Line;Audi;A3 Sportback;2021.0;79500.0;170000.0;Diesel;Traction;Nabeul;6cv;;2026-07-12;2026-07-13;;https://www.automobile.tn/fr/occasion/audi/a3-sportback/119694;;;
automobile.tn;Land Rover Range Rover Evoque R-Dynamic HSE;Land rover;Range Rover Evoque;2022.0;169000.0;98000.0;Hybride rechargeable essence;Traction;Nabeul;11cv;;2026-07-12;2026-07-13;;https://www.automobile.tn/fr/occasion/land-rover/range-rover-evoque/117303;;;
automobile.tn;Mercedes-Benz Classe A 250 e 1.3 Ti 16V 218 PHEV 8G-DCT 158 cv Boîte auto;Mercedes-benz;Classe A;2021.0;109000.0;80000.0;Hybride rechargeable essence;Traction;Nabeul;8cv;;2026-07-12;2026-07-13;;https://www.automobile.tn/fr/occasion/mercedes-benz/classe-a/115444;;;
automobile.tn;Land Rover Range Rover Evoque R-Dynamic 2.0 TD4 16V DPF 4WD BVA9 180 cv Boîte auto;Land rover;Range Rover Evoque;2017.0;87000.0;165000.0;Diesel;Intégrale;Tunis;10cv;;2026-07-12;2026-07-13;;https://www.automobile.tn/fr/occasion/land-rover/range-rover-evoque/106073;;;
automobile.tn;Mercedes-Benz Classe C coupé AMG 200 2.0 i 16V 9G-TRONIC 184 cv Boîte auto;Mercedes-benz;Classe C coupé;2019.0;137000.0;115000.0;Essence;Traction;Tunis;10cv;;2026-07-12;2026-07-13;;https://www.automobile.tn/fr/occasion/mercedes-benz/classe-c-coupe/126503;;;
automobile.tn;BMW Série 5;Bmw;Série 5;2017.0;67250.0;250000.0;Essence;Traction;Tunis;9cv;;2026-07-12;2026-07-13;;https://www.automobile.tn/fr/occasion/bmw/serie-5/125278;;;
automobile.tn;Porsche Panamera 3.6 i V6 24V PDK 300 cv Boîte auto;Porsche;Panamera;2010.0;129000.0;78000.0;Essence;Traction;Tunis;21cv;;2026-07-12;2026-07-13;;https://www.automobile.tn/fr/occasion/porsche/panamera/123223;;;
automobile.tn;Jaguar XF R-Sport 2.0 D 16V mHEV 204 cv Boîte auto;Jaguar;XF;2022.0;125000.0;110000.0;Hybride léger diesel;Traction;Tunis;10cv;;2026-07-12;2026-07-13;;https://www.automobile.tn/fr/occasion/jaguar/xf/123207;;;
automobile.tn;Mercedes-Benz CLA AMG 180 1.3 i 16V GPF 7G-DCT 136 cv Boîte auto;Mercedes-benz;CLA;2021.0;117000.0;85000.0;Essence;Traction;Tunis;7cv;;2026-07-12;2026-07-13;;https://www.automobile.tn/fr/occasion/mercedes-benz/cla/119568;;;
automobile.tn;Mercedes-Benz Classe C AMG 180 1.5 i 16V 9G-TRONIC 156 cv Boîte auto;Mercedes-benz;Classe C;2019.0;128800.0;147000.0;Essence;Propulsion;Tunis;8cv;;2026-07-12;2026-07-13;;https://www.automobile.tn/fr/occasion/mercedes-benz/classe-c/116476;;;
automobile.tn;Porsche Cayenne 3.6 DFI V6 24V Tiptronic S 300 cv Boîte auto;Porsche;Cayenne;2012.0;106000.0;195000.0;Essence;Propulsion;Tunis;21cv;;2026-07-12;2026-07-13;;https://www.automobile.tn/fr/occasion/porsche/cayenne/107279;;;
automobile.tn;Mercedes-Benz Classe S Executive 350 3.5 i V6 24V 7G-TRONIC 306 cv Boîte auto;Mercedes-benz;Classe S;2010.0;99000.0;165000.0;Essence;Traction;Tunis;18cv;;2026-07-12;2026-07-13;;https://www.automobile.tn/fr/occasion/mercedes-benz/classe-s/103089;;;
automobile.tn;Mercedes-Benz Classe C AMG + 180 1.6 i 16V 9G-TRONIC 156 cv Boîte auto;Mercedes-benz;Classe C;2017.0;99000.0;84000.0;Essence;Propulsion;Ariana;8cv;;2026-07-12;2026-07-13;;https://www.automobile.tn/fr/occasion/mercedes-benz/classe-c/117335;;;
automobile.tn;Volkswagen Golf 7 Confortline 1.2 TSI 16V Blue Motion S&S 105 cv;Volkswagen;Golf 7;2013.0;38000.0;300000.0;Essence;Traction;Ariana;5cv;;2026-07-13;2026-07-13;;https://www.automobile.tn/fr/occasion/volkswagen/golf-7/128261;;;
automobile.tn;Nissan Navara LUX Double Cabine 2.5 dCi 16V DPF Châssis double cabine moyen 4WD 144 cv;Nissan;Navara;2012.0;40000.0;381000.0;Diesel;Intégrale;Tunis;10cv;;2026-07-12;2026-07-13;;https://www.automobile.tn/fr/occasion/nissan/navara/128260;;;
automobile.tn;MG ZS Luxe 1.5 L 114 cv Boîte auto;Mg;ZS;2021.0;55000.0;179000.0;Essence;Traction;Tunis;7cv;;2026-07-12;2026-07-13;;https://www.automobile.tn/fr/occasion/mg/zs/128259;;;
automobile.tn;BMW X1 Pack Sport M 18i sDrive 2.0 i 16V 150 cv;Bmw;X1;2015.0;58000.0;158000.0;Essence;Propulsion;Ariana;9cv;;2026-07-12;2026-07-13;;https://www.automobile.tn/fr/occasion/bmw/x1/125498;;;
automobile.tn;Mercedes-Benz Classe C AMG + 180 CGI 1.6 16V CGI 7G-TRONIC+ 156 cv Boîte auto;Mercedes-benz;Classe C;2014.0;78000.0;170000.0;Essence;Propulsion;Ariana;9cv;;2026-07-12;2026-07-13;;https://www.automobile.tn/fr/occasion/mercedes-benz/classe-c/125910;;;
automobile.tn;Volkswagen Amarok Highline Plus Double Cabine 2.0 TDi 16V 4Motion 180 cv Boîte auto;Volkswagen;Amarok;2017.0;110000.0;150000.0;Diesel;Intégrale;Sfax;7cv;;2026-07-12;2026-07-13;;https://www.automobile.tn/fr/occasion/volkswagen/amarok/125598;;;
automobile.tn;KIA Rio 5p GT-Line 1.2 i-CVVT 16V ISG 84 cv;Kia;Rio 5p;2021.0;53000.0;109000.0;Essence;Traction;Ariana;5cv;;2026-07-12;2026-07-13;;https://www.automobile.tn/fr/occasion/kia/rio-5p/128258;;;
automobile.tn;BMW Série 4 Gran Coupé Luxury Line 418i 1.5 i 12V Steptronic8 136 cv Boîte auto;Bmw;Série 4 Gran Coupé;2020.0;95000.0;105000.0;Essence;Propulsion;Ariana;7cv;;2026-07-12;2026-07-13;;https://www.automobile.tn/fr/occasion/bmw/serie-4-gran-coupe/128257;;;
automobile.tn;Hyundai i20 High Grade 1.2 L 76 cv;Hyundai;i20;2024.0;63500.0;16000.0;Essence;Traction;Monastir;5cv;;2026-07-12;2026-07-13;;https://www.automobile.tn/fr/occasion/hyundai/i20/128256;;;
automobile.tn;MG GT 1.5 T Sport 7DCT 160 cv Boîte auto;Mg;GT;2023.0;67000.0;26500.0;Essence;Traction;Médenine;9cv;;2026-07-12;2026-07-13;;https://www.automobile.tn/fr/occasion/mg/gt/126267;;;
automobile.tn;Audi Q3 S-line 1.4 TFSi 16V S Tronic6 150 cv Boîte auto;Audi;Q3;2017.0;69500.0;189000.0;Essence;Traction;Tunis;8cv;;2026-07-12;2026-07-13;;https://www.automobile.tn/fr/occasion/audi/q3/127577;;;
automobile.tn;Mercedes-Benz Classe E Avantgarde 200 CDi 2.1 CDI 16V DPF BlueEFFICIENCY 7G-TRONIC 136 cv Boîte auto;Mercedes-benz;Classe E;2012.0;64500.0;183000.0;Diesel;Traction;Tunis;8cv;;2026-07-12;2026-07-13;;https://www.automobile.tn/fr/occasion/mercedes-benz/classe-e/125850;;;
automobile.tn;KIA Rio 5p GT-Line 1.2 i-CVVT 16V ISG 84 cv;Kia;Rio 5p;2021.0;49500.0;160000.0;Essence;Traction;Tunis;5cv;;2026-07-12;2026-07-13;;https://www.automobile.tn/fr/occasion/kia/rio-5p/124345;;;
automobile.tn;Mercedes-Benz Classe A Progressive 180 1.3 Ti 16V 7G-DCT 136 cv Boîte auto;Mercedes-benz;Classe A;2022.0;92000.0;100000.0;Essence;Traction;Sousse;7cv;;2026-07-12;2026-07-13;;https://www.automobile.tn/fr/occasion/mercedes-benz/classe-a/126949;;;
automobile.tn;Peugeot 2008;Peugeot;2008;2019.0;55000.0;139000.0;Essence;Intégrale;Nabeul;7cv;;2026-07-12;2026-07-13;;https://www.automobile.tn/fr/occasion/peugeot/2008/128255;;;
automobile.tn;Fiat 500 1.2 L 69 cv Boîte auto;Fiat;500;2021.0;44000.0;63000.0;Essence;Traction;Tunis;4cv;;2026-07-12;2026-07-13;;https://www.automobile.tn/fr/occasion/fiat/500/127393;;;
automobile.tn;Land Rover Range Rover Sport Autobiography 3.0 SDV6 24V 306 cv Boîte auto;Land rover;Range Rover Sport;2018.0;120000.0;140000.0;Diesel;Traction;Tunis;16cv;;2026-07-12;2026-07-13;;https://www.automobile.tn/fr/occasion/land-rover/range-rover-sport/127392;;;
automobile.tn;Mercedes-Benz CLS;Mercedes-benz;CLS;2016.0;129000.0;66000.0;Diesel;Traction;Tunis;11cv;;2026-07-12;2026-07-13;;https://www.automobile.tn/fr/occasion/mercedes-benz/cls/127739;;;
automobile.tn;Fiat 500 Lounge 1.2 L 69 cv Boîte auto;Fiat;500;2017.0;40500.0;78000.0;Essence;Traction;Tunis;4cv;;2026-07-12;2026-07-13;;https://www.automobile.tn/fr/occasion/fiat/500/127592;;;
automobile.tn;Porsche 718 Cayman;Porsche;718 Cayman;2022.0;290000.0;18000.0;Essence;Propulsion;Tunis;19cv;;2026-07-12;2026-07-13;;https://www.automobile.tn/fr/occasion/porsche/718-cayman/124211;;;
automobile.tn;Land Rover Range Rover Sport Autobiography P400e 2.0 16V 404 Hybrid 300 cv Boîte auto;Land rover;Range Rover Sport;2019.0;195000.0;110000.0;Hybride rechargeable essence;Intégrale;Tunis;19cv;;2026-07-12;2026-07-13;;https://www.automobile.tn/fr/occasion/land-rover/range-rover-sport/127342;;;
automobile.tn;Audi Q3 Advanced 35 TFSI S-tronic 150 cv Boîte auto;Audi;Q3;2021.0;88000.0;160000.0;Essence;Traction;Tunis;9cv;;2026-07-12;2026-07-13;;https://www.automobile.tn/fr/occasion/audi/q3/127089;;;
automobile.tn;Seat Ateca FR 1.4 L TSI 150 cv Boîte auto;Seat;Ateca;2024.0;114000.0;37000.0;Essence;Traction;Tunis;8cv;;2026-07-12;2026-07-13;;https://www.automobile.tn/fr/occasion/seat/ateca/127025;;;
automobile.tn;BMW Série 5 Business Line 520i 1.6i 16V 170 cv Boîte auto;Bmw;Série 5;2014.0;51000.0;240000.0;Essence;Traction;Tunis;9cv;;2026-07-12;2026-07-13;;https://www.automobile.tn/fr/occasion/bmw/serie-5/127046;;;
automobile.tn;Porsche Cayenne Black Edition Turbo 4.8 DFI V8-540 AWD 32V Tiptronic S 540 cv Boîte auto;Porsche;Cayenne;2010.0;104000.0;187000.0;Essence;Intégrale;Tunis;41cv;;2026-07-12;2026-07-13;;https://www.automobile.tn/fr/occasion/porsche/cayenne/125190;;;
automobile.tn;Mercedes-Benz GLE AMG 300 d 2.0 d 16V 4MATIC 9G-TRONIC 245 cv Boîte auto;Mercedes-benz;GLE;2021.0;255000.0;70000.0;Diesel;Intégrale;Tunis;15cv;;2026-07-12;2026-07-13;;https://www.automobile.tn/fr/occasion/mercedes-benz/gle/126383;;;
automobile.tn;Fiat 500 Dolcevita 1.0 BSG 12V Mhd 69 cv;Fiat;500;2020.0;55000.0;21000.0;Hybride léger essence;Traction;Tunis;4cv;;2026-07-12;2026-07-13;;https://www.automobile.tn/fr/occasion/fiat/500/125110;;;
automobile.tn;Land Rover Range Rover Evoque Dynamic 2.0 Si4 16V 4WD BVA9 240 cv Boîte auto;Land rover;Range Rover Evoque;2012.0;59800.0;170000.0;Essence;Intégrale;Tunis;15cv;;2026-07-12;2026-07-13;;https://www.automobile.tn/fr/occasion/land-rover/range-rover-evoque/126347;;;
automobile.tn;Land Rover Range Rover Sport Autobiography P400e 2.0 16V 404 Hybrid 300 cv Boîte auto;Land rover;Range Rover Sport;2020.0;195000.0;105000.0;Hybride rechargeable essence;Intégrale;Tunis;19cv;;2026-07-12;2026-07-13;;https://www.automobile.tn/fr/occasion/land-rover/range-rover-sport/126346;;;
automobile.tn;Porsche Cayenne E-Hybrid E-Hybrid 3.0 V6 24V 461 AWD 340 cv boite auto;Porsche;Cayenne;2019.0;230000.0;43000.0;Hybride rechargeable essence;Intégrale;Tunis;21cv;;2026-07-12;2026-07-13;;https://www.automobile.tn/fr/occasion/porsche/cayenne/125676;;;
automobile.tn;Jaguar XF Pure 2.0 Ti 16V 250 cv Boîte auto;Jaguar;XF;2017.0;98000.0;46000.0;Essence;Propulsion;Tunis;15cv;;2026-07-12;2026-07-13;;https://www.automobile.tn/fr/occasion/jaguar/xf/112085;;;
automobile.tn;Ford Mustang 5.0 i V8 32V 418 cv Boîte auto;Ford;Mustang;2015.0;155000.0;39000.0;Essence;Traction;Tunis;33cv;;2026-07-12;2026-07-13;;https://www.automobile.tn/fr/occasion/ford/mustang/123986;;;
automobile.tn;Mercedes-Benz ML AMG;Mercedes-benz;ML;2016.0;72000.0;300000.0;Diesel;Traction;Tunis;12cv;;2026-07-12;2026-07-13;;https://www.automobile.tn/fr/occasion/mercedes-benz/ml/126448;;;
automobile.tn;Audi A5 Sportback Design Luxe 35 1.4 TFSI S-tronic 150 cv Boîte auto;Audi;A5 Sportback;2020.0;78000.0;178000.0;Essence;Traction;Tunis;8cv;;2026-07-12;2026-07-13;;https://www.automobile.tn/fr/occasion/audi/a5-sportback/127386;;;
automobile.tn;Audi E-tron GT 60 Quattro 476 cv;Audi;E-tron GT;2024.0;270000.0;28000.0;Electrique;Intégrale;Tunis;10cv;;2026-07-12;2026-07-13;;https://www.automobile.tn/fr/occasion/audi/e-tron-gt/123830;;;
automobile.tn;Jeep Renegade Longitude 1.6 e.Torq 16V 2WD S&S 110 cv;Jeep;Renegade;2016.0;46800.0;144000.0;Essence;Traction;Tunis;6cv;;2026-07-12;2026-07-13;;https://www.automobile.tn/fr/occasion/jeep/renegade/127778;;;
automobile.tn;Jaguar F-Type RDYNAMIC 2.0 GPF Turbo 16V Automatic 300 cv Boîte auto;Jaguar;F-Type;2017.0;218000.0;12000.0;Essence;Traction;Tunis;19cv;;2026-07-12;2026-07-13;;https://www.automobile.tn/fr/occasion/jaguar/f-type/119831;;;
automobile.tn;Mercedes-Benz Classe E AMG 200 2.0 CGI 16V 7G-TRONIC+ 184 cv Boîte auto;Mercedes-benz;Classe E;2013.0;72000.0;199000.0;Essence;Traction;Tunis;10cv;;2026-07-12;2026-07-13;;https://www.automobile.tn/fr/occasion/mercedes-benz/classe-e/120609;;;
automobile.tn;Porsche Macan 2.0 TFSI 16V AWD PDK 252 cv Boîte auto;Porsche;Macan;2020.0;198000.0;77000.0;Essence;Intégrale;Tunis;16cv;;2026-07-12;2026-07-13;;https://www.automobile.tn/fr/occasion/porsche/macan/128220;;;
automobile.tn;Audi A3 Sportback S-Line 40 1.4 TFSIe 16V 204 Plug in Hybrid S Tronic6 150 cv Boîte auto;Audi;A3 Sportback;2024.0;102000.0;101000.0;Hybride rechargeable essence;Traction;Tunis;8cv;;2026-07-12;2026-07-13;;https://www.automobile.tn/fr/occasion/audi/a3-sportback/128145;;;
automobile.tn;Mercedes-Benz Classe E coupé;Mercedes-benz;Classe E coupé;2011.0;45000.0;60000.0;Essence;Propulsion;Tunis;11cv;;2026-07-12;2026-07-13;;https://www.automobile.tn/fr/occasion/mercedes-benz/classe-e-coupe/87599;;;
automobile.tn;Ford Mustang Roush 2.3 Ti EcoBoost 16V 314 cv Boîte auto;Ford;Mustang;2018.0;175000.0;65000.0;Essence;Propulsion;Tunis;19cv;;2026-07-12;2026-07-13;;https://www.automobile.tn/fr/occasion/ford/mustang/120726;;;
automobile.tn;Porsche Panamera Executive 4S 4.8 i V8 32V 4S PDK 400 cv Boîte auto;Porsche;Panamera;2010.0;165000.0;140000.0;Essence;Intégrale;Tunis;30cv;;2026-07-12;2026-07-13;;https://www.automobile.tn/fr/occasion/porsche/panamera/114893;;;
automobile.tn;Peugeot 407 2.0 HDi 16V FAP 126 cv;Peugeot;407;2004.0;20000.0;400000.0;Diesel;Intégrale;Béja;5cv;;2026-07-12;2026-07-13;;https://www.automobile.tn/fr/occasion/peugeot/407/128254;;;
automobile.tn;Fiat Fiorino 1.3 MJTD 16V Fourgon 75 cv;Fiat;Fiorino;2022.0;30000.0;144000.0;Diesel;Traction;Sfax;5cv;;2026-07-12;2026-07-13;;https://www.automobile.tn/fr/occasion/fiat/fiorino/128253;;;
automobile.tn;Seat Ateca Xperience 1.4 L TSI 150 cv Boîte auto;Seat;Ateca;2022.0;83000.0;97000.0;Essence;Traction;Ariana;8cv;;2026-07-12;2026-07-13;;https://www.automobile.tn/fr/occasion/seat/ateca/128252;;;
automobile.tn;Fiat 500L;Fiat;500L;2013.0;31000.0;127000.0;Essence;Propulsion;Tunis;6cv;;2026-07-12;2026-07-13;;https://www.automobile.tn/fr/occasion/fiat/500l/128251;;;
automobile.tn;GWM Haval H6 Luxury 1.5 T 143cv boite auto;Gwm;Haval H6;2021.0;65000.0;100000.0;Essence;Traction;Sousse;9cv;;2026-07-12;2026-07-13;;https://www.automobile.tn/fr/occasion/great-wall/h6/127995;;;
automobile.tn;Renault Clio Dynamique 1.2 16V 75 cv;Renault;Clio;2013.0;34000.0;200000.0;Essence;Traction;Ben Arous;5cv;;2026-07-13;2026-07-13;;https://www.automobile.tn/fr/occasion/renault/clio/127989;;;
automobile.tn;BMW Série 3 Kit M 318i 1.5 16V 136 cv Boîte auto;Bmw;Série 3;2017.0;89000.0;90000.0;Essence;Propulsion;Nabeul;7cv;;2026-07-12;2026-07-13;;https://www.automobile.tn/fr/occasion/bmw/serie-3/128250;;;
automobile.tn;Chery Tiggo 3 Confort 1.6 L 126 cv;Chery;Tiggo 3;2017.0;40000.0;142000.0;Essence;Traction;Nabeul;8cv;;2026-07-12;2026-07-13;;https://www.automobile.tn/fr/occasion/chery/tiggo-3/128249;;;
automobile.tn;Mercedes-Benz Classe C AMG Sport Night Packet 300 e 2.0 i 16V 313 EQ Power 9G-TRONIC 204 cv Boîte auto;Mercedes-benz;Classe C;2023.0;155000.0;96000.0;Hybride rechargeable essence;Propulsion;Ariana;9cv;;2026-07-12;2026-07-13;;https://www.automobile.tn/fr/occasion/mercedes-benz/classe-c/128248;;;
automobile.tn;Citroën C5 1.6 HDi 16V FAP 110 cv;Citroën;C5;2010.0;30000.0;308000.0;Diesel;Intégrale;Ariana;6cv;;2026-07-12;2026-07-13;;https://www.automobile.tn/fr/occasion/citroen/c5/128247;;;
automobile.tn;Mercedes-Benz Classe A Style 180 Turbo 1.6 i 16V Turbo 122 cv;Mercedes-benz;Classe A;2014.0;52000.0;194000.0;Essence;Traction;Siliana;6cv;;2026-07-12;2026-07-13;;https://www.automobile.tn/fr/occasion/mercedes-benz/classe-a/128246;;;
automobile.tn;Seat Arona Style 1.6 L 110 cv Boîte auto;Seat;Arona;2020.0;51000.0;146000.0;Essence;Traction;Nabeul;6cv;;2026-07-12;2026-07-13;;https://www.automobile.tn/fr/occasion/seat/arona/127973;;;
automobile.tn;Mercedes-Benz Classe S Executive 350 3.5 i V6 24V 7G-TRONIC 272 cv Boîte auto;Mercedes-benz;Classe S;2008.0;77000.0;123000.0;Essence;Propulsion;Ariana;19cv;;2026-07-12;2026-07-13;;https://www.automobile.tn/fr/occasion/mercedes-benz/classe-s/127834;;;
automobile.tn;Seat Ibiza Reference 1.0 L 75 cv;Seat;Ibiza;2019.0;38000.0;178000.0;Essence;Traction;Ben Arous;4cv;;2026-07-12;2026-07-13;;https://www.automobile.tn/fr/occasion/seat/ibiza/128196;;;
automobile.tn;Hyundai Tucson Top Grade 1.6 CRDi 16V Mild Hybrid 2WD DCT7 S&S 136 cv Boîte auto;Hyundai;Tucson;2022.0;98000.0;139000.0;Hybride léger diesel;Traction;Ben Arous;8cv;;2026-07-12;2026-07-13;;https://www.automobile.tn/fr/occasion/hyundai/tucson/128195;;;
automobile.tn;Volkswagen Golf 7 Smartline 1.2 TSI 16V S&S 110 cv;Volkswagen;Golf 7;2015.0;65000.0;237000.0;Essence;Traction;Ben Arous;5cv;;2026-07-12;2026-07-13;;https://www.automobile.tn/fr/occasion/volkswagen/golf-7/128194;;;
automobile.tn;Mercedes-Benz CLA AMG 250 e 1.3 i 16V GPF 218 PHEV 160 cv Boîte auto;Mercedes-benz;CLA;2022.0;119000.0;89000.0;Hybride rechargeable essence;Traction;Ben Arous;8cv;;2026-07-12;2026-07-13;;https://www.automobile.tn/fr/occasion/mercedes-benz/cla/128170;;;
automobile.tn;Peugeot 2008 Active 1.2 VTi 12V 82 cv;Peugeot;2008;2015.0;32900.0;117000.0;Essence;Traction;Ben Arous;5cv;;2026-07-12;2026-07-13;;https://www.automobile.tn/fr/occasion/peugeot/2008/128075;;;
automobile.tn;Peugeot 208 Populaire 1.2 VTi 12V 68 cv;Peugeot;208;2019.0;29500.0;116000.0;Essence;Traction;Ben Arous;4cv;;2026-07-12;2026-07-13;;https://www.automobile.tn/fr/occasion/peugeot/208/128074;;;
automobile.tn;GWM Haval Jolion 1.5 T 143 cv Boîte auto;Gwm;Haval Jolion;2022.0;74500.0;86000.0;Essence;Traction;Ben Arous;9cv;;2026-07-12;2026-07-13;;https://www.automobile.tn/fr/occasion/great-wall/jolion/128073;;;
automobile.tn;BMW Série 1 Sport Line 116i 1.6 i 16V 136 cv Boîte auto;Bmw;Série 1;2013.0;49500.0;217000.0;Essence;Propulsion;Ariana;7cv;;2026-07-12;2026-07-13;;https://www.automobile.tn/fr/occasion/bmw/serie-1-5p/127988;;;
automobile.tn;Renault Megane Sedan GrandCoupe 1.2 TCe 16V 130 cv;Renault;Megane Sedan;2019.0;43000.0;210000.0;Essence;Traction;Ben Arous;7cv;;2026-07-12;2026-07-13;;https://www.automobile.tn/fr/occasion/renault/megane-sedan/127986;;;
automobile.tn;Hyundai Creta High Grade 1.6 l 123 cv Boîte auto;Hyundai;Creta;2020.0;64000.0;124000.0;Essence;Traction;Ben Arous;7cv;;2026-07-12;2026-07-13;;https://www.automobile.tn/fr/occasion/hyundai/creta/127985;;;
automobile.tn;Mercedes-Benz Classe C ÉLÉGANCE 200 Kompressor 1.8 i 16V 184 cv Boîte auto;Mercedes-benz;Classe C;2008.0;42500.0;284000.0;Essence;Propulsion;Ariana;11cv;;2026-07-12;2026-07-13;;https://www.automobile.tn/fr/occasion/mercedes-benz/classe-c/127982;;;
automobile.tn;Seat Ibiza Xcellence 1.0 L TSI 115 cv Boîte auto;Seat;Ibiza;2023.0;62000.0;147000.0;Essence;Traction;Ben Arous;6cv;;2026-07-12;2026-07-13;;https://www.automobile.tn/fr/occasion/seat/ibiza/127931;;;
automobile.tn;Volkswagen Golf 6 Trend 1.4 i 16V 80 cv;Volkswagen;Golf 6;2011.0;44900.0;195000.0;Essence;Traction;Ariana;5cv;;2026-07-12;2026-07-13;;https://www.automobile.tn/fr/occasion/volkswagen/golf-6/127902;;;
automobile.tn;Renault Megane coupé 1.6 i 16V 110 cv;Renault;Megane coupé;2010.0;28900.0;183000.0;Essence;Traction;Ben Arous;7cv;;2026-07-12;2026-07-13;;https://www.automobile.tn/fr/occasion/renault/megane-coupe/127897;;;
automobile.tn;Fiat Fiorino 1.3 MJTD 16V Fourgon 75 cv;Fiat;Fiorino;2023.0;39000.0;101000.0;Diesel;Traction;Ben Arous;5cv;;2026-07-12;2026-07-13;;https://www.automobile.tn/fr/occasion/fiat/fiorino/127894;;;
automobile.tn;Alfa Romeo Giulietta Plus 1.6 JTDM 16V S&S 105 cv;Alfa romeo;Giulietta;2011.0;32000.0;233000.0;Diesel;Traction;Ben Arous;5cv;;2026-07-12;2026-07-13;;https://www.automobile.tn/fr/occasion/alfa-romeo/giulietta/127827;;;
automobile.tn;BMW Série 5 Business Line 520i 2.0 16V 163 cv Boîte auto;Bmw;Série 5;2012.0;57000.0;239000.0;Essence;Propulsion;Ben Arous;10cv;;2026-07-12;2026-07-13;;https://www.automobile.tn/fr/occasion/bmw/serie-5/127769;;;
automobile.tn;Peugeot 208 Allure 1.2 VTi 12V 82 cv;Peugeot;208;2016.0;27000.0;173000.0;Essence;Traction;Ben Arous;5cv;;2026-07-12;2026-07-13;;https://www.automobile.tn/fr/occasion/peugeot/208/127767;;;
automobile.tn;GWM Haval H6 Luxury 1.5 T 143cv boite auto;Gwm;Haval H6;2019.0;62000.0;102000.0;Essence;Traction;Ben Arous;9cv;;2026-07-12;2026-07-13;;https://www.automobile.tn/fr/occasion/great-wall/h6/127704;;;
automobile.tn;DS 7 Crossback Grand Chic 1.6 l THP 165 165 cv Boîte auto;Ds;7 Crossback;2019.0;85000.0;147000.0;Essence;Traction;Ben Arous;10cv;;2026-07-12;2026-07-13;;https://www.automobile.tn/fr/occasion/ds/7-crossback/127703;;;
automobile.tn;Fiat Fiorino 1.3 MJTD 16V Fourgon 75 cv;Fiat;Fiorino;2024.0;41500.0;70000.0;Diesel;Traction;Ben Arous;5cv;;2026-07-12;2026-07-13;;https://www.automobile.tn/fr/occasion/fiat/fiorino/127702;;;
automobile.tn;Ford Fusion SE 1.5 L EcoBoost 160 cv Boîte auto;Ford;Fusion;2021.0;58500.0;80000.0;Essence;Traction;Ben Arous;9cv;;2026-07-12;2026-07-13;;https://www.automobile.tn/fr/occasion/ford/fusion/127701;;;
automobile.tn;Audi A4 Ambiente 1.8 TFSi 16V 160 cv;Audi;A4;2015.0;39500.0;235000.0;Essence;Traction;Ariana;7cv;;2026-07-12;2026-07-13;;https://www.automobile.tn/fr/occasion/audi/a4/127562;;;
automobile.tn;Skoda Fabia Design 1.0 MPI 12V 75 cv;Skoda;Fabia;2021.0;39000.0;140000.0;Essence;Traction;Ben Arous;4cv;;2026-07-12;2026-07-13;;https://www.automobile.tn/fr/occasion/skoda/fabia/127517;;;
automobile.tn;Fiat 500 Lounge 1.2 L 69 cv Boîte auto;Fiat;500;2022.0;46000.0;46000.0;Essence;Traction;Ben Arous;4cv;;2026-07-12;2026-07-13;;https://www.automobile.tn/fr/occasion/fiat/500/127490;;;
automobile.tn;Peugeot 2008 Allure Toit Cielo Blanc Nacré 1.2 VTi 12V 82 cv;Peugeot;2008;2017.0;39500.0;130000.0;Essence;Traction;Ben Arous;5cv;;2026-07-12;2026-07-13;;https://www.automobile.tn/fr/occasion/peugeot/2008/127452;;;
automobile.tn;Ssangyong Actyon Sports 200 2.0 e-XDi 4WD Pickup double cabine 155 cv;Ssangyong;Actyon Sports;2019.0;36000.0;195000.0;Diesel;Intégrale;Ben Arous;7cv;;2026-07-12;2026-07-13;;https://www.automobile.tn/fr/occasion/ssangyong/actyon-sports/127450;;;
automobile.tn;Audi A4 Design 1.4 TFSi 16V 150 cv;Audi;A4;2016.0;49900.0;145000.0;Essence;Traction;Ariana;8cv;;2026-07-12;2026-07-13;;https://www.automobile.tn/fr/occasion/audi/a4/127448;;;
automobile.tn;Mercedes-Benz Classe C Avantgarde 220 CDi 2.1 CDI 16V 170 cv Boîte auto;Mercedes-benz;Classe C;2008.0;43000.0;452000.0;Diesel;Propulsion;Ben Arous;10cv;;2026-07-12;2026-07-13;;https://www.automobile.tn/fr/occasion/mercedes-benz/classe-c/127443;;;
automobile.tn;Mercedes-Benz GLC Coupé AMG 300 e 2.0 i 16V 320 EQ Power 4MATIC 9G-TRONIC 211 cv Boîte auto;Mercedes-benz;GLC Coupé;2020.0;169000.0;55000.0;Hybride rechargeable essence;Intégrale;Ben Arous;12cv;;2026-07-12;2026-07-13;;https://www.automobile.tn/fr/occasion/mercedes-benz/glc-coupe/127442;;;
automobile.tn;Mercedes-Benz Classe E Avantgarde 220 CDi 2.1 CDI 16V 150 cv Boîte auto;Mercedes-benz;Classe E;2004.0;33500.0;350000.0;Diesel;Propulsion;Ben Arous;9cv;;2026-07-12;2026-07-13;;https://www.automobile.tn/fr/occasion/mercedes-benz/classe-e/127441;;;
automobile.tn;MG One Luxury+;Mg;One;2024.0;109295.0;45000.0;Essence;Traction;Ben Arous;10cv;;2026-07-12;2026-07-13;;https://www.automobile.tn/fr/occasion/mg/one/127439;;;
automobile.tn;Peugeot 3008 Allure 1.2 THP Puretech 12V EAT6 S&S 130 cv Boîte auto;Peugeot;3008;2020.0;59900.0;93000.0;Essence;Traction;Ariana;7cv;;2026-07-12;2026-07-13;;https://www.automobile.tn/fr/occasion/peugeot/3008/127325;;;
automobile.tn;Seat Leon Design 1.2 TSI 16V 110 cv;Seat;Leon;2019.0;44500.0;248000.0;Essence;Traction;Ariana;6cv;;2026-07-12;2026-07-13;;https://www.automobile.tn/fr/occasion/seat/leon/127298;;;
automobile.tn;Honda CR-V 2.0 i-MMD GPF 184-Hyb. 2WD 16V e-CVT 145 cv Boîte auto;Honda;CR-V;2023.0;129000.0;84000.0;Hybride essence;Traction;Ariana;7cv;;2026-07-12;2026-07-13;;https://www.automobile.tn/fr/occasion/honda/cr-v/127297;;;
automobile.tn;Ford Focus Ghia;Ford;Focus;2011.0;27000.0;309000.0;Essence;Traction;Ben Arous;6cv;;2026-07-12;2026-07-13;;https://www.automobile.tn/fr/occasion/ford/focus/127286;;;
automobile.tn;Volkswagen Caddy Combi Confort 1.6 L MPI 110 cv;Volkswagen;Caddy Combi;2024.0;89000.0;54000.0;Essence;Traction;Ben Arous;6cv;;2026-07-12;2026-07-13;;https://www.automobile.tn/fr/occasion/volkswagen/caddy-combi/127285;;;
automobile.tn;KIA Sportage EX 1.6 T-GDI 16V 230 Hybrid 4x4 179 cv Boîte auto;Kia;Sportage;2026.0;135000.0;600.0;Hybride essence;Intégrale;Ben Arous;10cv;;2026-07-12;2026-07-13;;https://www.automobile.tn/fr/occasion/kia/sportage/127221;;;
automobile.tn;Isuzu D-Max Double Cabine;Isuzu;D-Max Double Cabine;2021.0;73000.0;83000.0;Diesel;Propulsion;Ben Arous;8cv;;2026-07-12;2026-07-13;;https://www.automobile.tn/fr/occasion/isuzu/d-max-dc/127220;;;
automobile.tn;Mazda 2 1.5 L Skyactiv 107 cv;Mazda;2;2016.0;34900.0;193000.0;Essence;Traction;Ariana;6cv;;2026-07-12;2026-07-13;;https://www.automobile.tn/fr/occasion/mazda/2/127185;;;
automobile.tn;KIA Rio 5p 1.4 L 100 cv Boîte auto;Kia;Rio 5p;2022.0;59500.0;77000.0;Essence;Traction;Ben Arous;6cv;;2026-07-12;2026-07-13;;https://www.automobile.tn/fr/occasion/kia/rio-5p/127073;;;
automobile.tn;Hyundai Tucson Executive 1.6 CRDi 16V Mild Hybrid 2WD DCT7 S&S 136 cv Boîte auto;Hyundai;Tucson;2020.0;78000.0;127000.0;Hybride léger diesel;Traction;Ben Arous;7cv;;2026-07-12;2026-07-13;;https://www.automobile.tn/fr/occasion/hyundai/tucson/127070;;;
automobile.tn;Volkswagen Golf 7 Confortline 1.2 TSI 16V DSG7 S&S 110 cv Boîte auto;Volkswagen;Golf 7;2017.0;49900.0;194000.0;Essence;Traction;Ben Arous;5cv;;2026-07-12;2026-07-13;;https://www.automobile.tn/fr/occasion/volkswagen/golf-7/127007;;;
automobile.tn;Audi Q5 S-line 50 2.0 TFSI e 16V GPF 299 Hybrid Quattro S Tronic7 265 cv Boîte auto;Audi;Q5;2022.0;190000.0;49000.0;Hybride rechargeable essence;Intégrale;Ben Arous;16cv;;2026-07-12;2026-07-13;;https://www.automobile.tn/fr/occasion/audi/q5/127003;;;
automobile.tn;Audi A3 Berline S-LINE 1.4 TFSi 16V S&S S-Tronic7 140 cv Boîte auto;Audi;A3 Berline;2015.0;54900.0;141000.0;Essence;Traction;Ariana;6cv;;2026-07-12;2026-07-13;;https://www.automobile.tn/fr/occasion/audi/a3-berline/126972;;;
automobile.tn;Seat Leon Business 1.0 TSI 12V 110 cv;Seat;Leon;2022.0;67900.0;56000.0;Essence;Traction;Ben Arous;6cv;;2026-07-12;2026-07-13;;https://www.automobile.tn/fr/occasion/seat/leon/126956;;;
automobile.tn;Mahindra KUV 100 K8 1.2 82cv;Mahindra;KUV 100;2023.0;35000.0;99000.0;Essence;Traction;Ben Arous;5cv;;2026-07-12;2026-07-13;;https://www.automobile.tn/fr/occasion/mahindra/kuv-100/126854;;;
automobile.tn;Toyota Land Cruiser 76 4.2 D Break 130cv (HZJ);Toyota;Land Cruiser 76;2021.0;200000.0;40000.0;Diesel;Intégrale;Ben Arous;11cv;;2026-07-12;2026-07-13;;https://www.automobile.tn/fr/occasion/toyota/land-cruiser-76/126853;;;
automobile.tn;Peugeot Expert Tepee;Peugeot;Expert Tepee;2017.0;55000.0;187000.0;Diesel;Traction;Ben Arous;8cv;;2026-07-12;2026-07-13;;https://www.automobile.tn/fr/occasion/peugeot/expert-tepee/126852;;;
automobile.tn;Cupra Formentor V e-hybrid 1.4 TSI 16V GPF 204 Plug in Hybrid DSG6 150 cv Boîte auto;Cupra;Formentor;2021.0;98000.0;108000.0;Hybride rechargeable essence;Traction;Ben Arous;8cv;;2026-07-12;2026-07-13;;https://www.automobile.tn/fr/occasion/cupra/formentor/126829;;;
automobile.tn;Suzuki Ciaz GL 1.5 L 105 cv;Suzuki;Ciaz;2022.0;48900.0;58000.0;Essence;Traction;Ben Arous;6cv;;2026-07-12;2026-07-13;;https://www.automobile.tn/fr/occasion/suzuki/ciaz/126828;;;
automobile.tn;Peugeot 208 Access Like 1.2 VTi 12V 82 cv;Peugeot;208;2016.0;29900.0;127000.0;Essence;Traction;Ben Arous;5cv;;2026-07-12;2026-07-13;;https://www.automobile.tn/fr/occasion/peugeot/208/126756;;;
automobile.tn;Audi Q3 Sportback S-Line 35 1.5 TFSI 16V GPF DSG7 150 cv Boîte auto;Audi;Q3 Sportback;2021.0;129000.0;103000.0;Essence;Traction;Ariana;9cv;;2026-07-12;2026-07-13;;https://www.automobile.tn/fr/occasion/audi/q3-sportback/126753;;;
automobile.tn;Mahindra Pick-up SC chassis cabine;Mahindra;Pick-up SC;2020.0;45000.0;248000.0;Diesel;Propulsion;Ben Arous;7cv;;2026-07-12;2026-07-13;;https://www.automobile.tn/fr/occasion/mahindra/pick-up-sc/126675;;;
automobile.tn;Peugeot 208 Active 1.2 PureTech 12V S&S 75 cv;Peugeot;208;2022.0;39900.0;61000.0;Essence;Traction;Ariana;5cv;;2026-07-12;2026-07-13;;https://www.automobile.tn/fr/occasion/peugeot/208/126509;;;
automobile.tn;Citroën C3 Feel 1.2 VTi PureTech 12V 82 cv;Citroën;C3;2017.0;31500.0;154000.0;Essence;Traction;Ariana;4cv;;2026-07-12;2026-07-13;;https://www.automobile.tn/fr/occasion/citroen/c3/126469;;;
automobile.tn;Seat Ibiza FR 1.0 L TSI 115 cv;Seat;Ibiza;2023.0;65000.0;84000.0;Essence;Traction;Ben Arous;6cv;;2026-07-12;2026-07-13;;https://www.automobile.tn/fr/occasion/seat/ibiza/126466;;;
automobile.tn;Land Rover Range Rover Evoque Dynamic D180 2.0 Td4 16V AWD 180 cv Boîte auto;Land rover;Range Rover Evoque;2019.0;125000.0;71000.0;Hybride léger diesel;Intégrale;Ariana;9cv;;2026-07-12;2026-07-13;;https://www.automobile.tn/fr/occasion/land-rover/range-rover-evoque/126464;;;
automobile.tn;Mercedes-Benz Classe E AMG+ 300 e 2.0 i 16V 320 EQ Power 9G-TRONIC 211 cv Boîte auto;Mercedes-benz;Classe E;2020.0;177000.0;55000.0;Hybride rechargeable essence;Intégrale;Ben Arous;12cv;;2026-07-12;2026-07-13;;https://www.automobile.tn/fr/occasion/mercedes-benz/classe-e/126446;;;
automobile.tn;Jeep Wrangler Unlimited Sahara 3.6 i V6 4WD 284 cv Boîte auto;Jeep;Wrangler Unlimited;2017.0;165000.0;128000.0;Essence;Intégrale;Ben Arous;20cv;;2026-07-12;2026-07-13;;https://www.automobile.tn/fr/occasion/jeep/wrangler-unlimited/126445;;;
automobile.tn;Mahindra KUV 100 K8 1.2 82cv;Mahindra;KUV 100;2023.0;35000.0;37000.0;Essence;Traction;Ben Arous;5cv;;2026-07-12;2026-07-13;;https://www.automobile.tn/fr/occasion/mahindra/kuv-100/126443;;;
automobile.tn;Volkswagen Caddy Prestige 1.6 TDI 16V 102 cv;Volkswagen;Caddy;2020.0;55000.0;144000.0;Diesel;Traction;Ben Arous;5cv;;2026-07-12;2026-07-13;;https://www.automobile.tn/fr/occasion/volkswagen/caddy/126336;;;
automobile.tn;Peugeot 308 Allure 1.6 VTi 115 ch 115 cv;Peugeot;308;2014.0;38000.0;106000.0;Essence;Traction;Ben Arous;7cv;;2026-07-12;2026-07-13;;https://www.automobile.tn/fr/occasion/peugeot/308/126330;;;
automobile.tn;BMW Série 1 Urban Line 116i 1.6 i 16V 136 cv Boîte auto;Bmw;Série 1;2013.0;44900.0;224000.0;Essence;Propulsion;Ariana;7cv;;2026-07-12;2026-07-13;;https://www.automobile.tn/fr/occasion/bmw/serie-1-5p/126300;;;
automobile.tn;BMW Série 3 Sport Line 318i 1.5 16V 136 cv Boîte auto;Bmw;Série 3;2016.0;59900.0;229000.0;Essence;Propulsion;Ariana;7cv;;2026-07-12;2026-07-13;;https://www.automobile.tn/fr/occasion/bmw/serie-3/126299;;;
automobile.tn;BMW Série 1 3p Access Ecran 116i 1.6 i 16V 136 cv;Bmw;Série 1 3p;2013.0;39900.0;194000.0;Essence;Propulsion;Ariana;7cv;;2026-07-12;2026-07-13;;https://www.automobile.tn/fr/occasion/bmw/serie-1-3p/126297;;;
automobile.tn;Volkswagen Golf 7 Smartline 1.2 TSI 16V 110 cv;Volkswagen;Golf 7;2017.0;54900.0;121000.0;Essence;Traction;Ben Arous;5cv;;2026-07-12;2026-07-13;;https://www.automobile.tn/fr/occasion/volkswagen/golf-7/126258;;;
automobile.tn;Audi A4 Ambiente 1.8 TFSi 16V 160 cv;Audi;A4;2015.0;39500.0;144000.0;Essence;Traction;Ariana;7cv;;2026-07-12;2026-07-13;;https://www.automobile.tn/fr/occasion/audi/a4/126235;;;
automobile.tn;Land Rover Range Rover Evoque R-Dynamic S;Land rover;Range Rover Evoque;2022.0;198000.0;71000.0;Diesel;Intégrale;Ariana;8cv;;2026-07-12;2026-07-13;;https://www.automobile.tn/fr/occasion/land-rover/range-rover-evoque/126164;;;
automobile.tn;Volkswagen Golf 7 Smartline 1.2 TSI 16V Blue Motion S&S 86 cv;Volkswagen;Golf 7;2014.0;42500.0;230000.0;Essence;Traction;Ben Arous;5cv;;2026-07-12;2026-07-13;;https://www.automobile.tn/fr/occasion/volkswagen/golf-7/126154;;;
automobile.tn;Citroën C5 Exclusive 1.6 HDi 16V FAP 110 cv;Citroën;C5;2011.0;36900.0;187000.0;Diesel;Traction;Ben Arous;6cv;;2026-07-12;2026-07-13;;https://www.automobile.tn/fr/occasion/citroen/c5/126152;;;
automobile.tn;Volkswagen Golf 7 Lounge 1.2 TSI 16V Blue Motion S&S 86 cv;Volkswagen;Golf 7;2015.0;56500.0;175000.0;Essence;Traction;Ben Arous;5cv;;2026-07-12;2026-07-13;;https://www.automobile.tn/fr/occasion/volkswagen/golf-7/126149;;;
automobile.tn;KIA Sportage GT-Line 1.7 CRDi VGT 16V 4x2 DCT7 141 cv Boîte auto;Kia;Sportage;2017.0;78000.0;191000.0;Diesel;Intégrale;Ben Arous;10cv;;2026-07-12;2026-07-13;;https://www.automobile.tn/fr/occasion/kia/sportage/126148;;;
automobile.tn;Volvo C30 1.6 i 100cv;Volvo;C30;2011.0;29500.0;201000.0;Essence;Traction;Ben Arous;6cv;;2026-07-12;2026-07-13;;https://www.automobile.tn/fr/occasion/volvo/c30/126147;;;
automobile.tn;Hyundai Grand i10 High Grade 1.2 83cv boite auto;Hyundai;Grand i10;2020.0;41000.0;137000.0;Essence;Traction;Ben Arous;5cv;;2026-07-12;2026-07-13;;https://www.automobile.tn/fr/occasion/hyundai/grand-i10/126029;;;
automobile.tn;Volkswagen Tiguan Confortline 1.4 TSI 16V DSG6 150 cv Boîte auto;Volkswagen;Tiguan;2018.0;70000.0;189000.0;Essence;Traction;Ben Arous;8cv;;2026-07-12;2026-07-13;;https://www.automobile.tn/fr/occasion/volkswagen/tiguan/125930;;;
automobile.tn;Peugeot 208 Allure 1.2 VTi 12V 82 cv;Peugeot;208;2017.0;35000.0;86000.0;Essence;Traction;Ben Arous;5cv;;2026-07-12;2026-07-13;;https://www.automobile.tn/fr/occasion/peugeot/208/125920;;;
automobile.tn;Jeep Renegade Limited 1.6 CRD 16V 2WD S&S 120 cv;Jeep;Renegade;2015.0;49900.0;169000.0;Diesel;Traction;Ariana;6cv;;2026-07-12;2026-07-13;;https://www.automobile.tn/fr/occasion/jeep/renegade/125882;;;
automobile.tn;KIA Optima 2.0 CVVL Berline 16V 165 cv Boîte auto;Kia;Optima;2012.0;39500.0;239000.0;Essence;Traction;Ben Arous;10cv;;2026-07-12;2026-07-13;;https://www.automobile.tn/fr/occasion/kia/optima/125719;;;
automobile.tn;Toyota C-HR 1.2 L BVM 116 cv;Toyota;C-HR;2021.0;74000.0;138000.0;Essence;Traction;Ben Arous;6cv;;2026-07-12;2026-07-13;;https://www.automobile.tn/fr/occasion/toyota/c-hr/125340;;;
automobile.tn;Volkswagen Jetta Confortline 1.2 TSi 105 cv;Volkswagen;Jetta;2011.0;38000.0;196000.0;Essence;Traction;Ben Arous;6cv;;2026-07-12;2026-07-13;;https://www.automobile.tn/fr/occasion/volkswagen/jetta/125338;;;
automobile.tn;Mercedes-Benz Classe A AMG 250 Turbo 2.0 i 16V Turbo 4MATIC 7G-DCT 211 cv Boîte auto;Mercedes-benz;Classe A;2013.0;64000.0;166000.0;Essence;Intégrale;Ben Arous;12cv;;2026-07-12;2026-07-13;;https://www.automobile.tn/fr/occasion/mercedes-benz/classe-a/125336;;;
automobile.tn;Audi A5 Sportback S-Line 35 TFSI S-tronic 150 cv Boîte auto;Audi;A5 Sportback;2021.0;120000.0;121000.0;Essence;Traction;Ben Arous;8cv;;2026-07-12;2026-07-13;;https://www.automobile.tn/fr/occasion/audi/a5-sportback/125335;;;
automobile.tn;Mercedes-Benz GLC Coupé AMG 220 d 2.1 d 16V 4MATIC 9G-Tronic 170 cv Boîte auto;Mercedes-benz;GLC Coupé;2017.0;137900.0;128000.0;Diesel;Intégrale;Ariana;9cv;;2026-07-12;2026-07-13;;https://www.automobile.tn/fr/occasion/mercedes-benz/glc-coupe/125261;;;
automobile.tn;MG One Luxury+;Mg;One;2024.0;89900.0;31000.0;Essence;Traction;Ariana;10cv;;2026-07-12;2026-07-13;;https://www.automobile.tn/fr/occasion/mg/one/125257;;;
automobile.tn;KIA XCeed SX 1.6 CRDi 16V DCT7 ISG 136 cv Boîte auto;Kia;XCeed;2022.0;80000.0;102000.0;Diesel;Traction;Ben Arous;7cv;;2026-07-12;2026-07-13;;https://www.automobile.tn/fr/occasion/kia/xceed/125221;;;
automobile.tn;MG HS Luxury 1.5 162 cv Boîte auto;Mg;HS;2021.0;61900.0;154000.0;Essence;Traction;Ben Arous;10cv;;2026-07-12;2026-07-13;;https://www.automobile.tn/fr/occasion/mg/hs/125220;;;
automobile.tn;GWM Haval Jolion 1.5 T 143 cv Boîte auto;Gwm;Haval Jolion;2024.0;92000.0;9000.0;Essence;Traction;Ben Arous;9cv;;2026-07-12;2026-07-13;;https://www.automobile.tn/fr/occasion/great-wall/jolion/125178;;;
automobile.tn;Peugeot Landtrek Double Cabine Business 1.9 d 150 cv double cabine 4x4;Peugeot;Landtrek Double Cabine;2022.0;64000.0;111000.0;Diesel;Intégrale;Ben Arous;6cv;;2026-07-12;2026-07-13;;https://www.automobile.tn/fr/occasion/peugeot/landtrek-double-cabine/125133;;;
automobile.tn;Volkswagen Golf 8 Life 1.0 TSi 12V BMT 110 cv;Volkswagen;Golf 8;2022.0;77000.0;83000.0;Essence;Traction;Ben Arous;6cv;;2026-07-12;2026-07-13;;https://www.automobile.tn/fr/occasion/volkswagen/golf-8/125050;;;
automobile.tn;Mercedes-Benz CLA Progressive 250 2.0 i 16V Turbo 4MATIC 7G-DCT 211 cv Boîte auto;Mercedes-benz;CLA;2017.0;77000.0;111000.0;Essence;Intégrale;Ben Arous;12cv;;2026-07-12;2026-07-13;;https://www.automobile.tn/fr/occasion/mercedes-benz/cla/125049;;;
automobile.tn;Opel Corsa Edition 1.2 i 12V S&S 75 cv;Opel;Corsa;2021.0;32500.0;191000.0;Essence;Traction;Ben Arous;5cv;;2026-07-12;2026-07-13;;https://www.automobile.tn/fr/occasion/opel/corsa/124972;;;
automobile.tn;Mitsubishi Pajero 2.5 TD 4WD Break 87cv;Mitsubishi;Pajero;1997.0;32900.0;290000.0;Diesel;Intégrale;Ben Arous;11cv;;2026-07-12;2026-07-13;;https://www.automobile.tn/fr/occasion/mitsubishi/pajero/124956;;;
automobile.tn;Mahindra XUV 300 W6 1.2 L 110 cv;Mahindra;XUV 300;2023.0;48900.0;51000.0;Essence;Traction;Ben Arous;6cv;;2026-07-12;2026-07-13;;https://www.automobile.tn/fr/occasion/mahindra/xuv-300/124954;;;
automobile.tn;Mercedes-Benz GLC;Mercedes-benz;GLC;2021.0;170000.0;33000.0;Essence;Intégrale;Ben Arous;16cv;;2026-07-12;2026-07-13;;https://www.automobile.tn/fr/occasion/mercedes-benz/glc/124948;;;
automobile.tn;Audi Q5 Ambition Luxe 2.0 TFSI 16V Quattro S Tronic7 211 cv Boîte auto;Audi;Q5;2009.0;49500.0;144000.0;Essence;Intégrale;Ben Arous;13cv;;2026-07-12;2026-07-13;;https://www.automobile.tn/fr/occasion/audi/q5/124946;;;
automobile.tn;BYD Tang EV 108.8 kWh AWD 516 cv Boîte auto;Byd;Tang EV;2024.0;209500.0;27000.0;Electrique;Intégrale;Ariana;9cv;;2026-07-12;2026-07-13;;https://www.automobile.tn/fr/occasion/byd/tang-ev/124876;;;
automobile.tn;Volkswagen ID.4 Prime Pro 286 cv Boîte auto;Volkswagen;ID.4;2025.0;125000.0;0.0;Electrique;Intégrale;Ben Arous;5cv;;2026-07-12;2026-07-13;;https://www.automobile.tn/fr/occasion/volkswagen/id.4/124788;;;
automobile.tn;Volkswagen Jetta Trendline;Volkswagen;Jetta;2014.0;40000.0;237000.0;Diesel;Traction;Ben Arous;7cv;;2026-07-12;2026-07-13;;https://www.automobile.tn/fr/occasion/volkswagen/jetta/124786;;;
automobile.tn;Ford Kuga Trend;Ford;Kuga;2022.0;73500.0;70000.0;Essence;Traction;Ben Arous;8cv;;2026-07-12;2026-07-13;;https://www.automobile.tn/fr/occasion/ford/kuga/124784;;;
automobile.tn;BMW Série 3 Business Line 318i 1.5 16V 136 cv Boîte auto;Bmw;Série 3;2018.0;73500.0;90000.0;Essence;Propulsion;Ben Arous;7cv;;2026-07-12;2026-07-13;;https://www.automobile.tn/fr/occasion/bmw/serie-3/124781;;;
automobile.tn;KIA Sportage EX;Kia;Sportage;2023.0;125000.0;92000.0;Hybride léger diesel;Traction;Ben Arous;7cv;;2026-07-12;2026-07-13;;https://www.automobile.tn/fr/occasion/kia/sportage/124667;;;
automobile.tn;KIA Rio 5p GLS 1.4 i-CVVT 16V 109 cv Boîte auto;Kia;Rio 5p;2014.0;32000.0;190000.0;Essence;Traction;Ariana;6cv;;2026-07-12;2026-07-13;;https://www.automobile.tn/fr/occasion/kia/rio-5p/124410;;;
automobile.tn;Jaguar F-Pace Pure 2.0 D 16V 163 cv;Jaguar;F-Pace;2017.0;115000.0;112000.0;Diesel;Propulsion;Ben Arous;10cv;;2026-07-12;2026-07-13;;https://www.automobile.tn/fr/occasion/jaguar/f-pace/124220;;;
automobile.tn;GWM Haval H6 1.5 T 150cv boite auto;Gwm;Haval H6;2022.0;103500.0;28000.0;Essence;Traction;Ariana;8cv;;2026-07-12;2026-07-13;;https://www.automobile.tn/fr/occasion/great-wall/h6/124133;;;
automobile.tn;Audi A5 Sportback Design Luxe Plus 35 1.4 TFSI S-tronic 150 cv Boîte auto;Audi;A5 Sportback;2020.0;94900.0;168000.0;Essence;Traction;Ariana;8cv;;2026-07-12;2026-07-13;;https://www.automobile.tn/fr/occasion/audi/a5-sportback/124029;;;
automobile.tn;Peugeot 3008 Premium 1.6 VTi 16V 120 cv;Peugeot;3008;2015.0;38000.0;162000.0;Essence;Traction;Ben Arous;7cv;;2026-07-12;2026-07-13;;https://www.automobile.tn/fr/occasion/peugeot/3008/123982;;;
automobile.tn;Peugeot 308 Allure 1.4 VTi 16V 95 cv;Peugeot;308;2012.0;27000.0;233000.0;Essence;Traction;Ben Arous;6cv;;2026-07-12;2026-07-13;;https://www.automobile.tn/fr/occasion/peugeot/308/123891;;;
automobile.tn;BMW X5 Pack M 25d xDrive 2.0 d 16V 231 cv Boîte auto;Bmw;X5;2015.0;109000.0;194000.0;Diesel;Intégrale;Ben Arous;15cv;;2026-07-12;2026-07-13;;https://www.automobile.tn/fr/occasion/bmw/x5/123821;;;
automobile.tn;Peugeot 3008 Premium 1.6 VTi 16V 120 cv;Peugeot;3008;2012.0;30000.0;251000.0;Essence;Traction;Ben Arous;7cv;;2026-07-12;2026-07-13;;https://www.automobile.tn/fr/occasion/peugeot/3008/123818;;;
automobile.tn;Volkswagen Passat Confortline 1.4 TSI Bluemotion 16V 122 cv;Volkswagen;Passat;2011.0;42500.0;269000.0;Essence;Traction;Ben Arous;7cv;;2026-07-12;2026-07-13;;https://www.automobile.tn/fr/occasion/volkswagen/passat/123815;;;
automobile.tn;Mercedes-Benz Classe C Business 180 CGI 1.6 16V 7G-TRONIC+ 156 cv Boîte auto;Mercedes-benz;Classe C;2014.0;65000.0;258000.0;Essence;Propulsion;Ben Arous;9cv;;2026-07-12;2026-07-13;;https://www.automobile.tn/fr/occasion/mercedes-benz/classe-c/123635;;;
automobile.tn;Volkswagen Golf 8 Drive 1.0 TSi 12V BMT 90 cv;Volkswagen;Golf 8;2022.0;83000.0;83000.0;Essence;Traction;Ben Arous;6cv;;2026-07-12;2026-07-13;;https://www.automobile.tn/fr/occasion/volkswagen/golf-8/123595;;;
automobile.tn;Mercedes-Benz Classe C Avantgarde 180 CGI 1.8 16V CGI BlueEFFICIENCY 156 cv;Mercedes-benz;Classe C;2011.0;66900.0;83000.0;Essence;Traction;Ariana;9cv;;2026-07-12;2026-07-13;;https://www.automobile.tn/fr/occasion/mercedes-benz/classe-c/123591;;;
automobile.tn;KIA Sportage 1.6 GDi CVVT 16V 4x2 132 cv Boite Auto;Kia;Sportage;2018.0;70000.0;127000.0;Essence;Traction;Ben Arous;8cv;;2026-07-12;2026-07-13;;https://www.automobile.tn/fr/occasion/kia/sportage/123393;;;
automobile.tn;Dacia Duster Confort;Dacia;Duster;2020.0;68900.0;125000.0;Diesel;Intégrale;Ariana;6cv;;2026-07-12;2026-07-13;;https://www.automobile.tn/fr/occasion/dacia/duster/123184;;;
automobile.tn;Mercedes-Benz GLB AMG 200 1.4 i 16V 7G-TRONIC 163 cv Boîte auto;Mercedes-benz;GLB;2022.0;150000.0;104000.0;Essence;Traction;Ben Arous;9cv;;2026-07-12;2026-07-13;;https://www.automobile.tn/fr/occasion/mercedes-benz/glb/122709;;;
automobile.tn;KIA XCeed SX 1.6 GDi 16V 141 Plug in Hybrid DCT6 ISG 105 cv Boîte auto;Kia;XCeed;2021.0;85000.0;89000.0;Hybride rechargeable essence;Traction;Ben Arous;5cv;;2026-07-12;2026-07-13;;https://www.automobile.tn/fr/occasion/kia/xceed/122447;;;
automobile.tn;Mercedes-Benz Classe C AMG 63 AMG 4.0 i V8 32V 7G-SPEEDSHIFT 476 cv Boîte auto;Mercedes-benz;Classe C;2017.0;185000.0;71000.0;Essence;Propulsion;Ariana;36cv;;2026-07-12;2026-07-13;;https://www.automobile.tn/fr/occasion/mercedes-benz/classe-c/122413;;;
automobile.tn;Chery Tiggo 3X Luxury 1.0 L Turbo CVT 102 cv Boîte auto;Chery;Tiggo 3X;2022.0;48000.0;78000.0;Essence;Traction;Ben Arous;6cv;;2026-07-12;2026-07-13;;https://www.automobile.tn/fr/occasion/chery/tiggo-3x/122313;;;
automobile.tn;Audi A3 S-Line 1.6 TDI 16V S-Tronic7 S&S 116 cv Boîte auto;Audi;A3;2018.0;80000.0;198000.0;Diesel;Traction;Ben Arous;6cv;;2026-07-12;2026-07-13;;https://www.automobile.tn/fr/occasion/audi/a3/122173;;;
automobile.tn;Ford Fusion SE 1.5 L EcoBoost 160 cv;Ford;Fusion;2016.0;36000.0;225000.0;Essence;Traction;Ben Arous;9cv;;2026-07-12;2026-07-13;;https://www.automobile.tn/fr/occasion/ford/fusion/121951;;;
automobile.tn;Mercedes-Benz Classe A AMG 180 d 1.5 d 8V 7G-DCT 116 cv Boîte auto;Mercedes-benz;Classe A;2020.0;93000.0;108000.0;Diesel;Traction;Ben Arous;6cv;;2026-07-12;2026-07-13;;https://www.automobile.tn/fr/occasion/mercedes-benz/classe-a/121948;;;
automobile.tn;GWM Haval H6 Luxury 1.5 T 143cv boite auto;Gwm;Haval H6;2019.0;74500.0;84000.0;Essence;Traction;Ben Arous;9cv;;2026-07-12;2026-07-13;;https://www.automobile.tn/fr/occasion/great-wall/h6/121946;;;
automobile.tn;BMW X2 Business Line 18i sDrive 1.5 i 12V DCT7 136 cv Boîte auto;Bmw;X2;2022.0;100000.0;49000.0;Essence;Traction;Ben Arous;7cv;;2026-07-12;2026-07-13;;https://www.automobile.tn/fr/occasion/bmw/x2/121935;;;
automobile.tn;Volkswagen Golf 7 R-Line 1.2 TSI 16V DSG7 110 cv Boîte auto;Volkswagen;Golf 7;2020.0;79900.0;155000.0;Essence;Traction;Ben Arous;6cv;;2026-07-12;2026-07-13;;https://www.automobile.tn/fr/occasion/volkswagen/golf-7/121725;;;
automobile.tn;Hyundai Tucson 1.6 l GDI 132 cv Boîte auto;Hyundai;Tucson;2020.0;74900.0;135000.0;Essence;Traction;Ariana;8cv;;2026-07-12;2026-07-13;;https://www.automobile.tn/fr/occasion/hyundai/tucson/121708;;;
automobile.tn;Chevrolet Captiva 5 places 1.5 Turbo CVT 147 cv Boîte auto;Chevrolet;Captiva;2022.0;75000.0;75000.0;Essence;Traction;Ben Arous;9cv;;2026-07-12;2026-07-13;;https://www.automobile.tn/fr/occasion/chevrolet/captiva/121505;;;
automobile.tn;Volkswagen Golf 6 Match 1.6 TDI 16V FAP Blue Motion DSG7 105 cv Boîte Auto;Volkswagen;Golf 6;2012.0;44000.0;216000.0;Diesel;Traction;Ben Arous;5cv;;2026-07-12;2026-07-13;;https://www.automobile.tn/fr/occasion/volkswagen/golf-6/121504;;;
automobile.tn;Dacia Sandero 1.0 SCe 12V 73 cv;Dacia;Sandero;2017.0;23500.0;152000.0;Essence;Traction;Ben Arous;4cv;;2026-07-12;2026-07-13;;https://www.automobile.tn/fr/occasion/dacia/sandero/121412;;;
automobile.tn;BMW Série 1 Access Ecran 116d 1.6 d 16V DPF EfficientDynamics Edition 116 cv;Bmw;Série 1;2012.0;42900.0;294000.0;Diesel;Propulsion;Ariana;6cv;;2026-07-12;2026-07-13;;https://www.automobile.tn/fr/occasion/bmw/serie-1-5p/121406;;;
automobile.tn;Porsche Cayenne 3.6 DFI V6 24V Tiptronic S 300 cv Boîte auto;Porsche;Cayenne;2012.0;129900.0;236000.0;Essence;Intégrale;Ariana;21cv;;2026-07-12;2026-07-13;;https://www.automobile.tn/fr/occasion/porsche/cayenne/121291;;;
automobile.tn;Hyundai i20 GLS 1.2 i 16V 84 cv;Hyundai;i20;2021.0;45500.0;128000.0;Essence;Traction;Ben Arous;5cv;;2026-07-12;2026-07-13;;https://www.automobile.tn/fr/occasion/hyundai/i20/121261;;;
automobile.tn;Citroën Jumper 30 L2H2 11.5 m3 30 L2H1 2.2 HDi 16V Fourgon moyen 130 cv;Citroën;Jumper;2022.0;69900.0;158000.0;Diesel;Traction;Ben Arous;7cv;;2026-07-12;2026-07-13;;https://www.automobile.tn/fr/occasion/citroen/jumper/121252;;;
automobile.tn;Volkswagen New Beetle 3 1.2 TSi 105 cv;Volkswagen;New Beetle;2013.0;39900.0;213000.0;Essence;Traction;Ben Arous;6cv;;2026-07-12;2026-07-13;;https://www.automobile.tn/fr/occasion/volkswagen/new-beetle/121186;;;
automobile.tn;Mazda CX-9 Signature 2.5l Skyactiv-G Turbo 230 cv Boîte auto;Mazda;CX-9;2019.0;82000.0;168000.0;Essence;Intégrale;Ariana;15cv;;2026-07-12;2026-07-13;;https://www.automobile.tn/fr/occasion/mazda/cx-9/121172;;;
automobile.tn;Mercedes-Benz AMG GT 43 3.0 Ti 24V EQ Boost 367 cv Boîte auto;Mercedes-benz;AMG GT;2021.0;449000.0;57000.0;Hybride léger essence;Propulsion;Ariana;24cv;;2026-07-12;2026-07-13;;https://www.automobile.tn/fr/occasion/mercedes-benz/amg-gt/120747;;;
automobile.tn;Isuzu Mu-x;Isuzu;Mu-x;2017.0;145000.0;38000.0;Diesel;Intégrale;Ben Arous;8cv;;2026-07-12;2026-07-13;;https://www.automobile.tn/fr/occasion/isuzu/mu-x/120716;;;
automobile.tn;KIA Sportage 2.0 CRDi 4x4 177 cv Boîte auto;Kia;Sportage;2013.0;44500.0;275000.0;Diesel;Intégrale;Ben Arous;11cv;;2026-07-12;2026-07-13;;https://www.automobile.tn/fr/occasion/kia/sportage/120524;;;
automobile.tn;Chevrolet Captiva 7 places 1.5 Turbo CVT 147 cv Boîte auto;Chevrolet;Captiva;2023.0;87000.0;23000.0;Essence;Traction;Ben Arous;9cv;;2026-07-12;2026-07-13;;https://www.automobile.tn/fr/occasion/chevrolet/captiva/120456;;;
automobile.tn;BMW X5;Bmw;X5;2010.0;75000.0;211000.0;Essence;Intégrale;Ben Arous;19cv;;2026-07-12;2026-07-13;;https://www.automobile.tn/fr/occasion/bmw/x5/120455;;;
automobile.tn;Wallyscar 719 Atmos 1.6 L 115 cv;Wallyscar;719;2023.0;31000.0;67000.0;Essence;Traction;Ben Arous;7cv;;2026-07-12;2026-07-13;;https://www.automobile.tn/fr/occasion/wallyscar/719/120448;;;
automobile.tn;Mercedes-Benz Classe C AMG 180 1.5 i 16V EQ Boost 9G-TRONIC 170 cv Boîte auto;Mercedes-benz;Classe C;2024.0;235000.0;11000.0;Hybride léger essence;Propulsion;Ben Arous;9cv;;2026-07-12;2026-07-13;;https://www.automobile.tn/fr/occasion/mercedes-benz/classe-c/120100;;;
automobile.tn;Mercedes-Benz Classe GL 350 3.0 CDi DPF V6 4MATIC 24V 7G-TRONIC 258 cv Boîte auto;Mercedes-benz;Classe GL;2016.0;180000.0;94000.0;Diesel;Intégrale;Ben Arous;16cv;;2026-07-12;2026-07-13;;https://www.automobile.tn/fr/occasion/mercedes-benz/classe-gl/120099;;;
automobile.tn;KIA Sportage GT-Line 1.6 T-GDi 16V 4x4 DCT7 177 cv Boîte auto;Kia;Sportage;2021.0;95000.0;149000.0;Essence;Intégrale;Ben Arous;11cv;;2026-07-12;2026-07-13;;https://www.automobile.tn/fr/occasion/kia/sportage/119900;;;
automobile.tn;Audi A3 1.2 TSi 16V S&S 105 cv;Audi;A3;2014.0;48500.0;194000.0;Essence;Traction;Ben Arous;5cv;;2026-07-12;2026-07-13;;https://www.automobile.tn/fr/occasion/audi/a3/119815;;;
automobile.tn;Nissan Juke 1.6 L 4X2 117 cv;Nissan;Juke;2013.0;34900.0;224000.0;Essence;Traction;Ben Arous;5cv;;2026-07-12;2026-07-13;;https://www.automobile.tn/fr/occasion/nissan/juke/119800;;;
automobile.tn;KIA Sportage Black Edition 1.6 CRDi 16V Eco-Dynamics+ 4x2 DCT7 136 cv Boîte auto;Kia;Sportage;2021.0;105000.0;98000.0;Hybride léger diesel;Traction;Ariana;7cv;;2026-07-12;2026-07-13;;https://www.automobile.tn/fr/occasion/kia/sportage/119640;;;
automobile.tn;Mercedes-Benz Classe C AMG 200 CGI 1.8 16V CGI 7G-TRONIC+ BlueEFFICIENCY 184 cv Boîte auto;Mercedes-benz;Classe C;2013.0;64000.0;221000.0;Essence;Traction;Ben Arous;11cv;;2026-07-12;2026-07-13;;https://www.automobile.tn/fr/occasion/mercedes-benz/classe-c/119638;;;
automobile.tn;Mazda 6;Mazda;6;2015.0;40000.0;190000.0;Essence;Traction;Ben Arous;9cv;;2026-07-12;2026-07-13;;https://www.automobile.tn/fr/occasion/mazda/6/119483;;;
automobile.tn;Mercedes-Benz GLE Coupé AMG 400 3.0 Ti V6 24V 4MATIC 9G-TRONIC 333 cv Boîte auto;Mercedes-benz;GLE Coupé;2017.0;260000.0;87000.0;Essence;Intégrale;Ben Arous;23cv;;2026-07-12;2026-07-13;;https://www.automobile.tn/fr/occasion/mercedes-benz/gle-coupe/119476;;;
automobile.tn;Mercedes-Benz GLE AMG 300 d 2.0 d 16V 4MATIC 9G-TRONIC 245 cv Boîte auto;Mercedes-benz;GLE;2020.0;335000.0;95000.0;Diesel;Intégrale;Ben Arous;14cv;;2026-07-12;2026-07-13;;https://www.automobile.tn/fr/occasion/mercedes-benz/gle/119472;;;
automobile.tn;Suzuki Jimny 3 portes GL AllGrip 1.5 VVT 16V 4WD 102 cv Boîte auto;Suzuki;Jimny 3 portes;2023.0;95000.0;24000.0;Essence;Intégrale;Ben Arous;6cv;;2026-07-12;2026-07-13;;https://www.automobile.tn/fr/occasion/suzuki/jimny/119279;;;
automobile.tn;Mercedes-Benz CLA 180 1.6 i 16V Turbo 122 cv;Mercedes-benz;CLA;2014.0;72500.0;135000.0;Essence;Traction;Ariana;7cv;;2026-07-12;2026-07-13;;https://www.automobile.tn/fr/occasion/mercedes-benz/cla/119275;;;
automobile.tn;Mercedes-Benz Classe C 180 Kompressor 1.6 i 16V 156 cv;Mercedes-benz;Classe C;2009.0;45000.0;193000.0;Essence;Traction;Ben Arous;9cv;;2026-07-12;2026-07-13;;https://www.automobile.tn/fr/occasion/mercedes-benz/classe-c/119273;;;
automobile.tn;Ford Kuga Titanium;Ford;Kuga;2022.0;90000.0;78000.0;Essence;Traction;Ben Arous;10cv;;2026-07-12;2026-07-13;;https://www.automobile.tn/fr/occasion/ford/kuga/119177;;;
automobile.tn;Nissan Micra Acenta 1.2 i 12V 80 cv;Nissan;Micra;2016.0;28500.0;188000.0;Essence;Traction;Ben Arous;5cv;;2026-07-12;2026-07-13;;https://www.automobile.tn/fr/occasion/nissan/micra/119105;;;
automobile.tn;KIA Sportage GT-Line 1.7 CRDi VGT 16V 4x2 DCT7 141 cv Boîte auto;Kia;Sportage;2018.0;85000.0;116000.0;Diesel;Traction;Ben Arous;7cv;;2026-07-12;2026-07-13;;https://www.automobile.tn/fr/occasion/kia/sportage/119102;;;
automobile.tn;Land Rover Range Rover Sport SC 3.0 V6 24V 340 cv Boîte auto;Land rover;Range Rover Sport;2019.0;270000.0;130000.0;Essence;Intégrale;Ben Arous;24cv;;2026-07-12;2026-07-13;;https://www.automobile.tn/fr/occasion/land-rover/range-rover-sport/119097;;;
automobile.tn;Peugeot 4008 2.0 i 16V 4WD 150 cv;Peugeot;4008;2014.0;39900.0;165000.0;Essence;Intégrale;Ariana;9cv;;2026-07-12;2026-07-13;;https://www.automobile.tn/fr/occasion/peugeot/4008/118876;;;
automobile.tn;Mercedes-Benz Classe C AMG 180 1.5 i 16V EQ Boost 9G-TRONIC 170 cv Boîte auto;Mercedes-benz;Classe C;2022.0;188000.0;91000.0;Hybride léger essence;Propulsion;Ben Arous;9cv;;2026-07-12;2026-07-13;;https://www.automobile.tn/fr/occasion/mercedes-benz/classe-c/118721;;;
automobile.tn;Mercedes-Benz Classe C AMG 180 1.5 i 16V 9G-TRONIC 156 cv Boîte auto;Mercedes-benz;Classe C;2020.0;129000.0;116000.0;Essence;Propulsion;Ben Arous;9cv;;2026-07-12;2026-07-13;;https://www.automobile.tn/fr/occasion/mercedes-benz/classe-c/118629;;;
automobile.tn;Volkswagen Golf 7 Smartline 1.2 TSI 16V DSG7 110 cv Boîte auto;Volkswagen;Golf 7;2020.0;73000.0;99000.0;Essence;Traction;Ben Arous;6cv;;2026-07-12;2026-07-13;;https://www.automobile.tn/fr/occasion/volkswagen/golf-7/118370;;;
automobile.tn;Jeep Grand Cherokee 3.1 TD 4WD 140 cv Boîte auto;Jeep;Grand Cherokee;2002.0;44900.0;317000.0;Diesel;Intégrale;Ariana;11cv;;2026-07-12;2026-07-13;;https://www.automobile.tn/fr/occasion/jeep/grand-cherokee/118224;;;
automobile.tn;Land Rover Range Rover Evoque;Land rover;Range Rover Evoque;2021.0;205000.0;29000.0;Hybride léger essence;Traction;Ariana;7cv;;2026-07-12;2026-07-13;;https://www.automobile.tn/fr/occasion/land-rover/range-rover-evoque/118222;;;
automobile.tn;Porsche Cayenne 3.6 DFI V6 SUV 290cv Tiptronic S Boîte auto;Porsche;Cayenne;2008.0;65500.0;230000.0;Essence;Traction;Ariana;21cv;;2026-07-12;2026-07-13;;https://www.automobile.tn/fr/occasion/porsche/cayenne/118159;;;
automobile.tn;BYD Tang Supreme 2.0 L 189 cv Boîte auto;Byd;Tang;2023.0;97000.0;44000.0;Essence;Traction;Ben Arous;11cv;;2026-07-12;2026-07-13;;https://www.automobile.tn/fr/occasion/byd/tang/117963;;;
automobile.tn;BMW Série 1 Pack M 118i 1.5 i 12V 136 cv;Bmw;Série 1;2018.0;85000.0;114000.0;Essence;Traction;Ben Arous;7cv;;2026-07-12;2026-07-13;;https://www.automobile.tn/fr/occasion/bmw/serie-1-5p/117840;;;
automobile.tn;Audi Q5 S-line 2.0 TDI 16V Quattro S-Tronic7 177 cv Boîte auto;Audi;Q5;2013.0;72000.0;258000.0;Diesel;Intégrale;Ben Arous;10cv;;2026-07-12;2026-07-13;;https://www.automobile.tn/fr/occasion/audi/q5/117836;;;
automobile.tn;Volkswagen Golf 8 1.0 TSi 12V BMT 110 cv;Volkswagen;Golf 8;2021.0;80000.0;84000.0;Essence;Traction;Ben Arous;6cv;;2026-07-12;2026-07-13;;https://www.automobile.tn/fr/occasion/volkswagen/golf-8/117835;;;
automobile.tn;KIA Sportage 2.0 CRDi 4x4 177 cv Boîte auto;Kia;Sportage;2016.0;85000.0;181000.0;Diesel;Intégrale;Ben Arous;10cv;;2026-07-12;2026-07-13;;https://www.automobile.tn/fr/occasion/kia/sportage/117833;;;
automobile.tn;KIA Sportage 1.6 GDi CVVT 16V 4x2 132 cv Boite Auto;Kia;Sportage;2019.0;79900.0;65000.0;Essence;Traction;Ariana;8cv;;2026-07-12;2026-07-13;;https://www.automobile.tn/fr/occasion/kia/sportage/117466;;;
automobile.tn;Audi Q7 3.0 TDI V6 24V DPF Quattro Tiptronic6 211 cv Boîte auto;Audi;Q7;2010.0;59000.0;262000.0;Diesel;Intégrale;Ben Arous;16cv;;2026-07-12;2026-07-13;;https://www.automobile.tn/fr/occasion/audi/q7/117378;;;
automobile.tn;KIA Sportage Black Edition 1.6 GDi CVVT 16V 4x2 ISG 132 cv Boite Auto;Kia;Sportage;2021.0;88000.0;111000.0;Essence;Traction;Ben Arous;8cv;;2026-07-12;2026-07-13;;https://www.automobile.tn/fr/occasion/kia/sportage/117312;;;
automobile.tn;Audi E-tron Sportback 55 Quattro 408 cv;Audi;E-tron Sportback;2020.0;159000.0;32000.0;Electrique;Intégrale;Ben Arous;12cv;;2026-07-12;2026-07-13;;https://www.automobile.tn/fr/occasion/audi/e-tron-sportback/116935;;;
automobile.tn;Volkswagen Golf 8 Life 1.4 L TSI 150 cv Boîte auto;Volkswagen;Golf 8;2023.0;120000.0;55000.0;Essence;Traction;Ben Arous;8cv;;2026-07-12;2026-07-13;;https://www.automobile.tn/fr/occasion/volkswagen/golf-8/116933;;;
automobile.tn;Audi Q5 3.0 TDI V6 24V DPF Quattro S Tronic7 211 cv Boîte auto;Audi;Q5;2008.0;60000.0;370000.0;Diesel;Intégrale;Ben Arous;15cv;;2026-07-12;2026-07-13;;https://www.automobile.tn/fr/occasion/audi/q5/116932;;;
automobile.tn;Mercedes-Benz EQS Berline 450+ 333 cv Boîte Auto;Mercedes-benz;EQS Berline;2022.0;350000.0;51000.0;Electrique;Propulsion;Ben Arous;8cv;;2026-07-12;2026-07-13;;https://www.automobile.tn/fr/occasion/mercedes-benz/eqs-berline/116867;;;
automobile.tn;Mazda CX-5 Skyactiv-G 2.0 i 16V AWD 160 cv Boîte auto;Mazda;CX-5;2014.0;45000.0;296000.0;Essence;Intégrale;Ben Arous;9cv;;2026-07-12;2026-07-13;;https://www.automobile.tn/fr/occasion/mazda/cx-5/116866;;;
automobile.tn;Peugeot Boxer Fourgon;Peugeot;Boxer;2021.0;70000.0;133000.0;Diesel;Traction;Ben Arous;7cv;;2026-07-12;2026-07-13;;https://www.automobile.tn/fr/occasion/peugeot/boxer/116783;;;
automobile.tn;Audi E-tron 50 Quattro 230 kwh 313 cv;Audi;E-tron;2019.0;170000.0;55000.0;Electrique;Intégrale;Ben Arous;12cv;;2026-07-12;2026-07-13;;https://www.automobile.tn/fr/occasion/audi/e-tron/116779;;;
automobile.tn;Mercedes-Benz Classe C AMG 180 1.5 i 16V 9G-TRONIC 156 cv Boîte auto;Mercedes-benz;Classe C;2020.0;139000.0;55000.0;Essence;Propulsion;Ben Arous;8cv;;2026-07-12;2026-07-13;;https://www.automobile.tn/fr/occasion/mercedes-benz/classe-c/116753;;;
automobile.tn;Jeep Renegade Longitude 1.4 Turbo 4x2 140 cv;Jeep;Renegade;2020.0;70000.0;105000.0;Essence;Traction;Ben Arous;8cv;;2026-07-12;2026-07-13;;https://www.automobile.tn/fr/occasion/jeep/renegade/116751;;;
automobile.tn;GWM Haval H6 1.5 T 327 HEV 150cv boite auto;Gwm;Haval H6;2024.0;115000.0;23000.0;Hybride essence;Traction;Ben Arous;8cv;;2026-07-12;2026-07-13;;https://www.automobile.tn/fr/occasion/great-wall/h6/116593;;;
automobile.tn;BMW Série 5 Pack M 520d 2.0 d 16V 150 cv;Bmw;Série 5;2008.0;57500.0;224000.0;Diesel;Traction;Ben Arous;10cv;;2026-07-12;2026-07-13;;https://www.automobile.tn/fr/occasion/bmw/serie-5/116324;;;
automobile.tn;Mercedes-Benz EQB 250 190 cv Boîte auto;Mercedes-benz;EQB;2023.0;185000.0;9000.0;Electrique;Traction;Ben Arous;8cv;;2026-07-12;2026-07-13;;https://www.automobile.tn/fr/occasion/mercedes-benz/eqb/116194;;;
automobile.tn;Volkswagen Tiguan 2.0 TDi 16V DPF 4Motion DSG7 140 cv Boîte auto;Volkswagen;Tiguan;2013.0;64000.0;220000.0;Diesel;Intégrale;Ben Arous;9cv;;2026-07-12;2026-07-13;;https://www.automobile.tn/fr/occasion/volkswagen/tiguan/116117;;;
automobile.tn;KIA Stonic GT-Line 1.0 T-GDi 12V GPF mHEV DCT7 ISG 120 cv Boîte auto;Kia;Stonic;2021.0;79000.0;56000.0;Hybride léger essence;Traction;Ben Arous;6cv;;2026-07-12;2026-07-13;;https://www.automobile.tn/fr/occasion/kia/stonic/116030;;;
automobile.tn;Mercedes-Benz Classe C 200 CDi 2.1 CDI 16V 7G-TRONIC BlueTEC 136 cv Boîte auto;Mercedes-benz;Classe C;2018.0;110000.0;87000.0;Diesel;Traction;Ben Arous;7cv;;2026-07-12;2026-07-13;;https://www.automobile.tn/fr/occasion/mercedes-benz/classe-c/116001;;;
automobile.tn;Mercedes-Benz Classe C;Mercedes-benz;Classe C;2016.0;107000.0;98000.0;Diesel;Traction;Ariana;6cv;;2026-07-12;2026-07-13;;https://www.automobile.tn/fr/occasion/mercedes-benz/classe-c/115948;;;
automobile.tn;Volkswagen Passat 1.6 TDI 16V FAP Bluemotion 105 cv;Volkswagen;Passat;2011.0;43500.0;287000.0;Diesel;Traction;Ben Arous;5cv;;2026-07-12;2026-07-13;;https://www.automobile.tn/fr/occasion/volkswagen/passat/115859;;;
automobile.tn;BMW X5 Pack M 4.4 i V8 32V 575 cv Boîte auto;Bmw;X5;2016.0;297000.0;70000.0;Essence;Traction;Ariana;plus de 48cv;;2026-07-12;2026-07-13;;https://www.automobile.tn/fr/occasion/bmw/x5/115858;;;
automobile.tn;Volkswagen Golf 8;Volkswagen;Golf 8;2020.0;78000.0;105000.0;Essence;Traction;Ben Arous;6cv;;2026-07-12;2026-07-13;;https://www.automobile.tn/fr/occasion/volkswagen/golf-8/115632;;;
automobile.tn;KIA Sportage GT-Line;Kia;Sportage;2019.0;90000.0;81000.0;Diesel;Traction;Ben Arous;7cv;;2026-07-12;2026-07-13;;https://www.automobile.tn/fr/occasion/kia/sportage/115631;;;
automobile.tn;Volkswagen Golf 7 Access 1.2 TSI 16V DSG7 110 cv Boîte auto;Volkswagen;Golf 7;2019.0;63000.0;117000.0;Essence;Traction;Ben Arous;6cv;;2026-07-12;2026-07-13;;https://www.automobile.tn/fr/occasion/volkswagen/golf-7/115427;;;
automobile.tn;GWM Haval H6 1.5 T 150cv boite auto;Gwm;Haval H6;2022.0;102000.0;22000.0;Essence;Traction;Ben Arous;8cv;;2026-07-12;2026-07-13;;https://www.automobile.tn/fr/occasion/great-wall/h6/115196;;;
automobile.tn;Toyota Prado;Toyota;Prado;2014.0;178000.0;97000.0;Essence;Traction;Ben Arous;11cv;;2026-07-12;2026-07-13;;https://www.automobile.tn/fr/occasion/toyota/prado/115103;;;
automobile.tn;KIA Stonic;Kia;Stonic;2021.0;69000.0;91000.0;Hybride léger essence;Traction;Ben Arous;6cv;;2026-07-12;2026-07-13;;https://www.automobile.tn/fr/occasion/kia/stonic/115045;;;
automobile.tn;Mercedes-Benz Classe C 220 CDi 2.1 CDI 16V 170 cv Boîte auto;Mercedes-benz;Classe C;2008.0;49000.0;414000.0;Diesel;Traction;Ben Arous;10cv;;2026-07-12;2026-07-13;;https://www.automobile.tn/fr/occasion/mercedes-benz/classe-c/115044;;;
automobile.tn;Hyundai Veloster 1.6 MPI Coupé 16V 132 cv Boîte auto;Hyundai;Veloster;2017.0;42000.0;158000.0;Essence;Traction;Ben Arous;8cv;;2026-07-12;2026-07-13;;https://www.automobile.tn/fr/occasion/hyundai/veloster/114972;;;
automobile.tn;Land Rover Range Rover Evoque Pure 2.2 TD4 16V DPF 4WD BVA6 150 cv Boîte auto;Land rover;Range Rover Evoque;2017.0;89000.0;144000.0;Diesel;Intégrale;Ben Arous;8cv;;2026-07-12;2026-07-13;;https://www.automobile.tn/fr/occasion/land-rover/range-rover-evoque/114637;;;
automobile.tn;Jeep Compass S MODEL 1.3 16V Turbo MultiAir 2WD DCT6 S&S 150 cv Boîte auto;Jeep;Compass;2023.0;145000.0;37000.0;Essence;Traction;Ben Arous;8cv;;2026-07-12;2026-07-13;;https://www.automobile.tn/fr/occasion/jeep/compass/114440;;;
automobile.tn;Peugeot Rifter;Peugeot;Rifter;2020.0;82000.0;195000.0;Diesel;Traction;Ben Arous;5cv;;2026-07-12;2026-07-13;;https://www.automobile.tn/fr/occasion/peugeot/rifter/114359;;;
automobile.tn;Volkswagen Golf 7 Smartline 1.2 TSI 16V DSG7 110 cv Boîte auto;Volkswagen;Golf 7;2018.0;65000.0;134000.0;Essence;Traction;Ben Arous;6cv;;2026-07-12;2026-07-13;;https://www.automobile.tn/fr/occasion/volkswagen/golf-7/114214;;;
automobile.tn;Ford Ranger Double Cabine XLT;Ford;Ranger;2013.0;92500.0;230000.0;Diesel;Intégrale;Ariana;7cv;;2026-07-12;2026-07-13;;https://www.automobile.tn/fr/occasion/ford/ranger/114140;;;
automobile.tn;Volkswagen Passat R-Line DSG 1.4 l TSI 150 150 cv Boîte auto;Volkswagen;Passat;2021.0;89000.0;190000.0;Essence;Traction;Ben Arous;8cv;;2026-07-12;2026-07-13;;https://www.automobile.tn/fr/occasion/volkswagen/passat/114134;;;
automobile.tn;BMW Série 4 Coupé Confort Luxury Line 420i 2.0 i 16V 184 cv Boîte auto;Bmw;Série 4 Coupé;2014.0;73000.0;178000.0;Essence;Propulsion;Ben Arous;10cv;;2026-07-12;2026-07-13;;https://www.automobile.tn/fr/occasion/bmw/serie-4-coupe/114129;;;
automobile.tn;BMW Série 1 116i 1.5 i 12V 109 cv;Bmw;Série 1;2018.0;72000.0;112000.0;Essence;Traction;Ariana;7cv;;2026-07-12;2026-07-13;;https://www.automobile.tn/fr/occasion/bmw/serie-1-5p/113627;;;
automobile.tn;Volkswagen Golf 7 1.2 TSI 16V DSG7 110 cv Boîte auto;Volkswagen;Golf 7;2019.0;61000.0;175000.0;Essence;Traction;Tunis;6cv;;2026-07-12;2026-07-13;;https://www.automobile.tn/fr/occasion/volkswagen/golf-7/113296;;;
automobile.tn;KIA Sportage GT-Line 2 l Diesel 178 cv Boîte auto;Kia;Sportage;2017.0;87000.0;268000.0;Diesel;Intégrale;Ben Arous;10cv;;2026-07-12;2026-07-13;;https://www.automobile.tn/fr/occasion/kia/sportage/113227;;;
automobile.tn;Citroën DS5 1.6 e-HDi FAP 16V BMP6 (boîte pilotée) S&S 112 cv;Citroën;DS5;2013.0;48500.0;263000.0;Diesel;Traction;Ben Arous;6cv;;2026-07-12;2026-07-13;;https://www.automobile.tn/fr/occasion/citroen/ds5/113191;;;
automobile.tn;Hummer H3 3.7 4WD 245 cv Boîte Auto;Hummer;H3;2007.0;100000.0;96000.0;Essence;Intégrale;Ben Arous;19cv;;2026-07-12;2026-07-13;;https://www.automobile.tn/fr/occasion/hummer/h3/113125;;;
automobile.tn;Porsche Cayenne;Porsche;Cayenne;2012.0;155000.0;90000.0;Essence;Traction;Tunis;21cv;;2026-07-12;2026-07-13;;https://www.automobile.tn/fr/occasion/porsche/cayenne/112284;;;
automobile.tn;Mercedes-Benz Classe E Avantgarde 200 2.0 CGI 16V 7G-TRONIC+ 184 cv Boîte auto;Mercedes-benz;Classe E;2014.0;79000.0;210000.0;Essence;Propulsion;Ben Arous;10cv;;2026-07-12;2026-07-13;;https://www.automobile.tn/fr/occasion/mercedes-benz/classe-e/112214;;;
automobile.tn;KIA Sportage GT-Line;Kia;Sportage;2019.0;92000.0;173000.0;Diesel;Traction;Ariana;8cv;;2026-07-12;2026-07-13;;https://www.automobile.tn/fr/occasion/kia/sportage/112156;;;
automobile.tn;Land Rover Defender 110;Land rover;Defender 110;2020.0;295000.0;97000.0;Diesel;Traction;Ben Arous;12cv;;2026-07-12;2026-07-13;;https://www.automobile.tn/fr/occasion/land-rover/defender/111943;;;
automobile.tn;Audi Q5;Audi;Q5;2009.0;45000.0;194000.0;Essence;Traction;Ben Arous;13cv;;2026-07-12;2026-07-13;;https://www.automobile.tn/fr/occasion/audi/q5/111490;;;
automobile.tn;KIA Sportage 2.0 CRDi 4x4 177 cv Boîte auto;Kia;Sportage;2013.0;46000.0;405000.0;Diesel;Intégrale;Ben Arous;11cv;;2026-07-12;2026-07-13;;https://www.automobile.tn/fr/occasion/kia/sportage/111156;;;
automobile.tn;Land Rover Range Rover Sport;Land rover;Range Rover Sport;2016.0;160000.0;164000.0;Diesel;Traction;Ben Arous;16cv;;2026-07-12;2026-07-13;;https://www.automobile.tn/fr/occasion/land-rover/range-rover-sport/111037;;;
automobile.tn;Mercedes-Benz Classe C 180 1.5 i 16V EQ Boost 9G-TRONIC 170 cv Boîte auto;Mercedes-benz;Classe C;2023.0;209000.0;41000.0;Hybride léger essence;Propulsion;Ben Arous;9cv;;2026-07-12;2026-07-13;;https://www.automobile.tn/fr/occasion/mercedes-benz/classe-c/110896;;;
automobile.tn;BYD Song 1.5T DCT 143 cv Boîte auto;Byd;Song;2022.0;75000.0;45000.0;Essence;Traction;Ben Arous;9cv;;2026-07-12;2026-07-13;;https://www.automobile.tn/fr/occasion/byd/song/110798;;;
automobile.tn;Mazda CX-3;Mazda;CX-3;2018.0;85000.0;82000.0;Essence;Traction;Ben Arous;9cv;;2026-07-12;2026-07-13;;https://www.automobile.tn/fr/occasion/mazda/cx-3/110760;;;
automobile.tn;KIA Sportage 1.6 GDi CVVT 16V 4x2 132 cv Boite Auto;Kia;Sportage;2020.0;80000.0;112000.0;Essence;Traction;Ben Arous;8cv;;2026-07-12;2026-07-13;;https://www.automobile.tn/fr/occasion/kia/sportage/110455;;;
automobile.tn;KIA Sportage GT-Line 1.6 T-GDi 16V 4x4 DCT7 177 cv Boîte auto;Kia;Sportage;2020.0;98000.0;83000.0;Essence;Intégrale;Ben Arous;11cv;;2026-07-12;2026-07-13;;https://www.automobile.tn/fr/occasion/kia/sportage/109986;;;
automobile.tn;GWM Haval H6 Luxury 1.5 T 143cv boite auto;Gwm;Haval H6;2021.0;74000.0;130000.0;Essence;Traction;Ben Arous;9cv;;2026-07-12;2026-07-13;;https://www.automobile.tn/fr/occasion/great-wall/h6/109246;;;
automobile.tn;Mercedes-Benz ML ML 280 3.0 CDI V6 4-Matic 190 cv Boîte auto;Mercedes-benz;ML;2009.0;59000.0;240000.0;Diesel;Traction;Tunis;15cv;;2026-07-12;2026-07-13;;https://www.automobile.tn/fr/occasion/mercedes-benz/ml/108533;;;
automobile.tn;Volkswagen Golf Plus Sportsvan Join;Volkswagen;Golf Plus;2018.0;79000.0;72000.0;Essence;Traction;Ben Arous;6cv;;2026-07-12;2026-07-13;;https://www.automobile.tn/fr/occasion/volkswagen/golf-plus/108093;;;
automobile.tn;Land Rover Defender 110 LXV;Land rover;Defender 110;2014.0;200000.0;115000.0;Diesel;Traction;Ben Arous;8cv;;2026-07-12;2026-07-13;;https://www.automobile.tn/fr/occasion/land-rover/defender/108089;;;
automobile.tn;Mercedes-Benz Classe E;Mercedes-benz;Classe E;2017.0;85000.0;252000.0;Essence;Traction;Ben Arous;9cv;;2026-07-12;2026-07-13;;https://www.automobile.tn/fr/occasion/mercedes-benz/classe-e/108035;;;
automobile.tn;BMW Série 7 X-Drive 740d xDrive 3.0 d DPF 24V Steptronic-6 306 cv Boîte auto;Bmw;Série 7;2012.0;155500.0;200000.0;Diesel;Intégrale;Ariana;20cv;;2026-07-12;2026-07-13;;https://www.automobile.tn/fr/occasion/bmw/serie-7/107978;;;
automobile.tn;Mercedes-Benz Classe S;Mercedes-benz;Classe S;2007.0;62000.0;112000.0;Essence;Traction;Ben Arous;19cv;;2026-07-12;2026-07-13;;https://www.automobile.tn/fr/occasion/mercedes-benz/classe-s/107606;;;
automobile.tn;Audi Q3 Sportback Business Line 35 1.5 TFSI 16V GPF DSG7 150 cv Boîte auto;Audi;Q3 Sportback;2021.0;135000.0;122000.0;Essence;Traction;Ben Arous;9cv;;2026-07-12;2026-07-13;;https://www.automobile.tn/fr/occasion/audi/q3-sportback/107403;;;
automobile.tn;Isuzu D-Max Double Cabine;Isuzu;D-Max Double Cabine;2013.0;115000.0;244000.0;Diesel;Traction;Ben Arous;8cv;;2026-07-12;2026-07-13;;https://www.automobile.tn/fr/occasion/isuzu/d-max-dc/107248;;;
automobile.tn;Porsche Cayenne 3.6 DFI V6 SUV 290cv Tiptronic S Boîte auto;Porsche;Cayenne;2008.0;85000.0;184000.0;Essence;Traction;Ben Arous;21cv;;2026-07-12;2026-07-13;;https://www.automobile.tn/fr/occasion/porsche/cayenne/107089;;;
automobile.tn;Land Rover Range Rover Velar;Land rover;Range Rover Velar;2019.0;295000.0;60000.0;Diesel;Traction;Tunis;11cv;;2026-07-12;2026-07-13;;https://www.automobile.tn/fr/occasion/land-rover/range-rover-velar/106867;;;
automobile.tn;Mercedes-Benz Classe C 180 CDi 1.6 CDI 16V 7G-TRONIC BlueTEC 116 cv Boîte auto;Mercedes-benz;Classe C;2016.0;84000.0;160000.0;Diesel;Traction;Ben Arous;6cv;;2026-07-12;2026-07-13;;https://www.automobile.tn/fr/occasion/mercedes-benz/classe-c/106098;;;
automobile.tn;Mercedes-Benz Classe E 180 1.5 Ti 16V 9G-TRONIC 156 cv Boîte auto;Mercedes-benz;Classe E;2022.0;248000.0;15000.0;Essence;Traction;Ben Arous;9cv;;2026-07-12;2026-07-13;;https://www.automobile.tn/fr/occasion/mercedes-benz/classe-e/106095;;;
automobile.tn;BMW X5;Bmw;X5;2007.0;47000.0;295000.0;Diesel;Traction;Ben Arous;16cv;;2026-07-12;2026-07-13;;https://www.automobile.tn/fr/occasion/bmw/x5/106013;;;
automobile.tn;Toyota Land Cruiser 80;Toyota;Land Cruiser;1996.0;67000.0;506000.0;Diesel;Traction;Tunis;17cv;;2026-07-12;2026-07-13;;https://www.automobile.tn/fr/occasion/toyota/land-cruiser/105863;;;
automobile.tn;Mercedes-Benz Classe C 180 1.6 i 16V 9G-TRONIC 156 cv Boîte auto;Mercedes-benz;Classe C;2017.0;135000.0;113000.0;Essence;Propulsion;Ben Arous;8cv;;2026-07-12;2026-07-13;;https://www.automobile.tn/fr/occasion/mercedes-benz/classe-c/105520;;;
automobile.tn;BMW Série 3 318i 1.5 16V 136 cv Boîte auto;Bmw;Série 3;2018.0;78000.0;177000.0;Essence;Traction;Ben Arous;7cv;;2026-07-12;2026-07-13;;https://www.automobile.tn/fr/occasion/bmw/serie-3/105519;;;
automobile.tn;BMW Série 5;Bmw;Série 5;2013.0;79500.0;179000.0;Essence;Traction;Ben Arous;10cv;;2026-07-12;2026-07-13;;https://www.automobile.tn/fr/occasion/bmw/serie-5/105377;;;
automobile.tn;BMW Série 4 Gran Coupé 418i 1.5 i 12V Steptronic8 136 cv Boîte auto;Bmw;Série 4 Gran Coupé;2019.0;125000.0;99000.0;Essence;Traction;Ben Arous;7cv;;2026-07-12;2026-07-13;;https://www.automobile.tn/fr/occasion/bmw/serie-4-gran-coupe/105376;;;
automobile.tn;Mercedes-Benz Classe E;Mercedes-benz;Classe E;2017.0;105000.0;223000.0;Essence;Traction;Ben Arous;9cv;;2026-07-12;2026-07-13;;https://www.automobile.tn/fr/occasion/mercedes-benz/classe-e/105236;;;
automobile.tn;Toyota Hilux Double Cabine;Toyota;Hilux Double Cabine;2019.0;149000.0;114000.0;Diesel;Traction;Ben Arous;8cv;;2026-07-12;2026-07-13;;https://www.automobile.tn/fr/occasion/toyota/hilux/105235;;;
automobile.tn;Mercedes-Benz Classe C 200 1.5 i 16V EQ Boost 9G-TRONIC 184 cv Boîte auto;Mercedes-benz;Classe C;2019.0;145000.0;112000.0;Hybride léger essence;Propulsion;Ben Arous;10cv;;2026-07-12;2026-07-13;;https://www.automobile.tn/fr/occasion/mercedes-benz/classe-c/105174;;;
automobile.tn;Porsche Cayenne;Porsche;Cayenne;2012.0;155000.0;195000.0;Diesel;Traction;Ben Arous;15cv;;2026-07-12;2026-07-13;;https://www.automobile.tn/fr/occasion/porsche/cayenne/104679;;;
automobile.tn;Volkswagen Golf 6;Volkswagen;Golf 6;2011.0;41000.0;295000.0;Diesel;Traction;Ben Arous;5cv;;2026-07-12;2026-07-13;;https://www.automobile.tn/fr/occasion/volkswagen/golf-6/103674;;;
automobile.tn;KIA Sportage 2.0 CRDi 4x4 177 cv Boîte auto;Kia;Sportage;2012.0;54000.0;324000.0;Diesel;Intégrale;Ben Arous;11cv;;2026-07-12;2026-07-13;;https://www.automobile.tn/fr/occasion/kia/sportage/102866;;;
automobile.tn;Mercedes-Benz CLA Urban 180 1.6 i 16V Turbo 7G-DCT 122 cv Boîte auto;Mercedes-benz;CLA;2018.0;99000.0;48000.0;Essence;Traction;Ben Arous;7cv;;2026-07-12;2026-07-13;;https://www.automobile.tn/fr/occasion/mercedes-benz/cla/101641;;;
automobile.tn;Mercedes-Benz Classe S 350 3.5 i V6 24V 7G-TRONIC 272 cv Boîte auto;Mercedes-benz;Classe S;2008.0;95000.0;151000.0;Essence;Traction;Ben Arous;19cv;;2026-07-12;2026-07-13;;https://www.automobile.tn/fr/occasion/mercedes-benz/classe-s/100742;;;
automobile.tn;Jaguar XJL;Jaguar;XJL;2014.0;120000.0;163000.0;Essence;Traction;Ben Arous;16cv;;2026-07-12;2026-07-13;;https://www.automobile.tn/fr/occasion/jaguar/xjl/100315;;;
automobile.tn;BMW Série 3;Bmw;Série 3;2016.0;85000.0;152000.0;Essence;Traction;Ben Arous;7cv;;2026-07-12;2026-07-13;;https://www.automobile.tn/fr/occasion/bmw/serie-3/99623;;;
automobile.tn;Porsche Cayenne;Porsche;Cayenne;2009.0;65000.0;212000.0;Essence;Traction;Ben Arous;30cv;;2026-07-12;2026-07-13;;https://www.automobile.tn/fr/occasion/porsche/cayenne/99144;;;
automobile.tn;Skoda Octavia Style;Skoda;Octavia;2022.0;109000.0;30000.0;Essence;Traction;Ariana;8cv;;2026-07-12;2026-07-13;;https://www.automobile.tn/fr/occasion/skoda/octavia/98381;;;
automobile.tn;KIA Sportage 1.6 GDi CVVT 16V 4x2 132 cv Boite Auto;Kia;Sportage;2018.0;85000.0;101000.0;Essence;Traction;Ben Arous;8cv;;2026-07-12;2026-07-13;;https://www.automobile.tn/fr/occasion/kia/sportage/97316;;;
automobile.tn;Land Rover Range Rover Sport P400e 2.0 16V 404 Hybrid 300 cv Boîte auto;Land rover;Range Rover Sport;2019.0;350000.0;82000.0;Hybride rechargeable essence;Intégrale;Ben Arous;17cv;;2026-07-12;2026-07-13;;https://www.automobile.tn/fr/occasion/land-rover/range-rover-sport/96929;;;
automobile.tn;Infiniti FX FX35 3.5 i V6 AWD SUV 24V Auto-S7 303 cv Boîte auto;Infiniti;FX;2008.0;52000.0;190000.0;Essence;Intégrale;Ariana;20cv;;2026-07-12;2026-07-13;;https://www.automobile.tn/fr/occasion/infiniti/fx/96614;;;
automobile.tn;KIA Sportage GT-Line 2 l Diesel 178 cv Boîte auto;Kia;Sportage;2018.0;110000.0;132000.0;Diesel;Intégrale;Ben Arous;10cv;;2026-07-12;2026-07-13;;https://www.automobile.tn/fr/occasion/kia/sportage/94919;;;
automobile.tn;Mazda 6;Mazda;6;2014.0;51000.0;141000.0;Essence;Traction;Ben Arous;9cv;;2026-07-12;2026-07-13;;https://www.automobile.tn/fr/occasion/mazda/6/93488;;;
automobile.tn;Mercedes-Benz Classe C C180 180 1.6 i 16V 9G-TRONIC 156 cv Boîte auto;Mercedes-benz;Classe C;2018.0;119000.0;143000.0;Essence;Propulsion;Ben Arous;9cv;;2026-07-12;2026-07-13;;https://www.automobile.tn/fr/occasion/mercedes-benz/classe-c/88712;;;
automobile.tn;Mahindra Scorpio SUV 2.5 l 4x4 105 cv;Mahindra;Scorpio SUV;2013.0;29500.0;353000.0;Diesel;Intégrale;Ben Arous;8cv;;2026-07-12;2026-07-13;;https://www.automobile.tn/fr/occasion/mahindra/scorpio-suv/84060;;;
automobile.tn;BMW Série 5 Luxury Line 520i 1.6 i 16V Steptronic8 170 cv Boîte auto;Bmw;Série 5;2019.0;180000.0;47000.0;Essence;Propulsion;Ben Arous;10cv;;2026-07-12;2026-07-13;;https://www.automobile.tn/fr/occasion/bmw/serie-5/81461;;;
automobile.tn;Land Rover Freelander;Land rover;Freelander;2009.0;55000.0;203000.0;Diesel;Intégrale;Tunis;11cv;;2026-07-12;2026-07-13;;https://www.automobile.tn/fr/occasion/land-rover/freelander/90178;;;
automobile.tn;Dacia Duster Série Limitée Anniversaire 1.6 SCe 16V 4x4 114 cv;Dacia;Duster;2018.0;54300.0;153000.0;Essence;Intégrale;Tunis;7cv;;2026-07-12;2026-07-13;;https://www.automobile.tn/fr/occasion/dacia/duster/127481;;;
automobile.tn;Mercedes-Benz CL 500 500 5.5 i V8 32V 7-G TRONIC 388 cv Boîte auto;Mercedes-benz;CL;2008.0;90000.0;44000.0;Essence;Propulsion;Tunis;30cv;;2026-07-12;2026-07-13;;https://www.automobile.tn/fr/occasion/mercedes-benz/cl/127165;;;
automobile.tn;Suzuki Dzire GL 1.2 L 85 cv;Suzuki;Dzire;2023.0;37000.0;108000.0;Essence;Traction;Sidi Bouzid;5cv;;2026-07-12;2026-07-13;;https://www.automobile.tn/fr/occasion/suzuki/dzire/127435;;;
automobile.tn;Hyundai i20 GLS 1.2 i 16V 84 cv;Hyundai;i20;2022.0;48000.0;101000.0;Essence;Traction;Sidi Bouzid;5cv;;2026-07-12;2026-07-13;;https://www.automobile.tn/fr/occasion/hyundai/i20/125894;;;
automobile.tn;GAC GS3;Gac;GS3;2023.0;57500.0;60200.0;Essence;Traction;Nabeul;7cv;;2026-07-12;2026-07-13;;https://www.automobile.tn/fr/occasion/gac-motor/gs3/127174;;;
automobile.tn;Citroën C3 Aircross Feel 1.2 THP PureTech 12V EAT6 S&S 110 cv Boîte auto;Citroën;C3 Aircross;2019.0;49500.0;46891.0;Essence;Traction;Ariana;6cv;;2026-07-13;2026-07-13;;https://www.automobile.tn/fr/occasion/citroen/c3-aircross/128245;;;
automobile.tn;MG One Luxury+;Mg;One;2024.0;94500.0;33000.0;Essence;Traction;Tunis;10cv;;2026-07-12;2026-07-13;;https://www.automobile.tn/fr/occasion/mg/one/128097;;;
automobile.tn;Peugeot 208 Allure 1.2 VTi 12V 82 cv;Peugeot;208;2017.0;29800.0;112000.0;Essence;Traction;Ariana;5cv;;2026-07-12;2026-07-13;;https://www.automobile.tn/fr/occasion/peugeot/208/127740;;;
automobile.tn;Chevrolet Groove Premier 1.5 L 106 cv Boîte auto;Chevrolet;Groove;2024.0;68000.0;49000.0;Essence;Traction;Tunis;6cv;;2026-07-12;2026-07-13;;https://www.automobile.tn/fr/occasion/chevrolet/groove/124358;;;
automobile.tn;Mercedes-Benz ML AMG 320 CDI 3.0 CDI V6 24V 210 cv Boîte auto;Mercedes-benz;ML;2007.0;58000.0;170000.0;Diesel;Traction;Tunis;15cv;;2026-07-12;2026-07-13;;https://www.automobile.tn/fr/occasion/mercedes-benz/ml/128244;;;
automobile.tn;Mercedes-Benz CLA AMG 180 1.3 i 16V GPF 7G-DCT 136 cv Boîte auto;Mercedes-benz;CLA;2021.0;104000.0;125000.0;Essence;Traction;Ben Arous;7cv;;2026-07-12;2026-07-13;;https://www.automobile.tn/fr/occasion/mercedes-benz/cla/127338;;;
automobile.tn;Peugeot Expert;Peugeot;Expert;2008.0;24500.0;295000.0;Diesel;Traction;Tunis;7cv;;2026-07-12;2026-07-13;;https://www.automobile.tn/fr/occasion/peugeot/expert/128232;;;
automobile.tn;BMW Série 3 Confort Sport Line 316i 1.6 16V 136 cv Boîte auto;Bmw;Série 3;2012.0;49000.0;171000.0;Essence;Propulsion;Monastir;7cv;;2026-07-12;2026-07-13;;https://www.automobile.tn/fr/occasion/bmw/serie-3/127591;;;
automobile.tn;Audi A4 Design 1.4 TFSi 16V 150 cv;Audi;A4;2016.0;53000.0;215000.0;Essence;Traction;Tunis;7cv;;2026-07-12;2026-07-13;;https://www.automobile.tn/fr/occasion/audi/a4/127914;;;
automobile.tn;Mitsubishi L200 Sportero Double Cabine;Mitsubishi;L200 Sportero;2022.0;137000.0;60000.0;Diesel;Intégrale;Ariana;8cv;;2026-07-12;2026-07-13;;https://www.automobile.tn/fr/occasion/mitsubishi/l200-sportero/124771;;;
automobile.tn;Opel Mokka Elegance Limited 1.2 12V Turbo 4x2 S&S 130 cv Boîte auto;Opel;Mokka;2022.0;70000.0;63000.0;Essence;Traction;Ariana;7cv;;2026-07-12;2026-07-13;;https://www.automobile.tn/fr/occasion/opel/mokka/122878;;;
automobile.tn;Ford Ecosport Titanium 1.0 SCTi EcoBoost 12V S&S 125 cv;Ford;Ecosport;2023.0;65000.0;56000.0;Essence;Traction;Sousse;7cv;;2026-07-12;2026-07-13;;https://www.automobile.tn/fr/occasion/ford/ecosport/128243;;;
automobile.tn;Volkswagen Polo Life 1.0 TSI 12V BMT 95 cv;Volkswagen;Polo;2023.0;81000.0;48500.0;Essence;Traction;Monastir;5cv;;2026-07-12;2026-07-13;;https://www.automobile.tn/fr/occasion/volkswagen/polo/120959;;;
automobile.tn;Ssangyong Actyon Sports 200 2.0 e-XDi 4WD Pickup double cabine 155 cv;Ssangyong;Actyon Sports;2014.0;37000.0;300000.0;Diesel;Intégrale;Monastir;7cv;;2026-07-12;2026-07-13;;https://www.automobile.tn/fr/occasion/ssangyong/actyon-sports/128242;;;
automobile.tn;Seat Ibiza Style Plus 1.0 i 12V 75 cv;Seat;Ibiza;2019.0;49000.0;129000.0;Essence;Traction;Ben Arous;4cv;;2026-07-13;2026-07-13;;https://www.automobile.tn/fr/occasion/seat/ibiza/127819;;;
automobile.tn;Ford Ka Titanium Piste 1.2 i 69 cv;Ford;Ka;2015.0;24500.0;135000.0;Essence;Traction;Tunis;4cv;;2026-07-12;2026-07-13;;https://www.automobile.tn/fr/occasion/ford/ka/128241;;;
automobile.tn;MG RX5 Performance;Mg;RX5;2024.0;93800.0;22000.0;Essence;Traction;Monastir;10cv;;2026-07-12;2026-07-13;;https://www.automobile.tn/fr/occasion/mg/rx5/127599;;;
automobile.tn;Land Rover Defender 110 2.5 TDi Pickup 113cv;Land rover;Defender 110;1997.0;65000.0;214000.0;Diesel;Intégrale;Bizerte;10cv;;2026-07-11;2026-07-13;;https://www.automobile.tn/fr/occasion/land-rover/defender/124486;;;
automobile.tn;MG One Comfort;Mg;One;2024.0;58000.0;30000.0;Essence;Traction;Ben Arous;9cv;;2026-07-11;2026-07-13;;https://www.automobile.tn/fr/occasion/mg/one/127681;;;
automobile.tn;Nissan Patrol Full 2.8 TD Break (VU) 115cv;Nissan;Patrol;1995.0;1234.0;370000.0;Diesel;Traction;Bizerte;11cv;;2026-07-11;2026-07-13;;https://www.automobile.tn/fr/occasion/nissan/patrol/127709;;;
automobile.tn;Toyota Land Cruiser GR 4.2 D Break 135cv (HZJ);Toyota;Land Cruiser;1996.0;54000.0;300000.0;Diesel;Intégrale;Ariana;17cv;;2026-07-11;2026-07-13;;https://www.automobile.tn/fr/occasion/toyota/land-cruiser/117181;;;
automobile.tn;Opel Calibra 2.0 i 16V Turbo 4X4 204 cv;Opel;Calibra;1994.0;49000.0;76000.0;Essence;Intégrale;Ariana;8cv;;2026-07-11;2026-07-13;;https://www.automobile.tn/fr/occasion/opel/calibra/105914;;;
automobile.tn;KIA Sportage 2.0 GDi VVT 16V 4x2 166 cv Boîte auto;Kia;Sportage;2014.0;111111.0;178000.0;Essence;Traction;Ben Arous;10cv;;2026-07-11;2026-07-13;;https://www.automobile.tn/fr/occasion/kia/sportage/126175;;;
automobile.tn;Mercedes-Benz GLK Pack sport 220 CDi 2.1 CDI 16V DPF BlueEFFICIENCY 4MATIC 7G-TRONIC 170 cv Boîte auto;Mercedes-benz;GLK;2009.0;65000.0;212000.0;Diesel;Intégrale;Sfax;10cv;;2026-07-11;2026-07-13;;https://www.automobile.tn/fr/occasion/mercedes-benz/glk/123346;;;
automobile.tn;KIA XCeed 1.5 T-GDI 16V GPF DCT7 ISG 159 cv Boîte auto;Kia;XCeed;2022.0;90500.0;73000.0;Essence;Traction;Ariana;9cv;;2026-07-11;2026-07-13;;https://www.automobile.tn/fr/occasion/kia/xceed/128141;;;
automobile.tn;DS 3 Sport Chic 1.4 L VTi 95 95 cv;Ds;3;2012.0;28500.0;177000.0;Essence;Traction;Ariana;5cv;;2026-07-11;2026-07-13;;https://www.automobile.tn/fr/occasion/ds/3/127557;;;
automobile.tn;Honda CR-V 1.5 T CVT 190 cv Boîte auto;Honda;CR-V;2020.0;80000.0;167000.0;Essence;Intégrale;Tunis;11cv;;2026-07-11;2026-07-13;;https://www.automobile.tn/fr/occasion/honda/cr-v/126923;;;
automobile.tn;KIA Sportage EX 1.6 l T-GDI 7-DCT 180 cv Boîte auto;Kia;Sportage;2022.0;95000.0;40000.0;Essence;Traction;Tunis;10cv;;2026-07-11;2026-07-13;;https://www.automobile.tn/fr/occasion/kia/sportage/126539;;;
automobile.tn;Mercedes-Benz GLC Coupé AMG 300 e 2.0 i 16V 313 EQ Power 4MATIC 9G-TRONIC 204 cv Boîte auto;Mercedes-benz;GLC Coupé;2022.0;175000.0;74000.0;Hybride rechargeable essence;Intégrale;Mahdia;12cv;;2026-07-11;2026-07-13;;https://www.automobile.tn/fr/occasion/mercedes-benz/glc-coupe/127971;;;
automobile.tn;Ford Fiesta Ghia 1.4 i 16V 80cv;Ford;Fiesta;2007.0;17900.0;205000.0;Essence;Traction;La Manouba;5cv;;2026-07-11;2026-07-13;;https://www.automobile.tn/fr/occasion/ford/fiesta/128238;;;
automobile.tn;Nissan Juke;Nissan;Juke;2015.0;37500.0;215000.0;Essence;Traction;Tunis;7cv;;2026-07-11;2026-07-13;;https://www.automobile.tn/fr/occasion/nissan/juke/128007;;;
automobile.tn;KIA Sportage SX 1.6 l T-GDI 7-DCT 180 cv Boîte auto;Kia;Sportage;2024.0;125000.0;80000.0;Essence;Traction;Tunis;10cv;;2026-07-11;2026-07-13;;https://www.automobile.tn/fr/occasion/kia/sportage/126622;;;
automobile.tn;KIA Rio 5p Prestige 1.2 i-CVVT 16V ISG 84 cv;Kia;Rio 5p;2022.0;65000.0;28300.0;Essence;Traction;Ariana;5cv;;2026-07-11;2026-07-13;;https://www.automobile.tn/fr/occasion/kia/rio-5p/127584;;;
automobile.tn;Volkswagen Polo Smartline 1.0 i 12V 75 cv;Volkswagen;Polo;2015.0;31500.0;226000.0;Essence;Traction;Sousse;4cv;;2026-07-11;2026-07-13;;https://www.automobile.tn/fr/occasion/volkswagen/polo/128237;;;
automobile.tn;Chevrolet Cruze;Chevrolet;Cruze;2017.0;33000.0;86000.0;Essence;Intégrale;Tunis;9cv;;2026-07-11;2026-07-13;;https://www.automobile.tn/fr/occasion/chevrolet/cruze/128236;;;
automobile.tn;Land Rover Range Rover Evoque Dynamic 2.0 Si4 16V 4WD BVA6 241 cv Boîte auto;Land rover;Range Rover Evoque;2016.0;72000.0;223000.0;Essence;Intégrale;Tunis;15cv;;2026-07-11;2026-07-13;;https://www.automobile.tn/fr/occasion/land-rover/range-rover-evoque/128235;;;
automobile.tn;Fiat 500 C 1.2 MPi Dualogic 69 cv Boîte auto;Fiat;500 C;2012.0;34000.0;115000.0;Essence;Traction;Tunis;4cv;;2026-07-11;2026-07-13;;https://www.automobile.tn/fr/occasion/fiat/500-c/128234;;;
automobile.tn;Hyundai i20 High Grade 1.2 i 16V 84 cv;Hyundai;i20;2022.0;58000.0;62000.0;Essence;Traction;Sousse;5cv;;2026-07-11;2026-07-13;;https://www.automobile.tn/fr/occasion/hyundai/i20/128117;;;
automobile.tn;Renault Clio Populaire;Renault;Clio;2021.0;37700.0;150000.0;Essence;Traction;Ben Arous;4cv;;2026-07-11;2026-07-13;;https://www.automobile.tn/fr/occasion/renault/clio/128233;;;
automobile.tn;Volkswagen Polo R-Line 1.0 i 12V 75 cv;Volkswagen;Polo;2021.0;62000.0;48000.0;Essence;Traction;Tunis;4cv;;2026-07-11;2026-07-13;;https://www.automobile.tn/fr/occasion/volkswagen/polo/127924;;;
automobile.tn;Mercedes-Benz Classe C AMG + 180 1.5 i 16V EQ Boost 9G-TRONIC 170 cv Boîte auto;Mercedes-benz;Classe C;2023.0;135000.0;79000.0;Hybride léger essence;Propulsion;Ariana;9cv;;2026-07-11;2026-07-13;;https://www.automobile.tn/fr/occasion/mercedes-benz/classe-c/128138;;;
automobile.tn;KIA Sorento 2.2 CRDi FAP AWD 16V 197 cv;Kia;Sorento;2010.0;51000.0;200000.0;Diesel;Intégrale;Tunis;12cv;;2026-07-11;2026-07-13;;https://www.automobile.tn/fr/occasion/kia/sorento/120922;;;
automobile.tn;Mercedes-Benz GLE Coupé AMG 350 e 2.0 Ti 16V 333 EQ Power 4MATIC 9G-TRONIC 211 cv Boîte auto;Mercedes-benz;GLE Coupé;2022.0;260000.0;63000.0;Hybride rechargeable essence;Intégrale;Tunis;12cv;;2026-07-11;2026-07-13;;https://www.automobile.tn/fr/occasion/mercedes-benz/gle-coupe/128172;;;
automobile.tn;KIA Sportage EX 1.6 l T-GDI 7-DCT 180 cv Boîte auto;Kia;Sportage;2022.0;110000.0;60000.0;Essence;Traction;Ariana;10cv;;2026-07-11;2026-07-13;;https://www.automobile.tn/fr/occasion/kia/sportage/128231;;;
automobile.tn;Hyundai Tucson 1.6 l GDI 132 cv Boîte auto;Hyundai;Tucson;2021.0;78000.0;110000.0;Essence;Traction;Tunis;8cv;;2026-07-11;2026-07-13;;https://www.automobile.tn/fr/occasion/hyundai/tucson/126933;;;
automobile.tn;Mercedes-Benz Classe A AMG Premium 150 1.5 i 95 cv;Mercedes-benz;Classe A;2005.0;23000.0;237000.0;Essence;Traction;Tunis;6cv;;2026-07-11;2026-07-13;;https://www.automobile.tn/fr/occasion/mercedes-benz/classe-a/128230;;;
automobile.tn;Toyota Corolla Dynamic 1.2 T 16V CVT 116 cv Boîte auto;Toyota;Corolla;2022.0;70000.0;58028.0;Essence;Traction;Tunis;6cv;;2026-07-11;2026-07-13;;https://www.automobile.tn/fr/occasion/toyota/corolla-5p/128205;;;
automobile.tn;Seat Ibiza FR 1.5 TSI 16V GPF DSG7 150 cv Boîte auto;Seat;Ibiza;2020.0;66000.0;140000.0;Essence;Intégrale;Tunis;6cv;;2026-07-11;2026-07-13;;https://www.automobile.tn/fr/occasion/seat/ibiza/128229;;;
automobile.tn;BMW Série 3 Business Line Premium 320i 1.6 i 16V Steptronic8 170 cv Boîte auto;Bmw;Série 3;2021.0;118000.0;62200.0;Essence;Propulsion;Tunis;9cv;;2026-07-11;2026-07-13;;https://www.automobile.tn/fr/occasion/bmw/serie-3/125694;;;
automobile.tn;Mercedes-Benz EQS Berline 450+ 333 cv Boîte Auto;Mercedes-benz;EQS Berline;2022.0;265000.0;53000.0;Electrique;Propulsion;Tunis;8cv;;2026-07-11;2026-07-13;;https://www.automobile.tn/fr/occasion/mercedes-benz/eqs-berline/120258;;;
automobile.tn;Mercedes-Benz GLE Coupé 350 d 3.0 d V6 24V 4MATIC 9G-TRONIC 272 cv Boîte auto;Mercedes-benz;GLE Coupé;2022.0;265000.0;90000.0;Diesel;Intégrale;Tunis;11cv;;2026-07-11;2026-07-13;;https://www.automobile.tn/fr/occasion/mercedes-benz/gle-coupe/127102;;;
automobile.tn;Toyota Prado;Toyota;Prado;2005.0;115000.0;290000.0;Diesel;Propulsion;Tunis;12cv;;2026-07-11;2026-07-13;;https://www.automobile.tn/fr/occasion/toyota/prado/127635;;;
automobile.tn;Land Rover Discovery Sport R-Dynamic S 2.0 TD4 16V 4x4 5PL 150 cv Boîte auto;Land rover;Discovery Sport;2021.0;178000.0;61000.0;Diesel;Intégrale;Tunis;9cv;;2026-07-11;2026-07-13;;https://www.automobile.tn/fr/occasion/land-rover/discovery-sport/122780;;;
automobile.tn;Suzuki Jimny 3 portes GL AllGrip 1.5 VVT 16V 4WD 102 cv Boîte auto;Suzuki;Jimny 3 portes;2023.0;80000.0;69000.0;Essence;Intégrale;Tunis;6cv;;2026-07-11;2026-07-13;;https://www.automobile.tn/fr/occasion/suzuki/jimny/126512;;;
automobile.tn;Peugeot 308;Peugeot;308;2019.0;50000.0;168000.0;Diesel;Traction;Tunis;7cv;;2026-07-11;2026-07-13;;https://www.automobile.tn/fr/occasion/peugeot/308/126505;;;
automobile.tn;Audi E-tron 50 Quattro 230 kwh 313 cv;Audi;E-tron;2021.0;145000.0;38000.0;Electrique;Intégrale;Tunis;12cv;;2026-07-11;2026-07-13;;https://www.automobile.tn/fr/occasion/audi/e-tron/120857;;;
automobile.tn;Audi E-tron;Audi;E-tron;2020.0;118000.0;73000.0;Electrique;Traction;Tunis;12cv;;2026-07-11;2026-07-13;;https://www.automobile.tn/fr/occasion/audi/e-tron/123898;;;
automobile.tn;Mercedes-Benz Classe E AMG 180 1.5 16V 9G-TRONIC 156 cv Boite auto;Mercedes-benz;Classe E;2017.0;105000.0;171000.0;Essence;Propulsion;Tunis;9cv;;2026-07-11;2026-07-13;;https://www.automobile.tn/fr/occasion/mercedes-benz/classe-e/126373;;;
automobile.tn;Mercedes-Benz Classe C AMG 180 1.5 i 16V EQ Boost 9G-TRONIC 170 cv Boîte auto;Mercedes-benz;Classe C;2022.0;148000.0;114000.0;Hybride léger essence;Propulsion;Tunis;9cv;;2026-07-11;2026-07-13;;https://www.automobile.tn/fr/occasion/mercedes-benz/classe-c/126510;;;
automobile.tn;BMW X3 Pack Sport M Limited Edition 18d sDrive 2.0 d 16V Steptronic8 150 cv Boîte auto;Bmw;X3;2020.0;145000.0;94000.0;Diesel;Propulsion;Tunis;8cv;;2026-07-11;2026-07-13;;https://www.automobile.tn/fr/occasion/bmw/x3/127934;;;
automobile.tn;Land Rover Range Rover Sport Autobiography;Land rover;Range Rover Sport;2015.0;185000.0;80000.0;Essence;Intégrale;Tunis;43cv;;2026-07-11;2026-07-13;;https://www.automobile.tn/fr/occasion/land-rover/range-rover-sport/120116;;;
automobile.tn;Mercedes-Benz Classe E;Mercedes-benz;Classe E;2024.0;350000.0;35000.0;Diesel;Traction;Tunis;11cv;;2026-07-11;2026-07-13;;https://www.automobile.tn/fr/occasion/mercedes-benz/classe-e/126232;;;
automobile.tn;Audi Q7 45 TFSI Quattro 252 cv Boîte auto;Audi;Q7;2019.0;178000.0;36000.0;Essence;Intégrale;Tunis;15cv;;2026-07-11;2026-07-13;;https://www.automobile.tn/fr/occasion/audi/q7/122200;;;
automobile.tn;Porsche Macan Turbo 2.0 TFSI 16V AWD PDK 252 cv Boîte auto;Porsche;Macan;2019.0;295000.0;41000.0;Essence;Intégrale;Tunis;29cv;;2026-07-11;2026-07-13;;https://www.automobile.tn/fr/occasion/porsche/macan/124380;;;
automobile.tn;BMW X5 Pack M;Bmw;X5;2016.0;114000.0;226000.0;Diesel;Traction;Tunis;13cv;;2026-07-11;2026-07-13;;https://www.automobile.tn/fr/occasion/bmw/x5/114736;;;
automobile.tn;Suzuki Jimny 3 portes GL AllGrip 1.5 VVT 16V 4WD 102 cv Boîte auto;Suzuki;Jimny 3 portes;2022.0;75000.0;88000.0;Essence;Intégrale;Tunis;6cv;;2026-07-11;2026-07-13;;https://www.automobile.tn/fr/occasion/suzuki/jimny/118743;;;
automobile.tn;Peugeot 2008 Active 1.2 THP Puretech 12V EAT6 S&S 130 cv Boîte auto;Peugeot;2008;2020.0;62000.0;75000.0;Essence;Traction;Tunis;7cv;;2026-07-11;2026-07-13;;https://www.automobile.tn/fr/occasion/peugeot/2008/126224;;;
automobile.tn;Mercedes-Benz EQA 250 190 cv Boîte auto;Mercedes-benz;EQA;2022.0;141000.0;46000.0;Electrique;Traction;Tunis;6cv;;2026-07-11;2026-07-13;;https://www.automobile.tn/fr/occasion/mercedes-benz/eqa/121675;;;
automobile.tn;Ford Mustang 5.0 i V8 32V 419 cv Boîte auto;Ford;Mustang;2016.0;208000.0;36000.0;Essence;Traction;Tunis;33cv;;2026-07-11;2026-07-13;;https://www.automobile.tn/fr/occasion/ford/mustang/121074;;;
automobile.tn;KIA K2500 Simple Cabine;Kia;K2500;2024.0;59000.0;31000.0;Diesel;Propulsion;Ariana;8cv;;2026-07-11;2026-07-13;;https://www.automobile.tn/fr/occasion/kia/k2500/123554;;;
automobile.tn;Mercedes-Benz Classe E Avantgarde 300 e 2.0 i 16V 320 EQ Power 4MATIC 9G-TRONIC 211 cv Boîte auto;Mercedes-benz;Classe E;2022.0;159000.0;75000.0;Hybride rechargeable essence;Intégrale;Ariana;12cv;;2026-07-11;2026-07-13;;https://www.automobile.tn/fr/occasion/mercedes-benz/classe-e/125787;;;
automobile.tn;Geely GX3 1.5 L CVT 107 cv Boîte auto;Geely;GX3;2022.0;52000.0;63000.0;Essence;Traction;Ariana;6cv;;2026-07-11;2026-07-13;;https://www.automobile.tn/fr/occasion/geely/gx3/127097;;;
automobile.tn;Opel Mokka GS 1.2 12V Turbo 4x2 S&S 130 cv Boîte auto;Opel;Mokka;2024.0;79000.0;22000.0;Essence;Traction;Ariana;7cv;;2026-07-11;2026-07-13;;https://www.automobile.tn/fr/occasion/opel/mokka/127356;;;
automobile.tn;DS 7 Crossback Grand Chic 1.6 l THP 165 165 cv Boîte auto;Ds;7 Crossback;2020.0;59000.0;153000.0;Essence;Traction;Ariana;10cv;;2026-07-11;2026-07-13;;https://www.automobile.tn/fr/occasion/ds/7-crossback/124298;;;
automobile.tn;Mercedes-Benz GLE Coupé AMG 400 e 2.0 Ti 16V 381 EQ Power 4MATIC 9G-TRONIC 252 cv Boîte auto;Mercedes-benz;GLE Coupé;2025.0;338000.0;17000.0;Hybride rechargeable essence;Intégrale;Ariana;15cv;;2026-07-11;2026-07-13;;https://www.automobile.tn/fr/occasion/mercedes-benz/gle-coupe/125030;;;
automobile.tn;Land Rover Discovery toute option 2.0 Td4 16V 4WD 180 cv Boîte auto;Land rover;Discovery;2018.0;79000.0;189000.0;Diesel;Intégrale;Ariana;9cv;;2026-07-11;2026-07-13;;https://www.automobile.tn/fr/occasion/land-rover/discovery/127357;;;
automobile.tn;Toyota Corolla Dynamic 1.2 T 16V CVT 116 cv Boîte auto;Toyota;Corolla;2021.0;56000.0;128000.0;Essence;Traction;Ariana;6cv;;2026-07-11;2026-07-13;;https://www.automobile.tn/fr/occasion/toyota/corolla-5p/128228;;;
automobile.tn;Audi A4;Audi;A4;2016.0;59000.0;112000.0;Essence;Traction;Ariana;7cv;;2026-07-11;2026-07-13;;https://www.automobile.tn/fr/occasion/audi/a4/123146;;;
automobile.tn;BMW X5 Pack M 25d sDrive 2.0 d 16V 231 cv Boîte auto;Bmw;X5;2015.0;108000.0;152000.0;Diesel;Intégrale;Ariana;13cv;;2026-07-11;2026-07-13;;https://www.automobile.tn/fr/occasion/bmw/x5/119652;;;
automobile.tn;Mercedes-Benz Classe C Exclusive 180 CGI 1.6 16V 7G-TRONIC+ 156 cv Boîte auto;Mercedes-benz;Classe C;2017.0;79000.0;196000.0;Essence;Propulsion;Ariana;8cv;;2026-07-11;2026-07-13;;https://www.automobile.tn/fr/occasion/mercedes-benz/classe-c/127284;;;
automobile.tn;KIA Sportage GT-Line 1.7 CRDi VGT 16V 4x2 DCT7 141 cv Boîte auto;Kia;Sportage;2018.0;78000.0;132000.0;Diesel;Traction;Ariana;7cv;;2026-07-11;2026-07-13;;https://www.automobile.tn/fr/occasion/kia/sportage/127759;;;
automobile.tn;Audi A1 Sportback Ambition 1.4 TSI 16V S-Tronic (7 rapports) 125 cv Boîte auto;Audi;A1 Sportback;2017.0;58000.0;100000.0;Essence;Traction;Ariana;6cv;;2026-07-11;2026-07-13;;https://www.automobile.tn/fr/occasion/audi/a1-sportback/127760;;;
automobile.tn;Mercedes-Benz CLA 250 e 1.3 i 16V GPF 218 PHEV 160 cv Boîte auto;Mercedes-benz;CLA;2021.0;115000.0;70000.0;Hybride rechargeable essence;Intégrale;Ben Arous;8cv;;2026-07-11;2026-07-13;;https://www.automobile.tn/fr/occasion/mercedes-benz/cla/128227;;;
automobile.tn;Renault Clio Life Plus 0.9 TCe 12V Energy S&S 90 cv;Renault;Clio;2021.0;39500.0;130000.0;Essence;Traction;Ben Arous;5cv;;2026-07-11;2026-07-13;;https://www.automobile.tn/fr/occasion/renault/clio/128149;;;
automobile.tn;Mazda 3 High Grade;Mazda;3;2021.0;78000.0;46000.0;Essence;Traction;Ben Arous;6cv;;2026-07-11;2026-07-13;;https://www.automobile.tn/fr/occasion/mazda/3/128020;;;
automobile.tn;Land Rover Range Rover Evoque Dynamic D150 2.0 Td4 16V AWD 150 cv Boîte auto;Land rover;Range Rover Evoque;2019.0;145000.0;68000.0;Diesel;Intégrale;Ben Arous;10cv;;2026-07-11;2026-07-13;;https://www.automobile.tn/fr/occasion/land-rover/range-rover-evoque/125129;;;
automobile.tn;Seat Ibiza Reference 1.0 L TSI 115 cv Boîte auto;Seat;Ibiza;2023.0;53000.0;108000.0;Essence;Traction;Ben Arous;6cv;;2026-07-11;2026-07-13;;https://www.automobile.tn/fr/occasion/seat/ibiza/127979;;;
automobile.tn;Mercedes-Benz Classe E Avantgarde 180 1.5 16V 9G-TRONIC 156 cv Boite auto;Mercedes-benz;Classe E;2019.0;92000.0;220000.0;Essence;Propulsion;Ben Arous;9cv;;2026-07-11;2026-07-13;;https://www.automobile.tn/fr/occasion/mercedes-benz/classe-e/127887;;;
automobile.tn;Audi Q3 Sportback S-Line 35 1.5 TFSI 16V GPF DSG7 150 cv Boîte auto;Audi;Q3 Sportback;2021.0;138000.0;87000.0;Essence;Propulsion;Ben Arous;8cv;;2026-07-11;2026-07-13;;https://www.automobile.tn/fr/occasion/audi/q3-sportback/127585;;;
automobile.tn;MG HS Trophy 2.0 220 cv Boîte auto;Mg;HS;2021.0;65000.0;160000.0;Essence;Intégrale;Ben Arous;15cv;;2026-07-11;2026-07-13;;https://www.automobile.tn/fr/occasion/mg/hs/127885;;;
automobile.tn;Hyundai i20 GLS 1.2 i 16V 84 cv;Hyundai;i20;2023.0;45000.0;105000.0;Essence;Traction;Ben Arous;5cv;;2026-07-11;2026-07-13;;https://www.automobile.tn/fr/occasion/hyundai/i20/127882;;;
automobile.tn;MG ZS Luxe 1.5 L 114 cv Boîte auto;Mg;ZS;2019.0;55000.0;110000.0;Essence;Traction;Ben Arous;7cv;;2026-07-11;2026-07-13;;https://www.automobile.tn/fr/occasion/mg/zs/127883;;;
automobile.tn;Volkswagen Caddy Business 2.0 L TDI 110 cv;Volkswagen;Caddy;2023.0;55000.0;149000.0;Diesel;Traction;Ben Arous;5cv;;2026-07-11;2026-07-13;;https://www.automobile.tn/fr/occasion/volkswagen/caddy/127884;;;
automobile.tn;BMW Série 1;Bmw;Série 1;2010.0;31000.0;350000.0;Essence;Traction;Ben Arous;7cv;;2026-07-11;2026-07-13;;https://www.automobile.tn/fr/occasion/bmw/serie-1-5p/125738;;;
automobile.tn;Peugeot 308 Allure 1.2 THP Puretech 12V 110 cv;Peugeot;308;2019.0;39000.0;134000.0;Essence;Traction;Ben Arous;6cv;;2026-07-11;2026-07-13;;https://www.automobile.tn/fr/occasion/peugeot/308/126774;;;
automobile.tn;KIA Sportage EX 1.6 l T-GDI 7-DCT 180 cv Boîte auto;Kia;Sportage;2023.0;110000.0;72000.0;Essence;Traction;Ben Arous;10cv;;2026-07-11;2026-07-13;;https://www.automobile.tn/fr/occasion/kia/sportage/126608;;;
automobile.tn;Mercedes-Benz EQE Berline AMG 350 292 cv Boîte auto;Mercedes-benz;EQE Berline;2023.0;185000.0;35000.0;Electrique;Propulsion;Ben Arous;8cv;;2026-07-11;2026-07-13;;https://www.automobile.tn/fr/occasion/mercedes-benz/eqe-berline/125637;;;
automobile.tn;BMW X5 Pack M 25d xDrive 2.0 d 16V 211 cv Boîte auto;Bmw;X5;2015.0;110000.0;210000.0;Diesel;Intégrale;Ben Arous;13cv;;2026-07-11;2026-07-13;;https://www.automobile.tn/fr/occasion/bmw/x5/125506;;;
automobile.tn;Land Rover Range Rover Evoque SE D180 2.0 Td4 16V AWD 180 cv Boîte auto;Land rover;Range Rover Evoque;2020.0;169000.0;110000.0;Diesel;Intégrale;Ben Arous;8cv;;2026-07-11;2026-07-13;;https://www.automobile.tn/fr/occasion/land-rover/range-rover-evoque/121903;;;
automobile.tn;Mercedes-Benz Classe C AMG 180 1.5 i 16V EQ Boost 9G-TRONIC 170 cv Boîte auto;Mercedes-benz;Classe C;2022.0;158000.0;54000.0;Hybride léger essence;Propulsion;Ben Arous;9cv;;2026-07-11;2026-07-13;;https://www.automobile.tn/fr/occasion/mercedes-benz/classe-c/126504;;;
automobile.tn;Land Rover Discovery Sport 2.0 Si4 16V 4x4 5PL 240 cv Boîte auto;Land rover;Discovery Sport;2020.0;155000.0;30000.0;Essence;Intégrale;Ben Arous;13cv;;2026-07-11;2026-07-13;;https://www.automobile.tn/fr/occasion/land-rover/discovery-sport/124957;;;
automobile.tn;Mercedes-Benz Classe C coupé AMG 180 1.6 i 16V 7G-TRONIC+ 156 cv Boîte auto;Mercedes-benz;Classe C coupé;2017.0;98000.0;160000.0;Essence;Traction;Ben Arous;8cv;;2026-07-11;2026-07-13;;https://www.automobile.tn/fr/occasion/mercedes-benz/classe-c-coupe/124952;;;
automobile.tn;Land Rover Range Rover Velar S D240 2.0 SD4 16V DPF 4WD 240 cv Boîte auto;Land rover;Range Rover Velar;2018.0;180000.0;125000.0;Diesel;Intégrale;Ben Arous;15cv;;2026-07-11;2026-07-13;;https://www.automobile.tn/fr/occasion/land-rover/range-rover-velar/123127;;;
automobile.tn;Smart ForFour;Smart;ForFour;2021.0;45000.0;12000.0;Electrique;Propulsion;Ben Arous;4cv;;2026-07-11;2026-07-13;;https://www.automobile.tn/fr/occasion/smart/forfour/125127;;;
automobile.tn;DS 7 Crossback Performance-Line 1.5 Blue HDi EAT8 S&S 130 cv Boîte auto;Ds;7 Crossback;2021.0;95000.0;93000.0;Diesel;Propulsion;Ben Arous;7cv;;2026-07-11;2026-07-13;;https://www.automobile.tn/fr/occasion/ds/7-crossback/127320;;;
automobile.tn;Audi A6 Ambition Luxe;Audi;A6;2017.0;95000.0;144000.0;Essence;Traction;Ben Arous;10cv;;2026-07-11;2026-07-13;;https://www.automobile.tn/fr/occasion/audi/a6/123579;;;
automobile.tn;Volkswagen Tiguan R-Line 1.4 L TSI 150 cv Boîte auto;Volkswagen;Tiguan;2021.0;119000.0;97000.0;Hybride rechargeable essence;Traction;Ben Arous;8cv;;2026-07-11;2026-07-13;;https://www.automobile.tn/fr/occasion/volkswagen/tiguan/127713;;;
automobile.tn;Skoda Octavia Style;Skoda;Octavia;2022.0;75000.0;159000.0;Essence;Traction;Ben Arous;8cv;;2026-07-13;2026-07-13;;https://www.automobile.tn/fr/occasion/skoda/octavia/126904;;;
automobile.tn;BMW Série 4 Coupé Pack M Sport 420i 2.0 i 16V Steptronic8 184 cv Boîte auto;Bmw;Série 4 Coupé;2021.0;175000.0;78000.0;Essence;Propulsion;Ben Arous;10cv;;2026-07-13;2026-07-13;;https://www.automobile.tn/fr/occasion/bmw/serie-4-coupe/127582;;;
automobile.tn;BMW X1 Kit M 18i sDrive 1.5 i 12V DCT7 140 cv Boîte auto;Bmw;X1;2021.0;95000.0;170000.0;Essence;Traction;Ben Arous;8cv;;2026-07-13;2026-07-13;;https://www.automobile.tn/fr/occasion/bmw/x1/124955;;;
automobile.tn;Skoda Fabia Drive 1.6 L MPI 90 cv;Skoda;Fabia;2017.0;43000.0;145000.0;Essence;Traction;Ben Arous;5cv;;2026-07-13;2026-07-13;;https://www.automobile.tn/fr/occasion/skoda/fabia/127916;;;
automobile.tn;GWM Haval H6 1.5 T 150cv boite auto;Gwm;Haval H6;2022.0;93000.0;90000.0;Essence;Traction;Ben Arous;8cv;;2026-07-13;2026-07-13;;https://www.automobile.tn/fr/occasion/great-wall/h6/122543;;;
automobile.tn;Skoda Octavia Ambition Edition Spéciale;Skoda;Octavia;2023.0;126000.0;16000.0;Essence;Traction;Ben Arous;8cv;;2026-07-13;2026-07-13;;https://www.automobile.tn/fr/occasion/skoda/octavia/128045;;;
automobile.tn;BMW X3 Pack M 30e xDrive 2.0 i 16V 292 Plug in Hybrid Steptronic8 184 cv Boîte auto;Bmw;X3;2021.0;165000.0;120000.0;Hybride rechargeable essence;Intégrale;Ben Arous;10cv;;2026-07-13;2026-07-13;;https://www.automobile.tn/fr/occasion/bmw/x3/128005;;;
automobile.tn;Hyundai Grand i10 High Grade 1.2 83cv boite auto;Hyundai;Grand i10;2020.0;42000.0;130000.0;Essence;Traction;Ben Arous;5cv;;2026-07-13;2026-07-13;;https://www.automobile.tn/fr/occasion/hyundai/grand-i10/128147;;;
automobile.tn;Land Rover Range Rover Sport;Land rover;Range Rover Sport;2016.0;135000.0;250000.0;Diesel;Intégrale;Ben Arous;19cv;;2026-07-13;2026-07-13;;https://www.automobile.tn/fr/occasion/land-rover/range-rover-sport/128197;;;
automobile.tn;Mercedes-Benz Classe C 180 CGI 1.8 16V CGI 156 cv;Mercedes-benz;Classe C;2010.0;42000.0;203000.0;Essence;Traction;Tunis;9cv;;2026-07-11;2026-07-13;;https://www.automobile.tn/fr/occasion/mercedes-benz/classe-c/128051;;;
automobile.tn;Seat Leon FR 1.4 TGI CNG 16V 110 cv;Seat;Leon;2016.0;42700.0;139000.0;Essence;Traction;Bizerte;6cv;;2026-07-11;2026-07-13;;https://www.automobile.tn/fr/occasion/seat/leon/127501;;;
automobile.tn;Toyota Hilux Double Cabine Double Cabine Premium 2.8 D-4D 16V DPF Xtra cabine Pickup double cabine AWD 204 cv Boîte auto;Toyota;Hilux Double Cabine;2026.0;365000.0;1400.0;Diesel;Intégrale;Ariana;11cv;;2026-07-11;2026-07-13;;https://www.automobile.tn/fr/occasion/toyota/hilux/128226;;;
automobile.tn;Chevrolet Optra 1.6 109 cv;Chevrolet;Optra;2007.0;18599.0;193400.0;Essence;Traction;Sfax;6cv;;2026-07-11;2026-07-13;;https://www.automobile.tn/fr/occasion/chevrolet/optra/128225;;;
automobile.tn;Volkswagen Golf 7 Smartline 1.2 TSI 16V DSG7 110 cv Boîte auto;Volkswagen;Golf 7;2020.0;59000.0;133000.0;Essence;Traction;Sousse;6cv;;2026-07-11;2026-07-13;;https://www.automobile.tn/fr/occasion/volkswagen/golf-7/126483;;;
automobile.tn;Opel Astra Edition Plus 1.5 D 16V Turbo 130 cv;Opel;Astra;2022.0;59000.0;90000.0;Diesel;Traction;Sousse;5cv;;2026-07-11;2026-07-13;;https://www.automobile.tn/fr/occasion/opel/astra/128224;;;
automobile.tn;GWM Haval Jolion 1.5 T 143 cv Boîte auto;Gwm;Haval Jolion;2022.0;78000.0;53000.0;Essence;Traction;Ariana;9cv;;2026-07-11;2026-07-13;;https://www.automobile.tn/fr/occasion/great-wall/jolion/125983;;;
automobile.tn;BMW X3 Luxury Line 20i sDrive 2.0 i 16V Steptronic8 184 cv Boîte auto;Bmw;X3;2019.0;165000.0;21800.0;Essence;Propulsion;Nabeul;11cv;;2026-07-13;2026-07-13;;https://www.automobile.tn/fr/occasion/bmw/x3/126770;;;
automobile.tn;BMW Série 5 Pack Sport M 520i 170 cv Boîte auto;Bmw;Série 5;2022.0;161900.0;44000.0;Essence;Propulsion;Tunis;10cv;;2026-07-11;2026-07-13;;https://www.automobile.tn/fr/occasion/bmw/serie-5/128177;;;
automobile.tn;Hyundai i20 High Grade 1.0 T-GDI 12V GPF DCT7 100 cv Boîte auto;Hyundai;i20;2022.0;63500.0;55000.0;Essence;Traction;Tunis;5cv;;2026-07-11;2026-07-13;;https://www.automobile.tn/fr/occasion/hyundai/i20/128132;;;
automobile.tn;KIA Picanto Populaire 1.0 DPI 12V ISG 67 cv;Kia;Picanto;2024.0;43500.0;20000.0;Essence;Traction;Tunis;4cv;;2026-07-11;2026-07-13;;https://www.automobile.tn/fr/occasion/kia/picanto/128129;;;
automobile.tn;Volkswagen Polo R-Line 1.0 i 12V 75 cv;Volkswagen;Polo;2021.0;58000.0;100000.0;Essence;Traction;Tunis;4cv;;2026-07-11;2026-07-13;;https://www.automobile.tn/fr/occasion/volkswagen/polo/128106;;;
automobile.tn;Land Rover Range Rover Evoque Dynamic 2.2 eD4 16V DPF 2WD 150 cv;Land rover;Range Rover Evoque;2014.0;63500.0;200000.0;Diesel;Traction;Tunis;9cv;;2026-07-11;2026-07-13;;https://www.automobile.tn/fr/occasion/land-rover/range-rover-evoque/128087;;;
automobile.tn;KIA Rio 5p EX 1.2 i-CVVT 16V 84 cv;Kia;Rio 5p;2019.0;43000.0;129000.0;Essence;Traction;Tunis;5cv;;2026-07-11;2026-07-13;;https://www.automobile.tn/fr/occasion/kia/rio-5p/127967;;;
automobile.tn;Skoda Kushaq Style 1.0 TSI 116 cv boite auto;Skoda;Kushaq;2026.0;124900.0;4000.0;Essence;Traction;Tunis;7cv;;2026-07-11;2026-07-13;;https://www.automobile.tn/fr/occasion/skoda/kushaq/127925;;;
automobile.tn;GWM Haval H6 Luxury 1.5 T 143cv boite auto;Gwm;Haval H6;2019.0;66000.0;98000.0;Essence;Traction;Tunis;9cv;;2026-07-11;2026-07-13;;https://www.automobile.tn/fr/occasion/great-wall/h6/127781;;;
automobile.tn;KIA Sportage 1.6 GDi CVVT 16V 4x2 132 cv Boite Auto;Kia;Sportage;2019.0;69000.0;160000.0;Essence;Traction;Tunis;8cv;;2026-07-11;2026-07-13;;https://www.automobile.tn/fr/occasion/kia/sportage/127766;;;
automobile.tn;Toyota Yaris Cross Hybride Bi-ton 1.5 HSD 12V 116 Hybrid E-CVT 90 cv Boîte auto;Toyota;Yaris Cross Hybride;2024.0;104000.0;20000.0;Hybride essence;Traction;Tunis;5cv;;2026-07-11;2026-07-13;;https://www.automobile.tn/fr/occasion/toyota/yaris-cross/127730;;;
automobile.tn;Mercedes-Benz CLA AMG Edition 1 250 e 1.3 i 16V GPF 218 PHEV 160 cv Boîte auto;Mercedes-benz;CLA;2025.0;175000.0;13000.0;Hybride rechargeable essence;Traction;Tunis;8cv;;2026-07-11;2026-07-13;;https://www.automobile.tn/fr/occasion/mercedes-benz/cla/127696;;;
automobile.tn;MG ZS Luxury;Mg;ZS;2025.0;79500.0;8000.0;Essence;Traction;Tunis;6cv;;2026-07-11;2026-07-13;;https://www.automobile.tn/fr/occasion/mg/zs/127670;;;
automobile.tn;KIA Sportage Black Edition 1.6 CRDi VGT 16V 4x2 DCT7 136 cv Boîte auto;Kia;Sportage;2021.0;89000.0;130000.0;Hybride léger diesel;Traction;Tunis;7cv;;2026-07-11;2026-07-13;;https://www.automobile.tn/fr/occasion/kia/sportage/127668;;;
automobile.tn;Mercedes-Benz Classe C AMG + 300 e 2.0 i 16V 313 EQ Power 4MATIC 9G-TRONIC 204 cv Boîte auto;Mercedes-benz;Classe C;2024.0;179000.0;49000.0;Hybride rechargeable essence;Intégrale;Tunis;11cv;;2026-07-11;2026-07-13;;https://www.automobile.tn/fr/occasion/mercedes-benz/classe-c/127559;;;
automobile.tn;Hyundai Grand i10 GLS 1.2 83cv;Hyundai;Grand i10;2021.0;43500.0;75000.0;Essence;Traction;Tunis;5cv;;2026-07-11;2026-07-13;;https://www.automobile.tn/fr/occasion/hyundai/grand-i10/127535;;;
automobile.tn;BMW X3 Confort Plus 30i xDrive 2.0 i 16V Mild Hybrid Steptronic8 245 cv Boîte auto;Bmw;X3;2022.0;168000.0;65000.0;Hybride léger essence;Intégrale;Tunis;10cv;;2026-07-11;2026-07-13;;https://www.automobile.tn/fr/occasion/bmw/x3/127527;;;
automobile.tn;Mercedes-Benz GLE Coupé AMG Premium Plus 350 de 2.0 d 16V 333 EQ Power 4MATIC 9G-TRONIC 197 cv Boîte auto;Mercedes-benz;GLE Coupé;2023.0;330000.0;90000.0;Hybride rechargeable diesel;Intégrale;Tunis;11cv;;2026-07-11;2026-07-13;;https://www.automobile.tn/fr/occasion/mercedes-benz/gle-coupe/127422;;;
automobile.tn;KIA Sportage 1.6 GDi CVVT 16V 4x2 132 cv Boite Auto;Kia;Sportage;2019.0;75000.0;160000.0;Essence;Traction;Tunis;8cv;;2026-07-11;2026-07-13;;https://www.automobile.tn/fr/occasion/kia/sportage/127410;;;
automobile.tn;Nissan Juke Diesel 1.5 1.6 L 4X2 117 cv;Nissan;Juke;2017.0;53000.0;185000.0;Essence;Traction;Tunis;5cv;;2026-07-11;2026-07-13;;https://www.automobile.tn/fr/occasion/nissan/juke/127360;;;
automobile.tn;Land Rover Range Rover Velar R-Dynamic S D300 3.0 SDV6 24V 4WD 300 cv Boîte auto;Land rover;Range Rover Velar;2019.0;195000.0;150000.0;Diesel;Intégrale;Tunis;19cv;;2026-07-11;2026-07-13;;https://www.automobile.tn/fr/occasion/land-rover/range-rover-velar/127359;;;
automobile.tn;BMW Série 4 Coupé Pack Sport M 420i 2.0 i 16V 184 cv Boîte auto;Bmw;Série 4 Coupé;2015.0;73500.0;200000.0;Essence;Propulsion;Tunis;10cv;;2026-07-11;2026-07-13;;https://www.automobile.tn/fr/occasion/bmw/serie-4-coupe/127337;;;
automobile.tn;MG ZS Luxe 1.5 L 114 cv Boîte auto;Mg;ZS;2020.0;55000.0;108000.0;Essence;Traction;Tunis;7cv;;2026-07-11;2026-07-13;;https://www.automobile.tn/fr/occasion/mg/zs/127305;;;
automobile.tn;Volkswagen Polo R-Line 1.0 i 12V 75 cv;Volkswagen;Polo;2021.0;56000.0;100000.0;Essence;Traction;Tunis;4cv;;2026-07-11;2026-07-13;;https://www.automobile.tn/fr/occasion/volkswagen/polo/127274;;;
automobile.tn;GWM Haval H6;Gwm;Haval H6;2020.0;85000.0;20000.0;Essence;Traction;Tunis;12cv;;2026-07-11;2026-07-13;;https://www.automobile.tn/fr/occasion/great-wall/h6/127272;;;
automobile.tn;Mercedes-Benz Classe E Avantgarde 180 CGI 156 cv Boîte auto;Mercedes-benz;Classe E;2014.0;83500.0;88000.0;Essence;Propulsion;Tunis;9cv;;2026-07-11;2026-07-13;;https://www.automobile.tn/fr/occasion/mercedes-benz/classe-e/127230;;;
automobile.tn;Volkswagen Golf 8 Life 1.0 TSi 12V BMT 110 cv;Volkswagen;Golf 8;2021.0;80000.0;59000.0;Essence;Traction;Tunis;6cv;;2026-07-11;2026-07-13;;https://www.automobile.tn/fr/occasion/volkswagen/golf-8/127205;;;
automobile.tn;Hyundai Kona 1.6 T-GDi 16V 4WD DCT7 S&S 199 cv Boîte auto;Hyundai;Kona;2022.0;81000.0;95000.0;Essence;Intégrale;Tunis;11cv;;2026-07-11;2026-07-13;;https://www.automobile.tn/fr/occasion/hyundai/kona/127124;;;
automobile.tn;Ssangyong Actyon Sports 200 2.0 e-XDi 4WD Pickup double cabine 155 cv;Ssangyong;Actyon Sports;2017.0;45000.0;210000.0;Diesel;Intégrale;Tunis;7cv;;2026-07-11;2026-07-13;;https://www.automobile.tn/fr/occasion/ssangyong/actyon-sports/127099;;;
automobile.tn;Mercedes-Benz GLE Coupé AMG 350 e 2.0 Ti 16V 333 EQ Power 4MATIC 9G-TRONIC 211 cv Boîte auto;Mercedes-benz;GLE Coupé;2021.0;280000.0;64000.0;Hybride rechargeable essence;Intégrale;Tunis;12cv;;2026-07-11;2026-07-13;;https://www.automobile.tn/fr/occasion/mercedes-benz/gle-coupe/127032;;;
automobile.tn;Chery Tiggo 8 Pro 1.6 T-GDI 7-DCT 197 cv Boîte auto;Chery;Tiggo 8 Pro;2023.0;80000.0;80000.0;Essence;Traction;Tunis;11cv;;2026-07-11;2026-07-13;;https://www.automobile.tn/fr/occasion/chery/tiggo-8-pro/127005;;;
automobile.tn;Volkswagen Golf 8 R-Line 1.4 L TSI 150 cv Boîte auto;Volkswagen;Golf 8;2023.0;109000.0;50000.0;Essence;Traction;Tunis;8cv;;2026-07-11;2026-07-13;;https://www.automobile.tn/fr/occasion/volkswagen/golf-8/126984;;;
automobile.tn;Peugeot 308 Active Pack 1.2 THP Puretech 12V 110 cv;Peugeot;308;2022.0;45000.0;50000.0;Essence;Traction;Tunis;6cv;;2026-07-11;2026-07-13;;https://www.automobile.tn/fr/occasion/peugeot/308/126973;;;
automobile.tn;Lada 4x4 Urban 1.7 i 4x4 83 cv;Lada;4x4;2018.0;28000.0;90000.0;Essence;Intégrale;Tunis;7cv;;2026-07-11;2026-07-13;;https://www.automobile.tn/fr/occasion/lada/4x4/126848;;;
automobile.tn;Mercedes-Benz Classe C coupé AMG 180 1.5 i 16V 9G-TRONIC 156 cv Boîte auto;Mercedes-benz;Classe C coupé;2016.0;109000.0;98000.0;Essence;Traction;Tunis;9cv;;2026-07-11;2026-07-13;;https://www.automobile.tn/fr/occasion/mercedes-benz/classe-c-coupe/126825;;;
automobile.tn;Volkswagen Tiguan R-Line 1.5 eTSi MHEV 16V DSG7 150 cv Boîte auto;Volkswagen;Tiguan;2024.0;185000.0;30000.0;Hybride léger essence;Traction;Tunis;8cv;;2026-07-11;2026-07-13;;https://www.automobile.tn/fr/occasion/volkswagen/tiguan/126822;;;
automobile.tn;Nissan Qashqai Tekna 1.2 DIG-T 16V 2WD S&S 115 cv;Nissan;Qashqai;2015.0;59500.0;67000.0;Essence;Traction;Tunis;7cv;;2026-07-11;2026-07-13;;https://www.automobile.tn/fr/occasion/nissan/qashqai/126732;;;
automobile.tn;Mercedes-Benz Classe C Avantgarde 180 1.5 156ch 9G-Tronic;Mercedes-benz;Classe C;2021.0;120000.0;31000.0;Essence;Propulsion;Tunis;8cv;;2026-07-11;2026-07-13;;https://www.automobile.tn/fr/occasion/mercedes-benz/classe-c/126694;;;
automobile.tn;Cupra Formentor V e-hybrid 1.4 TSI 16V GPF 204 Plug in Hybrid DSG6 150 cv Boîte auto;Cupra;Formentor;2021.0;105000.0;75000.0;Hybride rechargeable essence;Traction;Tunis;8cv;;2026-07-11;2026-07-13;;https://www.automobile.tn/fr/occasion/cupra/formentor/126621;;;
automobile.tn;Mercedes-Benz GLC Coupé AMG 300 e 2.0 i 16V 320 EQ Power 4MATIC 9G-TRONIC 211 cv Boîte auto;Mercedes-benz;GLC Coupé;2021.0;179000.0;42000.0;Hybride rechargeable essence;Intégrale;Tunis;12cv;;2026-07-11;2026-07-13;;https://www.automobile.tn/fr/occasion/mercedes-benz/glc-coupe/126598;;;
automobile.tn;BMW Série 3 Business Line 318i 1.5 16V 136 cv Boîte auto;Bmw;Série 3;2018.0;69000.0;160000.0;Essence;Propulsion;Tunis;7cv;;2026-07-11;2026-07-13;;https://www.automobile.tn/fr/occasion/bmw/serie-3/126590;;;
automobile.tn;Mercedes-Benz Classe A AMG 250 e 1.3 Ti 16V 218 PHEV 8G-DCT 158 cv Boîte auto;Mercedes-benz;Classe A;2021.0;99000.0;44000.0;Hybride rechargeable essence;Propulsion;Tunis;8cv;;2026-07-11;2026-07-13;;https://www.automobile.tn/fr/occasion/mercedes-benz/classe-a/126534;;;
automobile.tn;BYD Tang Supreme 2.0 L 189 cv Boîte auto;Byd;Tang;2023.0;98000.0;85000.0;Essence;Traction;Tunis;11cv;;2026-07-11;2026-07-13;;https://www.automobile.tn/fr/occasion/byd/tang/126435;;;
automobile.tn;BMW X1 xLine 18i sDrive 1.5 i 12V DCT7 140 cv Boîte auto;Bmw;X1;2021.0;99000.0;90000.0;Essence;Traction;Tunis;8cv;;2026-07-11;2026-07-13;;https://www.automobile.tn/fr/occasion/bmw/x1/126427;;;
automobile.tn;KIA Rio 5p GT-Line 1.2 i-CVVT 16V ISG 84 cv;Kia;Rio 5p;2021.0;60000.0;77000.0;Essence;Traction;Tunis;5cv;;2026-07-11;2026-07-13;;https://www.automobile.tn/fr/occasion/kia/rio-5p/126404;;;
automobile.tn;BMW Série 4 Gran Coupé Luxury Line 418i 1.5 i 12V Steptronic8 136 cv Boîte auto;Bmw;Série 4 Gran Coupé;2020.0;98000.0;106000.0;Essence;Propulsion;Tunis;7cv;;2026-07-11;2026-07-13;;https://www.automobile.tn/fr/occasion/bmw/serie-4-gran-coupe/126234;;;
automobile.tn;Citroën C4 X Plus 1.2 L EAT8 130 cv Boîte auto;Citroën;C4 X;2025.0;73000.0;10000.0;Essence;Traction;Tunis;7cv;;2026-07-11;2026-07-13;;https://www.automobile.tn/fr/occasion/citroen/c4-x/126228;;;
automobile.tn;MG HS Luxury 1.5 162 cv Boîte auto;Mg;HS;2022.0;75000.0;68000.0;Essence;Traction;Tunis;10cv;;2026-07-11;2026-07-13;;https://www.automobile.tn/fr/occasion/mg/hs/126207;;;
automobile.tn;Seat Leon Style;Seat;Leon;2021.0;64500.0;60000.0;Essence;Traction;Tunis;6cv;;2026-07-11;2026-07-13;;https://www.automobile.tn/fr/occasion/seat/leon/126204;;;
automobile.tn;Volkswagen T-Cross Topline 1.0 TSI 12V GPF 110 cv;Volkswagen;T-Cross;2023.0;75000.0;88000.0;Essence;Traction;Tunis;5cv;;2026-07-11;2026-07-13;;https://www.automobile.tn/fr/occasion/volkswagen/t-cross/126197;;;
automobile.tn;Hyundai i30 Fastback 1.0 L T-GDI DCT-7 120 cv Boîte auto;Hyundai;i30 Fastback;2024.0;76000.0;70000.0;Essence;Traction;Tunis;7cv;;2026-07-11;2026-07-13;;https://www.automobile.tn/fr/occasion/hyundai/i30-fastback/126111;;;
automobile.tn;Mercedes-Benz Classe C Classic Edition C 180 Kompressor 1.6 i 16V BlueEFFICIENCY 156 cv;Mercedes-benz;Classe C;2012.0;79000.0;22000.0;Essence;Traction;Tunis;9cv;;2026-07-11;2026-07-13;;https://www.automobile.tn/fr/occasion/mercedes-benz/classe-c/126110;;;
automobile.tn;Volkswagen Golf 7 Confortline 1.2 TSI 16V 110 cv;Volkswagen;Golf 7;2017.0;61500.0;140000.0;Essence;Traction;Tunis;6cv;;2026-07-11;2026-07-13;;https://www.automobile.tn/fr/occasion/volkswagen/golf-7/126051;;;
automobile.tn;MG ZS Luxe 1.5 L 114 cv Boîte auto;Mg;ZS;2019.0;58500.0;80000.0;Essence;Traction;Tunis;7cv;;2026-07-11;2026-07-13;;https://www.automobile.tn/fr/occasion/mg/zs/126015;;;
automobile.tn;Lexus LS 430 430 4.3 i V8 32V 282 cv Boîte auto;Lexus;LS 430;2008.0;42500.0;278000.0;Essence;Propulsion;Tunis;20cv;;2026-07-11;2026-07-13;;https://www.automobile.tn/fr/occasion/lexus/ls-430/125986;;;
automobile.tn;Ford Ranger Wildtrak 3.2 TDCI 20V Pickup Double Cabine 4x4 200 cv Boîte auto;Ford;Ranger;2016.0;115000.0;183000.0;Diesel;Intégrale;Tunis;11cv;;2026-07-11;2026-07-13;;https://www.automobile.tn/fr/occasion/ford/ranger/125929;;;
automobile.tn;Mercedes-Benz CLA AMG 250 e 1.3 i 16V GPF 218 PHEV 160 cv Boîte auto;Mercedes-benz;CLA;2021.0;118000.0;49000.0;Hybride rechargeable essence;Traction;Tunis;8cv;;2026-07-11;2026-07-13;;https://www.automobile.tn/fr/occasion/mercedes-benz/cla/125915;;;
automobile.tn;Peugeot 308 Active Cielo 1.2 e-THP Puretech 12V 110 cv;Peugeot;308;2015.0;31000.0;290000.0;Essence;Traction;Tunis;5cv;;2026-07-11;2026-07-13;;https://www.automobile.tn/fr/occasion/peugeot/308/125814;;;
automobile.tn;Seat Ibiza FR 1.0 L TSI 115 cv Boîte auto;Seat;Ibiza;2024.0;75000.0;57000.0;Essence;Traction;Tunis;6cv;;2026-07-11;2026-07-13;;https://www.automobile.tn/fr/occasion/seat/ibiza/125785;;;
automobile.tn;Audi Q7 S-Line 7 places 3.0 TDi V6 24V DPF Quattro Tiptronic6 211 cv Boîte auto;Audi;Q7;2008.0;49000.0;340000.0;Diesel;Intégrale;Tunis;16cv;;2026-07-11;2026-07-13;;https://www.automobile.tn/fr/occasion/audi/q7/125743;;;
automobile.tn;MG One Luxury+;Mg;One;2024.0;87500.0;58000.0;Essence;Traction;Tunis;10cv;;2026-07-11;2026-07-13;;https://www.automobile.tn/fr/occasion/mg/one/125713;;;
automobile.tn;BMW Série 4 Gran Coupé Luxury Line 418i 1.5 i 12V Steptronic8 136 cv Boîte auto;Bmw;Série 4 Gran Coupé;2020.0;115000.0;90000.0;Essence;Propulsion;Tunis;7cv;;2026-07-11;2026-07-13;;https://www.automobile.tn/fr/occasion/bmw/serie-4-gran-coupe/125544;;;
automobile.tn;Peugeot 2008 Allure Toit Cielo 1.2 VTi 12V 82 cv;Peugeot;2008;2018.0;50000.0;50000.0;Essence;Traction;Tunis;5cv;;2026-07-11;2026-07-13;;https://www.automobile.tn/fr/occasion/peugeot/2008/125523;;;
automobile.tn;Audi Q5 S-line 2.0 TDI 16V Quattro S-Tronic7 163 cv Boîte auto;Audi;Q5;2016.0;79000.0;290000.0;Diesel;Intégrale;Tunis;10cv;;2026-07-11;2026-07-13;;https://www.automobile.tn/fr/occasion/audi/q5/125493;;;
automobile.tn;GWM Haval H6 Luxury 1.5 T 143cv boite auto;Gwm;Haval H6;2019.0;67000.0;100000.0;Essence;Traction;Tunis;9cv;;2026-07-11;2026-07-13;;https://www.automobile.tn/fr/occasion/great-wall/h6/125418;;;
automobile.tn;Hyundai Creta GLS 1.6 l 123 cv;Hyundai;Creta;2019.0;65000.0;110000.0;Essence;Traction;Tunis;7cv;;2026-07-11;2026-07-13;;https://www.automobile.tn/fr/occasion/hyundai/creta/125322;;;
automobile.tn;Audi Q5 Advanced Plus 2.0 TFSi 16V GPF Quattro S-Tronic7 249 cv Boîte auto;Audi;Q5;2020.0;139000.0;110000.0;Essence;Intégrale;Tunis;15cv;;2026-07-11;2026-07-13;;https://www.automobile.tn/fr/occasion/audi/q5/125265;;;
automobile.tn;Toyota Corolla Break;Toyota;Corolla;2020.0;79000.0;135000.0;Hybride léger essence;Traction;Tunis;5cv;;2026-07-11;2026-07-13;;https://www.automobile.tn/fr/occasion/toyota/corolla-5p/125255;;;
automobile.tn;Mercedes-Benz Classe C coupé Sport 180 1.8 i 16V 7G-TRONIC+ BlueEFFICIENCY 156 cv Boîte auto;Mercedes-benz;Classe C coupé;2012.0;57000.0;160000.0;Essence;Propulsion;Tunis;9cv;;2026-07-11;2026-07-13;;https://www.automobile.tn/fr/occasion/mercedes-benz/classe-c-coupe/125183;;;
automobile.tn;Honda HR-V SX Executive;Honda;HR-V;2021.0;77000.0;105000.0;Essence;Traction;Tunis;7cv;;2026-07-11;2026-07-13;;https://www.automobile.tn/fr/occasion/honda/hr-v/125182;;;
automobile.tn;Land Rover Range Rover Sport HSE Dynamic 3.0 SDV6 24V 306 cv Boîte auto;Land rover;Range Rover Sport;2019.0;245000.0;150000.0;Diesel;Propulsion;Tunis;20cv;;2026-07-11;2026-07-13;;https://www.automobile.tn/fr/occasion/land-rover/range-rover-sport/125137;;;
automobile.tn;Suzuki Jimny 3 portes GL AllGrip 1.5 VVT 16V 4WD 102 cv Boîte auto;Suzuki;Jimny 3 portes;2021.0;87000.0;20000.0;Essence;Intégrale;Tunis;6cv;;2026-07-11;2026-07-13;;https://www.automobile.tn/fr/occasion/suzuki/jimny/125136;;;
automobile.tn;Suzuki Swift GL 1.2 L 85 cv Boîte auto;Suzuki;Swift;2024.0;44500.0;80000.0;Essence;Traction;Tunis;5cv;;2026-07-11;2026-07-13;;https://www.automobile.tn/fr/occasion/suzuki/swift/125000;;;
automobile.tn;Mercedes-Benz Classe A Progressive 160 CDi 1.5 CDI 8V DPF BlueEFFICIENCY S&S 90 cv;Mercedes-benz;Classe A;2013.0;43500.0;340000.0;Diesel;Propulsion;Tunis;5cv;;2026-07-11;2026-07-13;;https://www.automobile.tn/fr/occasion/mercedes-benz/classe-a/124997;;;
automobile.tn;Mercedes-Benz ML 320 CDI 2.9 CDI V6 24V 224 cv Boîte auto;Mercedes-benz;ML;2008.0;45000.0;300000.0;Diesel;Propulsion;Tunis;15cv;;2026-07-11;2026-07-13;;https://www.automobile.tn/fr/occasion/mercedes-benz/ml/124996;;;
automobile.tn;MG ZS Luxury 1.5 L 115 cv;Mg;ZS;2022.0;67000.0;28000.0;Essence;Traction;Tunis;7cv;;2026-07-11;2026-07-13;;https://www.automobile.tn/fr/occasion/mg/zs/124624;;;
automobile.tn;Jeep Renegade Limited 1.4 Turbo 4x2 140 cv Boîte auto;Jeep;Renegade;2021.0;68000.0;110000.0;Essence;Traction;Tunis;8cv;;2026-07-11;2026-07-13;;https://www.automobile.tn/fr/occasion/jeep/renegade/124616;;;
automobile.tn;Toyota C-HR 1.2 T 16V 2WD CVT 116 cv Boîte auto;Toyota;C-HR;2018.0;66000.0;150000.0;Essence;Traction;Tunis;6cv;;2026-07-11;2026-07-13;;https://www.automobile.tn/fr/occasion/toyota/c-hr/124387;;;
automobile.tn;Hyundai Tucson High Grade 1.6 l T-GDI 7-DCT 4WD 180 cv Boîte auto;Hyundai;Tucson;2023.0;105000.0;50000.0;Essence;Intégrale;Tunis;10cv;;2026-07-11;2026-07-13;;https://www.automobile.tn/fr/occasion/hyundai/tucson/124354;;;
automobile.tn;GWM Haval Jolion 1.5 T 143 cv Boîte auto;Gwm;Haval Jolion;2023.0;90000.0;37000.0;Essence;Traction;Tunis;9cv;;2026-07-11;2026-07-13;;https://www.automobile.tn/fr/occasion/great-wall/jolion/124264;;;
automobile.tn;Skoda Kushaq Ambition 1.0 TSI 116 cv;Skoda;Kushaq;2025.0;73500.0;15000.0;Essence;Traction;Tunis;6cv;;2026-07-11;2026-07-13;;https://www.automobile.tn/fr/occasion/skoda/kushaq/124261;;;
automobile.tn;Chevrolet Sonic;Chevrolet;Sonic;2020.0;36000.0;188000.0;Essence;Traction;Tunis;5cv;;2026-07-11;2026-07-13;;https://www.automobile.tn/fr/occasion/chevrolet/sonic/123933;;;
automobile.tn;Land Rover Range Rover Sport Dynamic SE 3.0 SDV6 24V 306 cv Boîte auto;Land rover;Range Rover Sport;2016.0;135000.0;165000.0;Diesel;Propulsion;Tunis;16cv;;2026-07-11;2026-07-13;;https://www.automobile.tn/fr/occasion/land-rover/range-rover-sport/123854;;;
automobile.tn;Peugeot Partner 1000 Kg 1.6 L HDI 90ch 90 cv;Peugeot;Partner;2022.0;54000.0;50000.0;Diesel;Traction;Tunis;5cv;;2026-07-11;2026-07-13;;https://www.automobile.tn/fr/occasion/peugeot/partner/123853;;;
automobile.tn;MG 5 Confort Plus 1.5 L 120 cv;Mg;5;2024.0;57500.0;25000.0;Essence;Traction;Tunis;6cv;;2026-07-11;2026-07-13;;https://www.automobile.tn/fr/occasion/mg/5/123809;;;
automobile.tn;Land Rover Discovery Sport R-Dynamic S 2.0 Si4 16V 4x4 5PL 290 cv Boîte auto;Land rover;Discovery Sport;2021.0;185000.0;65000.0;Diesel;Intégrale;Tunis;9cv;;2026-07-11;2026-07-13;;https://www.automobile.tn/fr/occasion/land-rover/discovery-sport/123779;;;
automobile.tn;Volkswagen Passat Trendline 1.4 TSI 16V 125 cv;Volkswagen;Passat;2017.0;68000.0;117000.0;Essence;Traction;Tunis;7cv;;2026-07-11;2026-07-13;;https://www.automobile.tn/fr/occasion/volkswagen/passat/123692;;;
automobile.tn;Hyundai Tucson High Grade 1.6 l T-GDI 7-DCT 4WD 180 cv Boîte auto;Hyundai;Tucson;2023.0;109000.0;50000.0;Essence;Intégrale;Tunis;10cv;;2026-07-11;2026-07-13;;https://www.automobile.tn/fr/occasion/hyundai/tucson/123553;;;
automobile.tn;Peugeot 208 Active Pack 1.5 Blue HDi S&S 100 cv;Peugeot;208;2021.0;49000.0;155000.0;Diesel;Propulsion;Tunis;5cv;;2026-07-11;2026-07-13;;https://www.automobile.tn/fr/occasion/peugeot/208/123522;;;
automobile.tn;Volkswagen Golf 7 Confortline 1.2 TSI 16V DSG7 S&S 110 cv Boîte auto;Volkswagen;Golf 7;2013.0;44500.0;200000.0;Essence;Traction;Tunis;5cv;;2026-07-11;2026-07-13;;https://www.automobile.tn/fr/occasion/volkswagen/golf-7/123414;;;
automobile.tn;Peugeot 2008 Allure PM 1.5 BlueHDi 16V EAT8 S&S 130 cv Boîte auto;Peugeot;2008;2021.0;105000.0;28000.0;Diesel;Traction;Tunis;7cv;;2026-07-11;2026-07-13;;https://www.automobile.tn/fr/occasion/peugeot/2008/123413;;;
automobile.tn;Tesla Model Y Long Range 347 cv Boîte auto;Tesla;Model Y;2022.0;155000.0;30000.0;Electrique;Propulsion;Tunis;6cv;;2026-07-11;2026-07-13;;https://www.automobile.tn/fr/occasion/tesla/model-y/123398;;;
automobile.tn;Mercedes-Benz GLA Toit Ouvrant 200 1.6 i 16V Turbo 7G-DCT 156 cv Boîte auto;Mercedes-benz;GLA;2016.0;89000.0;60000.0;Essence;Propulsion;Tunis;9cv;;2026-07-11;2026-07-13;;https://www.automobile.tn/fr/occasion/mercedes-benz/gla/123392;;;
automobile.tn;Toyota C-HR HEV 1.8 VVT-i 16V 140 Hybrid CVT 99 cv Boîte auto;Toyota;C-HR;2024.0;140000.0;40000.0;Hybride essence;Traction;Tunis;5cv;;2026-07-11;2026-07-13;;https://www.automobile.tn/fr/occasion/toyota/c-hr/123324;;;
automobile.tn;Mitsubishi L200 Double Cabine GL;Mitsubishi;L200 Double Cabine;2025.0;225000.0;2000.0;Diesel;Propulsion;Tunis;8cv;;2026-07-11;2026-07-13;;https://www.automobile.tn/fr/occasion/mitsubishi/l200-double-cabine/123288;;;
automobile.tn;Nissan Qashqai N-connecta 1.2 DIG-T 16V 2WD S&S 115 cv;Nissan;Qashqai;2016.0;52000.0;140000.0;Essence;Traction;Tunis;6cv;;2026-07-11;2026-07-13;;https://www.automobile.tn/fr/occasion/nissan/qashqai/123286;;;
automobile.tn;KIA Seltos Top Grade 1.4 T-GDI 140 cv boite auto;Kia;Seltos;2025.0;112000.0;6000.0;Essence;Traction;Tunis;8cv;;2026-07-11;2026-07-13;;https://www.automobile.tn/fr/occasion/kia/seltos/123087;;;
automobile.tn;Mercedes-Benz Classe C AMG 180 1.5 i 16V EQ Boost 9G-TRONIC 170 cv Boîte auto;Mercedes-benz;Classe C;2023.0;199490.0;50000.0;Hybride léger essence;Propulsion;Tunis;9cv;;2026-07-11;2026-07-13;;https://www.automobile.tn/fr/occasion/mercedes-benz/classe-c/123068;;;
automobile.tn;Chery Tiggo 3 Confort 1.6 L 126 cv;Chery;Tiggo 3;2018.0;43500.0;80000.0;Essence;Traction;Tunis;8cv;;2026-07-11;2026-07-13;;https://www.automobile.tn/fr/occasion/chery/tiggo-3/123050;;;
automobile.tn;Mercedes-Benz GLA AMG 220 2.1 d 16V 4MATIC 7G-DCT 163 cv Boîte auto;Mercedes-benz;GLA;2017.0;95000.0;160000.0;Diesel;Intégrale;Tunis;9cv;;2026-07-11;2026-07-13;;https://www.automobile.tn/fr/occasion/mercedes-benz/gla/123036;;;
automobile.tn;Porsche Cayenne 3.6 DFI V6 SUV 290cv Tiptronic S Boîte auto;Porsche;Cayenne;2008.0;79000.0;90000.0;Essence;Propulsion;Tunis;21cv;;2026-07-11;2026-07-13;;https://www.automobile.tn/fr/occasion/porsche/cayenne/122838;;;
automobile.tn;Fiat 500 Lounge 1.2 L 69 cv Boîte auto;Fiat;500;2023.0;49500.0;80000.0;Essence;Traction;Tunis;4cv;;2026-07-11;2026-07-13;;https://www.automobile.tn/fr/occasion/fiat/500/122640;;;
automobile.tn;Mercedes-Benz Classe C Avantgarde 180 CDi 1.6 CDI 16V 7G-TRONIC BlueTEC 116 cv Boîte auto;Mercedes-benz;Classe C;2017.0;83000.0;196000.0;Diesel;Traction;Tunis;6cv;;2026-07-11;2026-07-13;;https://www.automobile.tn/fr/occasion/mercedes-benz/classe-c/122595;;;
automobile.tn;KIA Sportage SX 1.6 l T-GDI 7-DCT 180 cv Boîte auto;Kia;Sportage;2023.0;122000.0;29000.0;Essence;Traction;Tunis;10cv;;2026-07-11;2026-07-13;;https://www.automobile.tn/fr/occasion/kia/sportage/122547;;;
automobile.tn;Peugeot 2008 Allure 1.2 THP Puretech 12V EAT6 S&S 130 cv Boîte auto;Peugeot;2008;2023.0;87000.0;18000.0;Essence;Traction;Tunis;7cv;;2026-07-11;2026-07-13;;https://www.automobile.tn/fr/occasion/peugeot/2008/122338;;;
automobile.tn;Land Rover Discovery 3.0 Td6 V6 24V 4WD 248 cv Boîte auto;Land rover;Discovery;2019.0;239000.0;3000.0;Diesel;Intégrale;Tunis;16cv;;2026-07-11;2026-07-13;;https://www.automobile.tn/fr/occasion/land-rover/discovery/122081;;;
automobile.tn;Peugeot 3008 Premium 1.5 BlueHDi EAT8 S&S 130 cv Boîte auto;Peugeot;3008;2021.0;85500.0;140000.0;Diesel;Traction;Tunis;7cv;;2026-07-11;2026-07-13;;https://www.automobile.tn/fr/occasion/peugeot/3008/121873;;;
automobile.tn;Citroën Berlingo Van;Citroën;Berlingo Van;2021.0;57000.0;180000.0;Diesel;Traction;Tunis;6cv;;2026-07-11;2026-07-13;;https://www.automobile.tn/fr/occasion/citroen/berlingo-van/121768;;;
automobile.tn;BMW Série 4 Gran Coupé Luxury Line 418i 1.5 i 12V Steptronic8 136 cv Boîte auto;Bmw;Série 4 Gran Coupé;2018.0;109000.0;50000.0;Essence;Propulsion;Tunis;7cv;;2026-07-11;2026-07-13;;https://www.automobile.tn/fr/occasion/bmw/serie-4-gran-coupe/121635;;;
automobile.tn;Mercedes-Benz Classe A Sport AMG Plus 180 1.3 Ti 16V 7G-DCT 136 cv Boîte auto;Mercedes-benz;Classe A;2022.0;128000.0;40000.0;Essence;Traction;Tunis;8cv;;2026-07-11;2026-07-13;;https://www.automobile.tn/fr/occasion/mercedes-benz/classe-a/121633;;;
automobile.tn;Land Rover Discovery Sport R-Dynamic S 2.0 TD4 16V 4x4 5PL 150 cv Boîte auto;Land rover;Discovery Sport;2020.0;150000.0;87000.0;Diesel;Intégrale;Tunis;8cv;;2026-07-11;2026-07-13;;https://www.automobile.tn/fr/occasion/land-rover/discovery-sport/121632;;;
automobile.tn;Mercedes-Benz CLA AMG 180 1.3 i 16V GPF 7G-DCT 136 cv Boîte auto;Mercedes-benz;CLA;2021.0;155000.0;7000.0;Essence;Traction;Tunis;7cv;;2026-07-11;2026-07-13;;https://www.automobile.tn/fr/occasion/mercedes-benz/cla/121425;;;
automobile.tn;Seat Leon SC Référence 1.2 TSI 16V S&S 110 cv;Seat;Leon SC;2016.0;39000.0;200000.0;Essence;Traction;Tunis;6cv;;2026-07-11;2026-07-13;;https://www.automobile.tn/fr/occasion/seat/leon-sc/121341;;;
automobile.tn;Mercedes-Benz Classe C Exclusive 200 CDi 1.6 CDI 16V 7G-TRONIC BlueTEC 136 cv Boîte auto;Mercedes-benz;Classe C;2016.0;89000.0;158000.0;Diesel;Propulsion;Tunis;9cv;;2026-07-11;2026-07-13;;https://www.automobile.tn/fr/occasion/mercedes-benz/classe-c/121323;;;
automobile.tn;Mercedes-Benz Classe C Exclusive 200 CDi 1.6 CDI 16V 7G-TRONIC BlueTEC 136 cv Boîte auto;Mercedes-benz;Classe C;2017.0;95000.0;220000.0;Diesel;Propulsion;Tunis;10cv;;2026-07-11;2026-07-13;;https://www.automobile.tn/fr/occasion/mercedes-benz/classe-c/121078;;;
automobile.tn;Mercedes-Benz Classe C AMG + 180 1.5 i 16V EQ Boost 9G-TRONIC 170 cv Boîte auto;Mercedes-benz;Classe C;2024.0;243000.0;19000.0;Hybride léger essence;Propulsion;Tunis;9cv;;2026-07-11;2026-07-13;;https://www.automobile.tn/fr/occasion/mercedes-benz/classe-c/121077;;;
automobile.tn;Volkswagen Golf 7 R-Line 1.6 TDI 16V Blue Motion DSG7 115 cv Boîte auto;Volkswagen;Golf 7;2018.0;85000.0;190000.0;Diesel;Traction;Tunis;6cv;;2026-07-11;2026-07-13;;https://www.automobile.tn/fr/occasion/volkswagen/golf-7/121072;;;
automobile.tn;Peugeot 2008 Allure Toit Cielo 1.2 VTi 12V 82 cv;Peugeot;2008;2017.0;48500.0;98000.0;Essence;Traction;Tunis;5cv;;2026-07-11;2026-07-13;;https://www.automobile.tn/fr/occasion/peugeot/2008/121045;;;
automobile.tn;Mercedes-Benz Classe C Exclusive 180 1.6 i 16V 9G-TRONIC 156 cv Boîte auto;Mercedes-benz;Classe C;2017.0;95000.0;140000.0;Essence;Propulsion;Tunis;8cv;;2026-07-11;2026-07-13;;https://www.automobile.tn/fr/occasion/mercedes-benz/classe-c/121031;;;
automobile.tn;Land Rover Range Rover Sport;Land rover;Range Rover Sport;2018.0;145000.0;185000.0;Diesel;Propulsion;Tunis;14cv;;2026-07-11;2026-07-13;;https://www.automobile.tn/fr/occasion/land-rover/range-rover-sport/120962;;;
automobile.tn;KIA Sportage AWD 2.0 4*4;Kia;Sportage;2019.0;81000.0;95000.0;Essence;Intégrale;Tunis;10cv;;2026-07-11;2026-07-13;;https://www.automobile.tn/fr/occasion/kia/sportage/120949;;;
automobile.tn;Citroën C4 1.5 BlueHDi 16V EAT8 130 cv Boîte auto;Citroën;C4;2021.0;68000.0;185000.0;Diesel;Traction;Tunis;7cv;;2026-07-11;2026-07-13;;https://www.automobile.tn/fr/occasion/citroen/c4/120948;;;
automobile.tn;Mercedes-Benz Classe C AMG 180 1.5 i 16V EQ Boost 9G-TRONIC 170 cv Boîte auto;Mercedes-benz;Classe C;2024.0;218000.0;20000.0;Hybride léger essence;Propulsion;Tunis;9cv;;2026-07-11;2026-07-13;;https://www.automobile.tn/fr/occasion/mercedes-benz/classe-c/120886;;;
automobile.tn;Mercedes-Benz Classe E Elegance 200 2.0 CGI 16V 7G-TRONIC+ 184 cv Boîte auto;Mercedes-benz;Classe E;2014.0;83500.0;140000.0;Essence;Propulsion;Tunis;10cv;;2026-07-11;2026-07-13;;https://www.automobile.tn/fr/occasion/mercedes-benz/classe-e/120707;;;
automobile.tn;KIA Sportage GT-Line;Kia;Sportage;2021.0;105000.0;50000.0;Diesel;Traction;Tunis;8cv;;2026-07-11;2026-07-13;;https://www.automobile.tn/fr/occasion/kia/sportage/120666;;;
automobile.tn;Suzuki Jimny 5 portes GLX 1.5 L 4x4 102 cv Boîte auto;Suzuki;Jimny 5 portes;2025.0;119000.0;100.0;Essence;Intégrale;Tunis;6cv;;2026-07-11;2026-07-13;;https://www.automobile.tn/fr/occasion/suzuki/jimny-5p/120638;;;
automobile.tn;Land Rover Discovery Sport;Land rover;Discovery Sport;2016.0;95000.0;190000.0;Diesel;Propulsion;Tunis;9cv;;2026-07-11;2026-07-13;;https://www.automobile.tn/fr/occasion/land-rover/discovery-sport/120598;;;
automobile.tn;Volkswagen Golf 7 Allstar 1.2 TSI 16V Blue Motion S&S 105 cv;Volkswagen;Golf 7;2016.0;54000.0;160000.0;Essence;Traction;Tunis;5cv;;2026-07-11;2026-07-13;;https://www.automobile.tn/fr/occasion/volkswagen/golf-7/120545;;;
automobile.tn;Porsche Panamera GTS 4.8 i V8 24V PDK 440 cv Boîte auto;Porsche;Panamera;2014.0;245000.0;79000.0;Essence;Propulsion;Tunis;33cv;;2026-07-11;2026-07-13;;https://www.automobile.tn/fr/occasion/porsche/panamera/120388;;;
automobile.tn;Mercedes-Benz Classe C Avantgarde 180 1.5 156ch 9G-Tronic;Mercedes-benz;Classe C;2020.0;135000.0;67000.0;Essence;Propulsion;Tunis;8cv;;2026-07-11;2026-07-13;;https://www.automobile.tn/fr/occasion/mercedes-benz/classe-c/120385;;;
automobile.tn;Peugeot 208 1.2 PureTech 12V S&S 100 cv;Peugeot;208;2021.0;55000.0;25000.0;Essence;Traction;Tunis;6cv;;2026-07-11;2026-07-13;;https://www.automobile.tn/fr/occasion/peugeot/208/120384;;;
automobile.tn;Hyundai Tucson N Line 1.6 TGDi 16V Mild Hybrid 4WD 179 cv Boîte auto;Hyundai;Tucson;2022.0;147000.0;35000.0;Hybride léger essence;Intégrale;Tunis;11cv;;2026-07-11;2026-07-13;;https://www.automobile.tn/fr/occasion/hyundai/tucson/120365;;;
automobile.tn;Chevrolet Captiva 7 places 1.5 Turbo CVT 147 cv Boîte auto;Chevrolet;Captiva;2023.0;86000.0;18000.0;Essence;Traction;Tunis;9cv;;2026-07-11;2026-07-13;;https://www.automobile.tn/fr/occasion/chevrolet/captiva/120294;;;
automobile.tn;Citroën C3 Live 1.2 VTi PureTech 12V 82 cv;Citroën;C3;2019.0;39500.0;85000.0;Essence;Traction;Tunis;4cv;;2026-07-11;2026-07-13;;https://www.automobile.tn/fr/occasion/citroen/c3/120288;;;
automobile.tn;KIA Sportage 1.6 GDi CVVT 16V 4x2 132 cv Boite Auto;Kia;Sportage;2018.0;68000.0;149000.0;Essence;Traction;Tunis;8cv;;2026-07-11;2026-07-13;;https://www.automobile.tn/fr/occasion/kia/sportage/120058;;;
automobile.tn;Audi Q8 55 3.0 TFSi V6 24V GPF Mild Hybrid Quattro Tiptronic8 340 cv Boîte auto;Audi;Q8;2021.0;350000.0;22000.0;Hybride léger essence;Intégrale;Tunis;23cv;;2026-07-11;2026-07-13;;https://www.automobile.tn/fr/occasion/audi/q8/120052;;;
automobile.tn;Audi Q3 S-line 1.4 TFSi 16V S Tronic6 150 cv Boîte auto;Audi;Q3;2017.0;89000.0;64000.0;Essence;Traction;Tunis;8cv;;2026-07-11;2026-07-13;;https://www.automobile.tn/fr/occasion/audi/q3/120000;;;
automobile.tn;GWM Haval H6 Luxury 1.5 T 143cv boite auto;Gwm;Haval H6;2021.0;75000.0;99000.0;Essence;Traction;Tunis;9cv;;2026-07-11;2026-07-13;;https://www.automobile.tn/fr/occasion/great-wall/h6/119935;;;
automobile.tn;Abarth 500 1.4 TB 16V 135 cv;Abarth;500;2011.0;42500.0;180000.0;Essence;Traction;Tunis;8cv;;2026-07-11;2026-07-13;;https://www.automobile.tn/fr/occasion/abarth/500/119916;;;
automobile.tn;Seat Leon Style 1.2 TSI 16V S&S 110 cv;Seat;Leon;2020.0;69000.0;85000.0;Essence;Traction;Tunis;6cv;;2026-07-11;2026-07-13;;https://www.automobile.tn/fr/occasion/seat/leon/119811;;;
automobile.tn;BMW Série 4 Gran Coupé Pack M 420i 2.0 i 16V Steptronic8 184 cv Boîte auto;Bmw;Série 4 Gran Coupé;2023.0;190000.0;100000.0;Essence;Propulsion;Tunis;10cv;;2026-07-11;2026-07-13;;https://www.automobile.tn/fr/occasion/bmw/serie-4-gran-coupe/119741;;;
automobile.tn;Nissan Qashqai N-connecta;Nissan;Qashqai;2024.0;115000.0;11000.0;Hybride léger essence;Traction;Tunis;7cv;;2026-07-11;2026-07-13;;https://www.automobile.tn/fr/occasion/nissan/qashqai/119704;;;
automobile.tn;Mercedes-Benz Classe C AMG 200 1.5 i 16V EQ Boost 9G-TRONIC 184 cv Boîte auto;Mercedes-benz;Classe C;2019.0;135000.0;125000.0;Hybride léger essence;Propulsion;Tunis;9cv;;2026-07-11;2026-07-13;;https://www.automobile.tn/fr/occasion/mercedes-benz/classe-c/119549;;;
automobile.tn;Audi A5 Sportback 35 TFSI S-tronic 150 cv Boîte auto;Audi;A5 Sportback;2020.0;99000.0;160000.0;Essence;Traction;Tunis;8cv;;2026-07-11;2026-07-13;;https://www.automobile.tn/fr/occasion/audi/a5-sportback/119511;;;
automobile.tn;Land Rover Range Rover Evoque Dynamic SE;Land rover;Range Rover Evoque;2024.0;225000.0;50000.0;Diesel;Intégrale;Tunis;9cv;;2026-07-11;2026-07-13;;https://www.automobile.tn/fr/occasion/land-rover/range-rover-evoque/119370;;;
automobile.tn;Audi Q5 S-line 2.0 TDI 16V 150 cv;Audi;Q5;2017.0;160000.0;83000.0;Diesel;Traction;Tunis;8cv;;2026-07-11;2026-07-13;;https://www.automobile.tn/fr/occasion/audi/q5/119337;;;
automobile.tn;Mercedes-Benz Classe C AMG 180 1.5 i 16V EQ Boost 9G-TRONIC 170 cv Boîte auto;Mercedes-benz;Classe C;2022.0;179000.0;90000.0;Hybride léger essence;Propulsion;Tunis;9cv;;2026-07-11;2026-07-13;;https://www.automobile.tn/fr/occasion/mercedes-benz/classe-c/119295;;;
automobile.tn;Renault Clio Esprit Alpine 0.9 TCe 12V Energy S&S 90 cv;Renault;Clio;2020.0;51000.0;100000.0;Essence;Traction;Tunis;5cv;;2026-07-11;2026-07-13;;https://www.automobile.tn/fr/occasion/renault/clio/119266;;;
automobile.tn;KIA Sportage GT-Line;Kia;Sportage;2020.0;94500.0;69000.0;Essence;Intégrale;Tunis;11cv;;2026-07-11;2026-07-13;;https://www.automobile.tn/fr/occasion/kia/sportage/119234;;;
automobile.tn;Ssangyong Tivoli Classy Secure 1.2 T-GDi 12V 2WD 128 cv;Ssangyong;Tivoli;2022.0;69000.0;85000.0;Essence;Traction;Tunis;6cv;;2026-07-11;2026-07-13;;https://www.automobile.tn/fr/occasion/ssangyong/tivoli/119094;;;
automobile.tn;Chery Tiggo 8 Pro 1.6 T-GDI 7-DCT 197 cv Boîte auto;Chery;Tiggo 8 Pro;2023.0;91000.0;11000.0;Essence;Traction;Tunis;11cv;;2026-07-11;2026-07-13;;https://www.automobile.tn/fr/occasion/chery/tiggo-8-pro/119021;;;
automobile.tn;KIA Sportage 1.6 GDi CVVT 16V 4x2 132 cv Boite Auto;Kia;Sportage;2018.0;78000.0;90000.0;Essence;Traction;Tunis;8cv;;2026-07-11;2026-07-13;;https://www.automobile.tn/fr/occasion/kia/sportage/118948;;;
automobile.tn;KIA Sportage Black Edition 1.6 GDi CVVT 16V 4x2 ISG 132 cv Boite Auto;Kia;Sportage;2021.0;92000.0;88000.0;Essence;Traction;Tunis;8cv;;2026-07-11;2026-07-13;;https://www.automobile.tn/fr/occasion/kia/sportage/118760;;;
automobile.tn;Ford Ranger Raptor Raptor 2.0 EcoBlue 16V Pickup Double Cabine 4x4 213 cv Boîte auto;Ford;Ranger Raptor;2021.0;189000.0;45000.0;Diesel;Intégrale;Tunis;7cv;;2026-07-11;2026-07-13;;https://www.automobile.tn/fr/occasion/ford/ranger-raptor/118707;;;
automobile.tn;GWM Haval H6 Luxury 1.5 T 143cv boite auto;Gwm;Haval H6;2018.0;61000.0;125000.0;Essence;Traction;Tunis;9cv;;2026-07-11;2026-07-13;;https://www.automobile.tn/fr/occasion/great-wall/h6/118649;;;
automobile.tn;Mercedes-Benz Classe C Avantgarde 180 1.5 i 16V 9G-TRONIC 156 cv Boîte auto;Mercedes-benz;Classe C;2016.0;85000.0;150000.0;Essence;Propulsion;Tunis;9cv;;2026-07-11;2026-07-13;;https://www.automobile.tn/fr/occasion/mercedes-benz/classe-c/118377;;;
automobile.tn;Toyota RAV 4 Hybride 2.5 VVT-iE 16V 218 Hybrid 2WD E-CVT 177 cv Boîte auto;Toyota;RAV 4;2020.0;102000.0;200000.0;Hybride essence;Traction;Tunis;9cv;;2026-07-11;2026-07-13;;https://www.automobile.tn/fr/occasion/toyota/rav-4/118252;;;
automobile.tn;GWM Haval Jolion 1.5 T 143 cv Boîte auto;Gwm;Haval Jolion;2021.0;79000.0;91000.0;Essence;Traction;Tunis;9cv;;2026-07-11;2026-07-13;;https://www.automobile.tn/fr/occasion/great-wall/jolion/118245;;;
automobile.tn;Mercedes-Benz GLC Coupé AMG 220 d 2.1 d 16V 4MATIC 9G-Tronic 163 cv Boîte auto;Mercedes-benz;GLC Coupé;2018.0;179000.0;150000.0;Diesel;Intégrale;Tunis;11cv;;2026-07-11;2026-07-13;;https://www.automobile.tn/fr/occasion/mercedes-benz/glc-coupe/118143;;;
automobile.tn;Mercedes-Benz GLC 4 matic 250 2.0 i 16V 4MATIC BlueTEC 9G-Tronic 211 cv Boîte auto;Mercedes-benz;GLC;2018.0;145000.0;105000.0;Essence;Intégrale;Tunis;12cv;;2026-07-11;2026-07-13;;https://www.automobile.tn/fr/occasion/mercedes-benz/glc/118109;;;
automobile.tn;Cupra Formentor Sport 2.0 TSI 16V DSG 7 190 cv Boîte auto;Cupra;Formentor;2022.0;117000.0;55000.0;Essence;Traction;Tunis;11cv;;2026-07-11;2026-07-13;;https://www.automobile.tn/fr/occasion/cupra/formentor/117992;;;
automobile.tn;Volkswagen Taigo Life 1.0 TSI 12V 95 cv;Volkswagen;Taigo;2022.0;69500.0;95000.0;Essence;Traction;Tunis;5cv;;2026-07-11;2026-07-13;;https://www.automobile.tn/fr/occasion/volkswagen/taigo/117890;;;
automobile.tn;BMW X1 Kit M 18i sDrive 1.5 i 12V DCT7 136 cv Boîte auto;Bmw;X1;2022.0;119000.0;68000.0;Essence;Traction;Tunis;8cv;;2026-07-11;2026-07-13;;https://www.automobile.tn/fr/occasion/bmw/x1/117602;;;
automobile.tn;BMW Série 2 Gran Coupé Pack Sport M 218i 1.5 i 12V Steptronic7 140 cv Boîte auto;Bmw;Série 2 Gran Coupé;2022.0;115000.0;69000.0;Essence;Traction;Tunis;8cv;;2026-07-11;2026-07-13;;https://www.automobile.tn/fr/occasion/bmw/serie-2-gran-coupe/117533;;;
automobile.tn;KIA Sportage GT-Line 2.0 CRDi VGT 16V Eco-Dynamics+ 4x4 185 cv Boîte auto;Kia;Sportage;2020.0;98000.0;69000.0;Hybride léger diesel;Intégrale;Tunis;11cv;;2026-07-11;2026-07-13;;https://www.automobile.tn/fr/occasion/kia/sportage/117527;;;
automobile.tn;Mercedes-Benz Classe C AMG + 200 1.5 i 16V EQ Boost 9G-TRONIC 204 cv Boîte auto;Mercedes-benz;Classe C;2023.0;220000.0;37000.0;Hybride léger essence;Traction;Tunis;9cv;;2026-07-11;2026-07-13;;https://www.automobile.tn/fr/occasion/mercedes-benz/classe-c/117326;;;
automobile.tn;Volkswagen Golf 8 GTI GTI Clubsport 2.0 TSi 16V BMT DSG7 300 cv Boîte auto;Volkswagen;Golf 8;2022.0;230000.0;38000.0;Essence;Traction;Tunis;19cv;;2026-07-11;2026-07-13;;https://www.automobile.tn/fr/occasion/volkswagen/golf-8/117325;;;
automobile.tn;Mercedes-Benz GLA AMG 180 1.3 i 16V 7G-DCT 136 cv Boîte auto;Mercedes-benz;GLA;2020.0;105000.0;139000.0;Essence;Traction;Tunis;7cv;;2026-07-11;2026-07-13;;https://www.automobile.tn/fr/occasion/mercedes-benz/gla/117324;;;
automobile.tn;Peugeot E-208 GT;Peugeot;E-208;2021.0;63000.0;40000.0;Electrique;Traction;Tunis;4cv;;2026-07-11;2026-07-13;;https://www.automobile.tn/fr/occasion/peugeot/e-208/116633;;;
automobile.tn;Volkswagen Tiguan;Volkswagen;Tiguan;2015.0;67000.0;150000.0;Essence;Traction;Tunis;9cv;;2026-07-11;2026-07-13;;https://www.automobile.tn/fr/occasion/volkswagen/tiguan/116489;;;
automobile.tn;Peugeot 308 Allure 1.2 THP Puretech 12V 110 cv;Peugeot;308;2020.0;52000.0;33000.0;Essence;Traction;Tunis;6cv;;2026-07-11;2026-07-13;;https://www.automobile.tn/fr/occasion/peugeot/308/116456;;;
automobile.tn;Hyundai i20 High Grade 1.0 T-GDI 12V GPF DCT7 100 cv Boîte auto;Hyundai;i20;2022.0;63000.0;60000.0;Essence;Traction;Tunis;5cv;;2026-07-11;2026-07-13;;https://www.automobile.tn/fr/occasion/hyundai/i20/116388;;;
automobile.tn;Audi Q3 Tech Advanced 35 TFSI S-tronic 150 cv Boîte auto;Audi;Q3;2023.0;155000.0;70000.0;Essence;Traction;Tunis;9cv;;2026-07-11;2026-07-13;;https://www.automobile.tn/fr/occasion/audi/q3/116335;;;
automobile.tn;Toyota Prado;Toyota;Prado;2005.0;79000.0;300000.0;Diesel;Traction;Tunis;11cv;;2026-07-11;2026-07-13;;https://www.automobile.tn/fr/occasion/toyota/prado/116332;;;
automobile.tn;Jeep Grand Cherokee Limited 3.7 V6 12V 4WD 214 cv Boîte auto;Jeep;Grand Cherokee;2005.0;78000.0;170000.0;Essence;Intégrale;Tunis;15cv;;2026-07-11;2026-07-13;;https://www.automobile.tn/fr/occasion/jeep/grand-cherokee/116290;;;
automobile.tn;Mercedes-Benz Classe S 350 d 3.0 d V6 24V BlueTEC 9G-TRONIC 258 cv Boîte auto;Mercedes-benz;Classe S;2014.0;250000.0;50000.0;Diesel;Traction;Tunis;15cv;;2026-07-11;2026-07-13;;https://www.automobile.tn/fr/occasion/mercedes-benz/classe-s/116181;;;
automobile.tn;GWM Haval H6 1.5 T 150cv boite auto;Gwm;Haval H6;2022.0;94500.0;80000.0;Essence;Traction;Tunis;8cv;;2026-07-11;2026-07-13;;https://www.automobile.tn/fr/occasion/great-wall/h6/116108;;;
automobile.tn;KIA Sonet QY;Kia;Sonet;2023.0;94000.0;74000.0;Essence;Traction;Tunis;6cv;;2026-07-11;2026-07-13;;https://www.automobile.tn/fr/occasion/kia/sonet/116104;;;
automobile.tn;Volkswagen Tiguan;Volkswagen;Tiguan;2021.0;149000.0;77000.0;Hybride rechargeable essence;Traction;Tunis;8cv;;2026-07-11;2026-07-13;;https://www.automobile.tn/fr/occasion/volkswagen/tiguan/115983;;;
automobile.tn;Mercedes-Benz Classe C 180 1.6 i 16V 9G-TRONIC 156 cv Boîte auto;Mercedes-benz;Classe C;2015.0;99000.0;168000.0;Essence;Propulsion;Tunis;8cv;;2026-07-11;2026-07-13;;https://www.automobile.tn/fr/occasion/mercedes-benz/classe-c/115445;;;
automobile.tn;Mercedes-Benz Classe A Berline Premium 180 1.3 Ti 16V 136 cv;Mercedes-benz;Classe A Berline;2020.0;128000.0;34000.0;Essence;Traction;Tunis;6cv;;2026-07-11;2026-07-13;;https://www.automobile.tn/fr/occasion/mercedes-benz/classe-a-berline/115442;;;
automobile.tn;Land Rover Range Rover Evoque;Land rover;Range Rover Evoque;2016.0;78000.0;175000.0;Essence;Traction;Tunis;15cv;;2026-07-11;2026-07-13;;https://www.automobile.tn/fr/occasion/land-rover/range-rover-evoque/115188;;;
automobile.tn;Porsche Macan;Porsche;Macan;2022.0;350000.0;23000.0;Essence;Traction;Tunis;17cv;;2026-07-11;2026-07-13;;https://www.automobile.tn/fr/occasion/porsche/macan/114737;;;
automobile.tn;BMW X6;Bmw;X6;2019.0;265000.0;90000.0;Diesel;Traction;Tunis;16cv;;2026-07-11;2026-07-13;;https://www.automobile.tn/fr/occasion/bmw/x6/114735;;;
automobile.tn;Audi A3 Sportback 35 1.5 TFSI 16V GPF S Tronic7 S&S 150 cv Boîte auto;Audi;A3 Sportback;2023.0;135000.0;1377.0;Essence;Traction;Tunis;8cv;;2026-07-11;2026-07-13;;https://www.automobile.tn/fr/occasion/audi/a3-sportback/114733;;;
automobile.tn;Land Rover Range Rover Sport HSE Dynamic 3.0 SDV6 24V 306 cv Boîte auto;Land rover;Range Rover Sport;2018.0;290000.0;57000.0;Diesel;Traction;Tunis;21cv;;2026-07-11;2026-07-13;;https://www.automobile.tn/fr/occasion/land-rover/range-rover-sport/114619;;;
automobile.tn;BMW Série 7 Pack Sport M 750Li 4.4 i V8 32V Steptronic-6 407 cv Boîte auto;Bmw;Série 7;2010.0;85000.0;200000.0;Essence;Traction;Tunis;32cv;;2026-07-11;2026-07-13;;https://www.automobile.tn/fr/occasion/bmw/serie-7/114460;;;
automobile.tn;Mercedes-Benz GLC Coupé AMG 200 2.0 i 16V EQ Boost 9G-TRONIC 197 cv Boîte auto;Mercedes-benz;GLC Coupé;2020.0;235000.0;79000.0;Hybride léger essence;Intégrale;Tunis;12cv;;2026-07-11;2026-07-13;;https://www.automobile.tn/fr/occasion/mercedes-benz/glc-coupe/114011;;;
automobile.tn;Mercedes-Benz Classe S Executive 350 d 3.0 d 24V 9G-TRONIC 286 cv Boîte auto;Mercedes-benz;Classe S;2018.0;259000.0;76000.0;Diesel;Traction;Tunis;17cv;;2026-07-11;2026-07-13;;https://www.automobile.tn/fr/occasion/mercedes-benz/classe-s/113891;;;
automobile.tn;Mercedes-Benz GLA Progressive 180 1.6 i 16V Turbo 7G-DCT 122 cv Boîte auto;Mercedes-benz;GLA;2015.0;88000.0;190000.0;Essence;Traction;Tunis;7cv;;2026-07-11;2026-07-13;;https://www.automobile.tn/fr/occasion/mercedes-benz/gla/113694;;;
automobile.tn;Land Rover Discovery Sport HSE 2.0 Si4 16V 4x4 5PL 240 cv Boîte auto;Land rover;Discovery Sport;2015.0;98000.0;170000.0;Essence;Intégrale;Tunis;15cv;;2026-07-11;2026-07-13;;https://www.automobile.tn/fr/occasion/land-rover/discovery-sport/113645;;;
automobile.tn;Land Rover Range Rover Evoque S D150 2.0 Td4 16V AWD 150 cv Boîte auto;Land rover;Range Rover Evoque;2020.0;179000.0;94000.0;Diesel;Intégrale;Tunis;9cv;;2026-07-11;2026-07-13;;https://www.automobile.tn/fr/occasion/land-rover/range-rover-evoque/113470;;;
automobile.tn;MG HS Trophy 2.0 220 cv Boîte auto;Mg;HS;2021.0;98000.0;35000.0;Essence;Intégrale;Tunis;15cv;;2026-07-11;2026-07-13;;https://www.automobile.tn/fr/occasion/mg/hs/113391;;;
automobile.tn;Hyundai Tucson 1.6 CRDi 16V Mild Hybrid 2WD DCT7 S&S 136 cv Boîte auto;Hyundai;Tucson;2021.0;125000.0;75000.0;Hybride léger diesel;Traction;Tunis;7cv;;2026-07-11;2026-07-13;;https://www.automobile.tn/fr/occasion/hyundai/tucson/113255;;;
automobile.tn;BMW Série 2 Gran Coupé Pack Sport M 218i 1.5 i 12V Steptronic7 140 cv Boîte auto;Bmw;Série 2 Gran Coupé;2021.0;135000.0;79000.0;Essence;Traction;Tunis;8cv;;2026-07-11;2026-07-13;;https://www.automobile.tn/fr/occasion/bmw/serie-2-gran-coupe/113182;;;
automobile.tn;Mercedes-Benz Classe A Kit AMG Pack Night 200 1.3 Ti 16V 7G-DCT 163 cv Boîte auto;Mercedes-benz;Classe A;2020.0;138000.0;48000.0;Essence;Traction;Tunis;8cv;;2026-07-11;2026-07-13;;https://www.automobile.tn/fr/occasion/mercedes-benz/classe-a/113084;;;
automobile.tn;Porsche Cayenne V6 3.6 DFI V6 24V Tiptronic S 300 cv Boîte auto;Porsche;Cayenne;2011.0;125000.0;150000.0;Essence;Traction;Tunis;21cv;;2026-07-11;2026-07-13;;https://www.automobile.tn/fr/occasion/porsche/cayenne/111638;;;
automobile.tn;Chery Tiggo 7 Pro 1.5 T CVT 147 cv Boîte auto;Chery;Tiggo 7 Pro;2022.0;79500.0;45000.0;Essence;Traction;Tunis;9cv;;2026-07-11;2026-07-13;;https://www.automobile.tn/fr/occasion/chery/tiggo-7/111371;;;
automobile.tn;Land Rover Discovery Sport HSE;Land rover;Discovery Sport;2016.0;140000.0;42000.0;Essence;Traction;Tunis;15cv;;2026-07-11;2026-07-13;;https://www.automobile.tn/fr/occasion/land-rover/discovery-sport/111342;;;
automobile.tn;Volkswagen T-roc;Volkswagen;T-roc;2020.0;79000.0;85000.0;Essence;Traction;Tunis;6cv;;2026-07-11;2026-07-13;;https://www.automobile.tn/fr/occasion/volkswagen/t-roc/110317;;;
automobile.tn;Volkswagen Polo R-Line 1.0 i 12V 75 cv;Volkswagen;Polo;2020.0;65500.0;70000.0;Essence;Traction;Tunis;4cv;;2026-07-11;2026-07-13;;https://www.automobile.tn/fr/occasion/volkswagen/polo/108804;;;
automobile.tn;Mercedes-Benz Classe S;Mercedes-benz;Classe S;2023.0;570000.0;3000.0;Hybride essence;Traction;Tunis;16cv;;2026-07-11;2026-07-13;;https://www.automobile.tn/fr/occasion/mercedes-benz/classe-s/105149;;;
automobile.tn;Toyota Hilux Double Cabine 4*4;Toyota;Hilux Double Cabine;2024.0;231000.0;3000.0;Diesel;Traction;Tunis;8cv;;2026-07-11;2026-07-13;;https://www.automobile.tn/fr/occasion/toyota/hilux/102493;;;
automobile.tn;Volkswagen Passat R-Line 1.4 TSI 16V BMT DSG7 150 cv Boîte auto;Volkswagen;Passat;2019.0;106000.0;60000.0;Essence;Traction;Tunis;8cv;;2026-07-11;2026-07-13;;https://www.automobile.tn/fr/occasion/volkswagen/passat/102353;;;
automobile.tn;BMW Série 7 Pure Excellence;Bmw;Série 7;2008.0;47000.0;220000.0;Essence;Traction;Tunis;22cv;;2026-07-11;2026-07-13;;https://www.automobile.tn/fr/occasion/bmw/serie-7/78787;;;
automobile.tn;KIA XCeed SX 1.6 CRDi 16V DCT7 ISG 136 cv Boîte auto;Kia;XCeed;2021.0;70000.0;110000.0;Diesel;Traction;Médenine;7cv;;2026-07-11;2026-07-13;;https://www.automobile.tn/fr/occasion/kia/xceed/128206;;;
automobile.tn;Nissan Juke;Nissan;Juke;2014.0;38000.0;157000.0;Essence;Traction;Tunis;7cv;;2026-07-13;2026-07-13;;https://www.automobile.tn/fr/occasion/nissan/juke/128139;;;
automobile.tn;Ssangyong Tivoli Classy 1.2 T-GDi 12V 2WD 128 cv;Ssangyong;Tivoli;2022.0;63000.0;57000.0;Essence;Traction;Sfax;6cv;;2026-07-11;2026-07-13;;https://www.automobile.tn/fr/occasion/ssangyong/tivoli/128080;;;
automobile.tn;Mercedes-Benz Classe E Avantgarde 200 1.8 CGI 16V BlueEFFICIENCY 184 cv Boîte auto;Mercedes-benz;Classe E;2012.0;62000.0;145000.0;Essence;Traction;Monastir;11cv;;2026-07-11;2026-07-13;;https://www.automobile.tn/fr/occasion/mercedes-benz/classe-e/127101;;;
automobile.tn;Land Rover Range Rover Sport;Land rover;Range Rover Sport;2025.0;425000.0;9000.0;Hybride rechargeable essence;Intégrale;Tunis;28cv;;2026-07-11;2026-07-13;;https://www.automobile.tn/fr/occasion/land-rover/range-rover-sport/128124;;;
automobile.tn;Mercedes-Benz Classe A;Mercedes-benz;Classe A;2025.0;169000.0;9000.0;Hybride rechargeable essence;Traction;Tunis;9cv;;2026-07-11;2026-07-13;;https://www.automobile.tn/fr/occasion/mercedes-benz/classe-a/128101;;;
automobile.tn;Porsche Cayenne Coupé E-Hybrid E-Hybrid 3.0 V6 24V 461 AWD 340 cv boite auto;Porsche;Cayenne Coupé;2020.0;247000.0;80000.0;Hybride rechargeable essence;Intégrale;Tunis;22cv;;2026-07-11;2026-07-13;;https://www.automobile.tn/fr/occasion/porsche/cayenne-coupe/128100;;;
automobile.tn;BMW X6 M Performance. M50d xDrive 3.0 d 24V 381 cv Boîte auto;Bmw;X6;2015.0;154000.0;170000.0;Diesel;Intégrale;Ariana;26cv;;2026-07-11;2026-07-13;;https://www.automobile.tn/fr/occasion/bmw/x6/127907;;;
automobile.tn;BMW X5 Pack M 30d xDrive 3.0 d 24V 235 cv Boîte auto;Bmw;X5;2009.0;67000.0;320000.0;Diesel;Intégrale;Ariana;15cv;;2026-07-11;2026-07-13;;https://www.automobile.tn/fr/occasion/bmw/x5/127906;;;
automobile.tn;BMW X3 30e xDrive 2.0 i 16V 292 Plug in Hybrid Steptronic8 184 cv Boîte auto;Bmw;X3;2022.0;163000.0;60000.0;Hybride rechargeable essence;Intégrale;Tunis;10cv;;2026-07-11;2026-07-13;;https://www.automobile.tn/fr/occasion/bmw/x3/127772;;;
automobile.tn;Land Rover Range Rover Velar P250 2.0 Si4 16V 4WD 250 cv Boîte auto;Land rover;Range Rover Velar;2018.0;146000.0;112000.0;Essence;Intégrale;Tunis;16cv;;2026-07-11;2026-07-13;;https://www.automobile.tn/fr/occasion/land-rover/range-rover-velar/127771;;;
automobile.tn;Jeep Wrangler Unlimited UNLIMITED 4xe 2.0 T-GDi 16V 380 Plug in Hybrid 4WD 272 cv Boîte auto;Jeep;Wrangler Unlimited;2024.0;228000.0;13000.0;Hybride rechargeable essence;Intégrale;Tunis;17cv;;2026-07-11;2026-07-13;;https://www.automobile.tn/fr/occasion/jeep/wrangler-unlimited/127770;;;
automobile.tn;Land Rover Range Rover Evoque;Land rover;Range Rover Evoque;2020.0;147000.0;71000.0;Diesel;Traction;Tunis;8cv;;2026-07-11;2026-07-13;;https://www.automobile.tn/fr/occasion/land-rover/range-rover-evoque/127768;;;
automobile.tn;Mercedes-Benz Classe C Avantgarde 180 1.6 i 16V 9G-TRONIC 156 cv Boîte auto;Mercedes-benz;Classe C;2016.0;79000.0;180000.0;Essence;Propulsion;Ariana;8cv;;2026-07-11;2026-07-13;;https://www.automobile.tn/fr/occasion/mercedes-benz/classe-c/127765;;;
automobile.tn;Peugeot 3008;Peugeot;3008;2021.0;93000.0;159000.0;Diesel;Traction;Tunis;7cv;;2026-07-11;2026-07-13;;https://www.automobile.tn/fr/occasion/peugeot/3008/127665;;;
automobile.tn;Volkswagen Golf 8;Volkswagen;Golf 8;2022.0;86000.0;84000.0;Essence;Traction;Tunis;6cv;;2026-07-11;2026-07-13;;https://www.automobile.tn/fr/occasion/volkswagen/golf-8/127661;;;
automobile.tn;KIA Sportage 1.6 GDi CVVT 16V 4x2 132 cv Boite Auto;Kia;Sportage;2017.0;58000.0;217000.0;Essence;Traction;Ariana;8cv;;2026-07-11;2026-07-13;;https://www.automobile.tn/fr/occasion/kia/sportage/127511;;;
automobile.tn;Mercedes-Benz Classe C AMG 180 1.5 i 16V EQ Boost 9G-TRONIC 170 cv Boîte auto;Mercedes-benz;Classe C;2022.0;158000.0;33000.0;Hybride léger essence;Propulsion;Ariana;9cv;;2026-07-11;2026-07-13;;https://www.automobile.tn/fr/occasion/mercedes-benz/classe-c/127510;;;
automobile.tn;Toyota C-HR 1.2 T 16V 2WD CVT 116 cv Boîte auto;Toyota;C-HR;2017.0;48000.0;210000.0;Essence;Traction;Ariana;6cv;;2026-07-11;2026-07-13;;https://www.automobile.tn/fr/occasion/toyota/c-hr/127509;;;
automobile.tn;Ford Ecosport Titanium 1.0 SCTi EcoBoost 12V S&S 125 cv;Ford;Ecosport;2022.0;58000.0;36000.0;Essence;Traction;Ariana;7cv;;2026-07-11;2026-07-13;;https://www.automobile.tn/fr/occasion/ford/ecosport/127508;;;
automobile.tn;BMW X6 M.Performance M50d xDrive 3.0 d 24V 381 cv Boîte auto;Bmw;X6;2015.0;154000.0;17000.0;Diesel;Intégrale;Ariana;26cv;;2026-07-11;2026-07-13;;https://www.automobile.tn/fr/occasion/bmw/x6/127507;;;
automobile.tn;Land Rover Range Rover Evoque Prestige 2.0 Si4 16V 4WD BVA6 241 cv Boîte auto;Land rover;Range Rover Evoque;2014.0;68000.0;165000.0;Essence;Intégrale;Ariana;15cv;;2026-07-11;2026-07-13;;https://www.automobile.tn/fr/occasion/land-rover/range-rover-evoque/127506;;;
automobile.tn;Mercedes-Benz Classe A 250 e 1.3 Ti 16V 218 EQ Power 8G-DCT 163 cv Boîte auto;Mercedes-benz;Classe A;2024.0;124000.0;41000.0;Hybride rechargeable essence;Traction;Tunis;7cv;;2026-07-11;2026-07-13;;https://www.automobile.tn/fr/occasion/mercedes-benz/classe-a/127402;;;
automobile.tn;BMW Série 5 520e 2.0 i 16V 204 Plug in Hybrid Steptronic8 163 cv Boîte auto;Bmw;Série 5;2022.0;139000.0;49000.0;Hybride rechargeable essence;Propulsion;Tunis;10cv;;2026-07-11;2026-07-13;;https://www.automobile.tn/fr/occasion/bmw/serie-5/127401;;;
automobile.tn;BMW Série 5 Pack M 520d xDrive 2.0 d 16V Mild Hybrid Steptronic8 190 cv Boîte auto;Bmw;Série 5;2024.0;295000.0;17000.0;Hybride léger diesel;Intégrale;Tunis;11cv;;2026-07-11;2026-07-13;;https://www.automobile.tn/fr/occasion/bmw/serie-5/127126;;;
automobile.tn;BMW Série 6 Gran Coupé;Bmw;Série 6 Gran Coupé;2014.0;158000.0;110000.0;Diesel;Intégrale;Tunis;20cv;;2026-07-11;2026-07-13;;https://www.automobile.tn/fr/occasion/bmw/serie-6-gran-coupe/127123;;;
automobile.tn;Mercedes-Benz Classe A 250 e 1.3 Ti 16V 218 EQ Power 8G-DCT 163 cv Boîte auto;Mercedes-benz;Classe A;2024.0;129000.0;34000.0;Hybride rechargeable essence;Traction;Tunis;7cv;;2026-07-11;2026-07-13;;https://www.automobile.tn/fr/occasion/mercedes-benz/classe-a/127122;;;
automobile.tn;Mercedes-Benz Classe E coupé AMG 200 2.0 i 16V EQ boost 9G-TRONIC 197 cv Boîte auto;Mercedes-benz;Classe E coupé;2018.0;129000.0;90000.0;Hybride léger essence;Propulsion;Tunis;10cv;;2026-07-11;2026-07-13;;https://www.automobile.tn/fr/occasion/mercedes-benz/classe-e-coupe/126667;;;
automobile.tn;Land Rover Range Rover Evoque R-Dynamic D180 2.0 Td4 16V AWD 180 cv Boîte auto;Land rover;Range Rover Evoque;2020.0;139000.0;100000.0;Diesel;Intégrale;Ariana;8cv;;2026-07-11;2026-07-13;;https://www.automobile.tn/fr/occasion/land-rover/range-rover-evoque/126006;;;
automobile.tn;BMW X5 PACK M Diesel XDrive 30d 30d xDrive 3.0 d 24V Steptronic8 249 cv Boîte auto;Bmw;X5;2020.0;174000.0;110000.0;Diesel;Intégrale;Tunis;17cv;;2026-07-11;2026-07-13;;https://www.automobile.tn/fr/occasion/bmw/x5/125479;;;
automobile.tn;BMW X5 Diesel XDrive 25d 7 Place;Bmw;X5;2015.0;108000.0;126000.0;Diesel;Intégrale;Tunis;13cv;;2026-07-11;2026-07-13;;https://www.automobile.tn/fr/occasion/bmw/x5/125478;;;
automobile.tn;BMW Série 1 Pack M 118i 1.5 i 12V DCT7 140 cv Boîte Auto;Bmw;Série 1;2020.0;85000.0;124000.0;Essence;Traction;Tunis;8cv;;2026-07-11;2026-07-13;;https://www.automobile.tn/fr/occasion/bmw/serie-1-5p/123188;;;
automobile.tn;Mercedes-Benz Classe A Berline AMG 250 e 1.3 Ti 16V 163 EQ Power 8G-DCT 218 cv Boîte auto;Mercedes-benz;Classe A Berline;2024.0;139000.0;24000.0;Hybride rechargeable essence;Traction;Tunis;8cv;;2026-07-11;2026-07-13;;https://www.automobile.tn/fr/occasion/mercedes-benz/classe-a-berline/119912;;;
automobile.tn;Hyundai Grand i10 High Grade 1.2 83cv boite auto;Hyundai;Grand i10;2023.0;49000.0;78000.0;Essence;Traction;Tunis;5cv;;2026-07-11;2026-07-13;;https://www.automobile.tn/fr/occasion/hyundai/grand-i10/127192;;;
automobile.tn;Renault Clio 1.0 L TCe 100 100 cv;Renault;Clio;2025.0;59500.0;18000.0;Essence;Traction;Tunis;6cv;;2026-07-11;2026-07-13;;https://www.automobile.tn/fr/occasion/renault/clio/126703;;;
automobile.tn;Volkswagen Golf 7;Volkswagen;Golf 7;2018.0;72000.0;170000.0;Diesel;Traction;Tunis;6cv;;2026-07-11;2026-07-13;;https://www.automobile.tn/fr/occasion/volkswagen/golf-7/121251;;;
automobile.tn;Skoda Kushaq Style 1.0 TSI 116 cv boite auto;Skoda;Kushaq;2024.0;84800.0;29000.0;Essence;Traction;Tunis;7cv;;2026-07-11;2026-07-13;;https://www.automobile.tn/fr/occasion/skoda/kushaq/128222;;;
automobile.tn;BMW Série 3 320i xDrive 2.0 16V 184 cv Boîte auto;Bmw;Série 3;2015.0;69000.0;100000.0;Essence;Intégrale;Tunis;11cv;;2026-07-11;2026-07-13;;https://www.automobile.tn/fr/occasion/bmw/serie-3/123542;;;
automobile.tn;Toyota Corolla Business 1.2 T 16V CVT 116 cv Boîte auto;Toyota;Corolla;2021.0;68000.0;104000.0;Essence;Traction;Tunis;6cv;;2026-07-11;2026-07-13;;https://www.automobile.tn/fr/occasion/toyota/corolla-5p/127193;;;
automobile.tn;Hyundai Grand i10 GLS 1.2 83cv;Hyundai;Grand i10;2023.0;43000.0;82000.0;Essence;Traction;Tunis;5cv;;2026-07-11;2026-07-13;;https://www.automobile.tn/fr/occasion/hyundai/grand-i10/126521;;;
automobile.tn;Volkswagen Golf 7 Style Plus 1.2 TSI 16V DSG7 110 cv Boîte auto;Volkswagen;Golf 7;2020.0;67000.0;132000.0;Essence;Traction;Tunis;6cv;;2026-07-11;2026-07-13;;https://www.automobile.tn/fr/occasion/volkswagen/golf-7/119033;;;
automobile.tn;Toyota Corolla Dynamic 1.2 T 16V CVT 116 cv Boîte auto;Toyota;Corolla;2021.0;65000.0;84000.0;Essence;Traction;Tunis;6cv;;2026-07-11;2026-07-13;;https://www.automobile.tn/fr/occasion/toyota/corolla-5p/123945;;;
automobile.tn;Cupra Formentor VZ e-hybrid 1.4 TSI 16V GPF 245 Plug n Hybrid DSG6 150 cv Boîte auto;Cupra;Formentor;2022.0;100000.0;51000.0;Hybride rechargeable essence;Traction;Ben Arous;8cv;;2026-07-11;2026-07-13;;https://www.automobile.tn/fr/occasion/cupra/formentor/128173;;;
automobile.tn;Volkswagen Golf 6 Confortline 1.6 TDI 16V FAP Blue Motion DSG7 105 cv Boîte Auto;Volkswagen;Golf 6;2012.0;36500.0;189000.0;Diesel;Intégrale;Nabeul;5cv;;2026-07-11;2026-07-13;;https://www.automobile.tn/fr/occasion/volkswagen/golf-6/128221;;;
automobile.tn;Volkswagen Golf 8 Style 1.4 eHybrid OPF 204ch DSG6 Boite Auto;Volkswagen;Golf 8;2022.0;92900.0;79000.0;Hybride rechargeable essence;Traction;Tunis;6cv;;2026-07-11;2026-07-13;;https://www.automobile.tn/fr/occasion/volkswagen/golf-8/128150;;;
automobile.tn;Volkswagen Golf 8 GTE 1.4 TSi 16V 245 Plug in Hybrid DSG6 150 cv Boîte auto;Volkswagen;Golf 8;2022.0;97000.0;93000.0;Hybride rechargeable essence;Traction;Tunis;8cv;;2026-07-11;2026-07-13;;https://www.automobile.tn/fr/occasion/volkswagen/golf-8/128183;;;
automobile.tn;Volkswagen Tiguan Highline 2.0 TFSi 16V 4Motion 200 cv;Volkswagen;Tiguan;2011.0;41500.0;240000.0;Essence;Intégrale;Ariana;11cv;;2026-07-11;2026-07-13;;https://www.automobile.tn/fr/occasion/volkswagen/tiguan/128200;;;
automobile.tn;Mercedes-Benz CLA AMG 250 e 1.3 i 16V GPF 218 PHEV 160 cv Boîte auto;Mercedes-benz;CLA;2022.0;130000.0;50000.0;Hybride rechargeable essence;Traction;Ariana;8cv;;2026-07-11;2026-07-13;;https://www.automobile.tn/fr/occasion/mercedes-benz/cla/127958;;;
automobile.tn;Hyundai Tucson N Line 1.6 TGDi 16V 265 Plug in Hybrid 4WD 179 cv Boîte auto;Hyundai;Tucson;2024.0;132000.0;12000.0;Hybride rechargeable essence;Intégrale;Ariana;9cv;;2026-07-11;2026-07-13;;https://www.automobile.tn/fr/occasion/hyundai/tucson/128219;;;
automobile.tn;Mercedes-Benz ML ML 350 3.0 CDI V6 4MATIC Break 24V 231 cv Boîte auto;Mercedes-benz;ML;2010.0;60000.0;190000.0;Diesel;Intégrale;Tunis;15cv;;2026-07-11;2026-07-13;;https://www.automobile.tn/fr/occasion/mercedes-benz/ml/122277;;;
automobile.tn;Toyota Agya Populaire 1.0 L 65 cv;Toyota;Agya;2022.0;38500.0;26000.0;Essence;Traction;Bizerte;4cv;;2026-07-11;2026-07-13;;https://www.automobile.tn/fr/occasion/toyota/agya/127594;;;
automobile.tn;Toyota C-HR 1.2 L 116 cv Boîte auto;Toyota;C-HR;2023.0;88000.0;63800.0;Essence;Traction;Bizerte;6cv;;2026-07-11;2026-07-13;;https://www.automobile.tn/fr/occasion/toyota/c-hr/126875;;;
automobile.tn;Toyota C-HR 1.2 L 116 cv Boîte auto;Toyota;C-HR;2022.0;88000.0;52000.0;Essence;Traction;Bizerte;6cv;;2026-07-11;2026-07-13;;https://www.automobile.tn/fr/occasion/toyota/c-hr/125214;;;
automobile.tn;MG HS Luxury 1.5 162 cv Boîte auto;Mg;HS;2020.0;65500.0;123000.0;Essence;Traction;Bizerte;10cv;;2026-07-11;2026-07-13;;https://www.automobile.tn/fr/occasion/mg/hs/128202;;;
automobile.tn;Peugeot Partner 650 Kg 1.6 L HDI 90ch 90 cv;Peugeot;Partner;2023.0;51000.0;73945.0;Diesel;Traction;Ben Arous;5cv;;2026-07-11;2026-07-13;;https://www.automobile.tn/fr/occasion/peugeot/partner/128218;;;
automobile.tn;Mercedes-Benz Classe C AMG 180 1.5 i 16V EQ Boost 9G-TRONIC 170 cv Boîte auto;Mercedes-benz;Classe C;2022.0;145000.0;105000.0;Hybride léger essence;Propulsion;Tunis;9cv;;2026-07-11;2026-07-13;;https://www.automobile.tn/fr/occasion/mercedes-benz/classe-c/123472;;;
automobile.tn;Suzuki Celerio GL 1.0 L GL 68 cv Boîte auto;Suzuki;Celerio;2022.0;39800.0;72000.0;Essence;Traction;Tunis;4cv;;2026-07-11;2026-07-13;;https://www.automobile.tn/fr/occasion/suzuki/celerio/125113;;;
automobile.tn;Audi A4 Design 1.4 TFSi 16V S-Tronic7 150 cv Boîte auto;Audi;A4;2016.0;65000.0;220000.0;Essence;Traction;Tunis;8cv;;2026-07-11;2026-07-13;;https://www.automobile.tn/fr/occasion/audi/a4/120689;;;
automobile.tn;Suzuki Ciaz GLX 1.5 L 105 cv Boîte auto;Suzuki;Ciaz;2020.0;45000.0;112000.0;Essence;Traction;Tunis;6cv;;2026-07-11;2026-07-13;;https://www.automobile.tn/fr/occasion/suzuki/ciaz/120327;;;
automobile.tn;Mercedes-Benz GLA;Mercedes-benz;GLA;2022.0;132000.0;66000.0;Hybride rechargeable essence;Traction;Tunis;8cv;;2026-07-11;2026-07-13;;https://www.automobile.tn/fr/occasion/mercedes-benz/gla/128102;;;
automobile.tn;Jeep Renegade Limited 1.4 L 4x2 140 cv Boîte auto;Jeep;Renegade;2017.0;53500.0;132000.0;Essence;Traction;Nabeul;8cv;;2026-07-11;2026-07-13;;https://www.automobile.tn/fr/occasion/jeep/renegade/127015;;;
automobile.tn;BMW X5 Pack M 25d xDrive 2.0 d 16V 231 cv Boîte auto;Bmw;X5;2015.0;100000.0;190000.0;Diesel;Intégrale;Nabeul;13cv;;2026-07-11;2026-07-13;;https://www.automobile.tn/fr/occasion/bmw/x5/128216;;;
automobile.tn;Peugeot 2008 Allure PM + Toit 1.2 VTi 12V 82 cv;Peugeot;2008;2016.0;42000.0;87645.0;Essence;Traction;Ariana;5cv;;2026-07-10;2026-07-13;;https://www.automobile.tn/fr/occasion/peugeot/2008/128055;;;
automobile.tn;Ford Mondeo Trend 1.6 Ti VCT 16V 120 cv;Ford;Mondeo;2015.0;231000.0;200000.0;Essence;Traction;Nabeul;8cv;;2026-07-10;2026-07-13;;https://www.automobile.tn/fr/occasion/ford/mondeo/128212;;;
automobile.tn;Volkswagen Golf 7 Lounge 1.2 TSI 16V Blue Motion S&S 86 cv;Volkswagen;Golf 7;2016.0;56000.0;160000.0;Essence;Traction;Sousse;5cv;;2026-07-10;2026-07-13;;https://www.automobile.tn/fr/occasion/volkswagen/golf-7/127669;;;
automobile.tn;KIA Rio 5p SX 1.2 i-CVVT 16V 84 cv;Kia;Rio 5p;2020.0;43500.0;130000.0;Essence;Traction;Sousse;5cv;;2026-07-10;2026-07-13;;https://www.automobile.tn/fr/occasion/kia/rio-5p/127722;;;
automobile.tn;Mercedes-Benz Classe C Avantgarde 180 1.6 i 16V 9G-TRONIC 156 cv Boîte auto;Mercedes-benz;Classe C;2016.0;90000.0;98000.0;Essence;Propulsion;Sfax;8cv;;2026-07-10;2026-07-13;;https://www.automobile.tn/fr/occasion/mercedes-benz/classe-c/128209;;;
automobile.tn;Volvo XC40 Ultimate Dark + B3 2.0 16V Mild-Hybrid DKG7 163 cv Boîte auto;Volvo;XC40;2024.0;183000.0;15700.0;Hybride léger essence;Traction;Tunis;9cv;;2026-07-10;2026-07-13;;https://www.automobile.tn/fr/occasion/volvo/xc40/128208;;;
automobile.tn;Volkswagen Golf 6 Team 1.4 i 16V 80 cv;Volkswagen;Golf 6;2011.0;36000.0;265000.0;Essence;Traction;Ariana;5cv;;2026-07-10;2026-07-13;;https://www.automobile.tn/fr/occasion/volkswagen/golf-6/127252;;;
automobile.tn;Citroën C4 Feel 1.2 THP PureTech 12V S&S 110 cv;Citroën;C4;2016.0;30000.0;190000.0;Essence;Traction;Sousse;6cv;;2026-07-10;2026-07-13;;https://www.automobile.tn/fr/occasion/citroen/c4/123607;;;
automobile.tn;Mercedes-Benz Classe A Berline Progressive 180 1.3 Ti 16V 7G-DCT 136 cv Boîte auto;Mercedes-benz;Classe A Berline;2022.0;97000.0;85000.0;Essence;Traction;Ariana;7cv;;2026-07-10;2026-07-13;;https://www.automobile.tn/fr/occasion/mercedes-benz/classe-a-berline/127071;;;
automobile.tn;Volkswagen Passat Trendline 1.4 TSI 16V 125 cv;Volkswagen;Passat;2016.0;61000.0;260000.0;Essence;Traction;Nabeul;7cv;;2026-07-10;2026-07-13;;https://www.automobile.tn/fr/occasion/volkswagen/passat/127886;;;
automobile.tn;Hyundai Grand i10 GLS 1.2 87cv;Hyundai;Grand i10;2015.0;27800.0;253000.0;Essence;Traction;Sousse;5cv;;2026-07-10;2026-07-13;;https://www.automobile.tn/fr/occasion/hyundai/grand-i10/128207;;;
automobile.tn;Hyundai i20 High Grade 1.2 i 16V 84 cv;Hyundai;i20;2022.0;55000.0;36600.0;Essence;Traction;Mahdia;5cv;;2026-07-10;2026-07-13;;https://www.automobile.tn/fr/occasion/hyundai/i20/128153;;;
automobile.tn;KIA XCeed SX 1.5 T-GDI 16V GPF DCT7 ISG 159 cv Boîte auto;Kia;XCeed;2023.0;99494.0;50000.0;Essence;Traction;Tunis;9cv;;2026-07-10;2026-07-13;;https://www.automobile.tn/fr/occasion/kia/xceed/126736;;;
automobile.tn;Peugeot 308 Active 1.2 VTi 12V 82 cv;Peugeot;308;2015.0;33500.0;170000.0;Essence;Traction;Ben Arous;5cv;;2026-07-10;2026-07-13;;https://www.automobile.tn/fr/occasion/peugeot/308/127700;;;
automobile.tn;Nissan Qashqai High 1.2 DIG-T 16V 2WD Xtronic CVT S&S 115 cv Boîte auto;Nissan;Qashqai;2020.0;60000.0;94000.0;Essence;Traction;Ben Arous;6cv;;2026-07-10;2026-07-13;;https://www.automobile.tn/fr/occasion/nissan/qashqai/128204;;;
automobile.tn;Mercedes-Benz Classe A;Mercedes-benz;Classe A;2025.0;150000.0;11817.0;Hybride léger essence;Intégrale;Sfax;9cv;;2026-07-10;2026-07-13;;https://www.automobile.tn/fr/occasion/mercedes-benz/classe-a/127590;;;
automobile.tn;Volkswagen Tayron R-Line 1.5 TSI 16V 272 eHybrid DSG6 177 cv Boîte auto;Volkswagen;Tayron;2026.0;210000.0;2946.0;Hybride rechargeable essence;Traction;Sfax;9cv;;2026-07-10;2026-07-13;;https://www.automobile.tn/fr/occasion/volkswagen/tayron/127589;;;
automobile.tn;Audi Q8;Audi;Q8;2024.0;330000.0;45008.0;Hybride rechargeable essence;Intégrale;Sfax;22cv;;2026-07-10;2026-07-13;;https://www.automobile.tn/fr/occasion/audi/q8/127588;;;
automobile.tn;Mercedes-Benz GLE 350 e 2.0 Ti 16V 333 EQ Power 4MATIC 9G-TRONIC 211 cv Boîte auto;Mercedes-benz;GLE;2022.0;270000.0;90693.0;Hybride rechargeable essence;Intégrale;Sfax;12cv;;2026-07-10;2026-07-13;;https://www.automobile.tn/fr/occasion/mercedes-benz/gle/127201;;;
automobile.tn;Mercedes-Benz Classe E KIT AMG 200 2.0 i 16V 9G-TRONIC 184 cv Boîte auto;Mercedes-benz;Classe E;2016.0;115000.0;190083.0;Essence;Propulsion;Sfax;10cv;;2026-07-10;2026-07-13;;https://www.automobile.tn/fr/occasion/mercedes-benz/classe-e/126444;;;
automobile.tn;Audi Q2;Audi;Q2;2020.0;85000.0;65158.0;Essence;Traction;Sfax;6cv;;2026-07-10;2026-07-13;;https://www.automobile.tn/fr/occasion/audi/q2/126170;;;
automobile.tn;Mercedes-Benz Classe A A200 AMG 200 1.3 Ti 16V EQ Boost 7G-DCT 163 cv Boîte auto;Mercedes-benz;Classe A;2024.0;145000.0;34619.0;Hybride léger essence;Intégrale;Sfax;9cv;;2026-07-10;2026-07-13;;https://www.automobile.tn/fr/occasion/mercedes-benz/classe-a/126168;;;
automobile.tn;Chery Tiggo 8 Pro 1.6 T-GDI 7-DCT 197 cv Boîte auto;Chery;Tiggo 8 Pro;2021.0;80000.0;95654.0;Essence;Traction;Sfax;11cv;;2026-07-10;2026-07-13;;https://www.automobile.tn/fr/occasion/chery/tiggo-8-pro/126165;;;
automobile.tn;KIA Sportage;Kia;Sportage;2022.0;89000.0;204051.0;Hybride léger essence;Intégrale;Sfax;10cv;;2026-07-10;2026-07-13;;https://www.automobile.tn/fr/occasion/kia/sportage/125149;;;
automobile.tn;Mercedes-Benz GLC Coupé 300 e 2.0 i 16V 313 EQ Power 4MATIC 9G-TRONIC 204 cv Boîte auto;Mercedes-benz;GLC Coupé;2024.0;285000.0;47355.0;Hybride rechargeable essence;Intégrale;Sfax;11cv;;2026-07-10;2026-07-13;;https://www.automobile.tn/fr/occasion/mercedes-benz/glc-coupe/125053;;;
automobile.tn;Audi A3 Sportback S-Line 35 1.5 TFSI 16V GPF S&S 150 cv;Audi;A3 Sportback;2021.0;95000.0;105040.0;Essence;Traction;Sfax;8cv;;2026-07-10;2026-07-13;;https://www.automobile.tn/fr/occasion/audi/a3-sportback/125051;;;
automobile.tn;Hyundai Tucson N Line 1.6 TGDi 16V 265 Plug in Hybrid 4WD 179 cv Boîte auto;Hyundai;Tucson;2022.0;130000.0;109804.0;Hybride rechargeable essence;Intégrale;Sfax;10cv;;2026-07-10;2026-07-13;;https://www.automobile.tn/fr/occasion/hyundai/tucson/124075;;;
automobile.tn;KIA Rio 5p;Kia;Rio 5p;2021.0;69000.0;42864.0;Essence;Traction;Sfax;5cv;;2026-07-10;2026-07-13;;https://www.automobile.tn/fr/occasion/kia/rio-5p/124072;;;
automobile.tn;KIA Niro Hybride 1.6 GDi 16V 141 Plug in Hybrid DCT6 105 cv Boîte auto;Kia;Niro Hybride;2020.0;75000.0;105573.0;Hybride rechargeable essence;Traction;Sfax;5cv;;2026-07-10;2026-07-13;;https://www.automobile.tn/fr/occasion/kia/niro/123038;;;
automobile.tn;Mercedes-Benz Classe E coupé E250 CDI KITT AMG 250 CDi 2.1 CDI 16V 7G-TRONIC 204 cv Boîte auto;Mercedes-benz;Classe E coupé;2015.0;125000.0;88280.0;Diesel;Traction;Sfax;11cv;;2026-07-10;2026-07-13;;https://www.automobile.tn/fr/occasion/mercedes-benz/classe-e-coupe/122059;;;
automobile.tn;KIA Sportage 1.6 CRDi 136ch MHEV 4x2 DCT7;Kia;Sportage;2019.0;118000.0;70320.0;Hybride léger diesel;Traction;Sfax;11cv;;2026-07-10;2026-07-13;;https://www.automobile.tn/fr/occasion/kia/sportage/121665;;;
automobile.tn;Audi Q5 50 2.0 TFSI e 16V GPF 299 Hybrid Quattro S Tronic7 265 cv Boîte auto;Audi;Q5;2021.0;190000.0;57974.0;Hybride rechargeable essence;Intégrale;Sfax;16cv;;2026-07-10;2026-07-13;;https://www.automobile.tn/fr/occasion/audi/q5/118779;;;
automobile.tn;Skoda Kamiq;Skoda;Kamiq;2020.0;84000.0;79662.0;Essence;Traction;Sfax;6cv;;2026-07-10;2026-07-13;;https://www.automobile.tn/fr/occasion/skoda/kamiq/118155;;;
automobile.tn;Nissan Qashqai e-Power 1.5 DIG-T 12V 190 Hybrid 2WD XTronic S&S 158 cv Boîte auto;Nissan;Qashqai;2025.0;145000.0;7032.0;Hybride essence;Intégrale;Sfax;8cv;;2026-07-10;2026-07-13;;https://www.automobile.tn/fr/occasion/nissan/qashqai/116063;;;
automobile.tn;Peugeot 3008 Premium Blanc nacré 1.2 THP Puretech 12V GPF EAT8 S&S 130 cv Boîte auto;Peugeot;3008;2020.0;62000.0;115000.0;Essence;Traction;Ariana;7cv;;2026-07-10;2026-07-13;;https://www.automobile.tn/fr/occasion/peugeot/3008/128203;;;
automobile.tn;Mercedes-Benz GLC 63 AMG SE Performance 2.0 i 16V 680 EQ Power 4MATIC 9G-TRONIC 476 cv Boîte auto;Mercedes-benz;GLC;2023.0;440000.0;13841.0;Hybride rechargeable essence;Intégrale;Sfax;37cv;;2026-07-10;2026-07-13;;https://www.automobile.tn/fr/occasion/mercedes-benz/glc/127204;;;
automobile.tn;Mercedes-Benz GLE Coupé 53 AMG 3.0 Ti 24V 544 EQ Power 4MATIC+ 9G-TRONIC 449 cv Boîte auto;Mercedes-benz;GLE Coupé;2024.0;450000.0;47150.0;Hybride rechargeable essence;Intégrale;Sfax;34cv;;2026-07-10;2026-07-13;;https://www.automobile.tn/fr/occasion/mercedes-benz/gle-coupe/126167;;;
automobile.tn;Porsche Cayenne Coupé E-Hybrid E-Hybrid 3.0 V6 24V 461 AWD 340 cv boite auto;Porsche;Cayenne Coupé;2023.0;380000.0;37482.0;Hybride rechargeable essence;Intégrale;Sfax;22cv;;2026-07-10;2026-07-13;;https://www.automobile.tn/fr/occasion/porsche/cayenne-coupe/127726;;;
automobile.tn;KIA Rio 5p SX 1.2 i-CVVT 16V 84 cv;Kia;Rio 5p;2020.0;48000.0;143000.0;Essence;Traction;Tunis;5cv;;2026-07-10;2026-07-13;;https://www.automobile.tn/fr/occasion/kia/rio-5p/128201;;;
automobile.tn;Seat Arona Référence 1.6 L 110 cv;Seat;Arona;2021.0;55000.0;44200.0;Essence;Traction;Tunis;6cv;;2026-07-10;2026-07-13;;https://www.automobile.tn/fr/occasion/seat/arona/128021;;;
automobile.tn;Fiat Fiorino 1.3 MJTD 16V Fourgon 75 cv;Fiat;Fiorino;2023.0;40000.0;42800.0;Diesel;Traction;Tunis;5cv;;2026-07-10;2026-07-13;;https://www.automobile.tn/fr/occasion/fiat/fiorino/127991;;;
automobile.tn;Fiat Doblo Combi Maxi 1.3 MJTD 16V Combi court S&S 90 cv;Fiat;Doblo Combi;2023.0;38000.0;87700.0;Diesel;Traction;Tunis;5cv;;2026-07-10;2026-07-13;;https://www.automobile.tn/fr/occasion/fiat/doblo-combi/127990;;;
automobile.tn;Fiat 500 Lounge 1.2 L 69 cv Boîte auto;Fiat;500;2021.0;47500.0;65500.0;Essence;Traction;Ariana;4cv;;2026-07-10;2026-07-13;;https://www.automobile.tn/fr/occasion/fiat/500/127960;;;
automobile.tn;Nissan Qashqai High 1.2 DIG-T 16V 2WD Xtronic CVT S&S 115 cv Boîte auto;Nissan;Qashqai;2019.0;52000.0;126000.0;Essence;Traction;Tunis;6cv;;2026-07-10;2026-07-13;;https://www.automobile.tn/fr/occasion/nissan/qashqai/127921;;;
automobile.tn;Chery Tiggo 7 Pro 1.5 T CVT 147 cv Boîte auto;Chery;Tiggo 7 Pro;2022.0;66000.0;60000.0;Essence;Traction;Tunis;9cv;;2026-07-10;2026-07-13;;https://www.automobile.tn/fr/occasion/chery/tiggo-7/127919;;;
automobile.tn;Honda City LX 1.5 L CVT 120 cv Boîte auto;Honda;City;2024.0;63000.0;39000.0;Essence;Traction;Ariana;6cv;;2026-07-10;2026-07-13;;https://www.automobile.tn/fr/occasion/honda/city/127735;;;
automobile.tn;Ssangyong Tivoli Classy 1.2 T-GDi 12V 2WD 128 cv;Ssangyong;Tivoli;2020.0;53000.0;90000.0;Essence;Traction;Tunis;6cv;;2026-07-10;2026-07-13;;https://www.automobile.tn/fr/occasion/ssangyong/tivoli/127688;;;
automobile.tn;Mercedes-Benz Classe E AMG 180 1.5 Ti 16V 9G-TRONIC 156 cv Boîte auto;Mercedes-benz;Classe E;2022.0;135000.0;77000.0;Essence;Propulsion;Tunis;9cv;;2026-07-10;2026-07-13;;https://www.automobile.tn/fr/occasion/mercedes-benz/classe-e/127675;;;
automobile.tn;Chery Tiggo 3 Confort 1.6 L 126 cv;Chery;Tiggo 3;2019.0;39000.0;96000.0;Essence;Traction;Tunis;8cv;;2026-07-10;2026-07-13;;https://www.automobile.tn/fr/occasion/chery/tiggo-3/127671;;;
automobile.tn;Skoda Octavia Ambition;Skoda;Octavia;2022.0;75000.0;50900.0;Essence;Traction;Ariana;8cv;;2026-07-10;2026-07-13;;https://www.automobile.tn/fr/occasion/skoda/octavia/127624;;;
automobile.tn;MG HS Luxury 1.5 162 cv Boîte auto;Mg;HS;2021.0;76000.0;122000.0;Essence;Traction;Tunis;10cv;;2026-07-10;2026-07-13;;https://www.automobile.tn/fr/occasion/mg/hs/127541;;;
automobile.tn;Renault Captur 0.9 TCe 12V eco2 S&S 90 cv;Renault;Captur;2020.0;53500.0;51000.0;Essence;Traction;Tunis;5cv;;2026-07-10;2026-07-13;;https://www.automobile.tn/fr/occasion/renault/captur/127466;;;
automobile.tn;GWM Haval H6 Luxury 1.5 T 143cv boite auto;Gwm;Haval H6;2018.0;48500.0;76000.0;Essence;Traction;Tunis;9cv;;2026-07-10;2026-07-13;;https://www.automobile.tn/fr/occasion/great-wall/h6/127460;;;
automobile.tn;Fiat 500X Pop Star 1.4 MultiAir 16V 4x2 DCT 140 cv Boîte auto;Fiat;500X;2018.0;44000.0;61000.0;Essence;Traction;Ariana;7cv;;2026-07-10;2026-07-13;;https://www.automobile.tn/fr/occasion/fiat/500x/127303;;;
automobile.tn;MG HS Trophy 2.0 220 cv Boîte auto;Mg;HS;2021.0;75000.0;35000.0;Essence;Intégrale;Ariana;15cv;;2026-07-10;2026-07-13;;https://www.automobile.tn/fr/occasion/mg/hs/127301;;;
automobile.tn;BMW X1 Business Line 18i sDrive 1.5 i 12V Steptronic 136 cv Boîte auto;Bmw;X1;2019.0;84500.0;84500.0;Essence;Traction;Tunis;7cv;;2026-07-10;2026-07-13;;https://www.automobile.tn/fr/occasion/bmw/x1/127235;;;
automobile.tn;Seat Leon FR 1.4 TSI 150 cv Boîte auto;Seat;Leon;2024.0;105000.0;43000.0;Essence;Traction;Tunis;8cv;;2026-07-10;2026-07-13;;https://www.automobile.tn/fr/occasion/seat/leon/127175;;;
automobile.tn;Hyundai Tucson Top Grade 1.6 l T-GDI 7-DCT 4WD 180 cv Boîte auto;Hyundai;Tucson;2021.0;83500.0;124500.0;Essence;Intégrale;Ariana;10cv;;2026-07-10;2026-07-13;;https://www.automobile.tn/fr/occasion/hyundai/tucson/127136;;;
automobile.tn;BMW Série 4 Coupé Pack M Sport 420i 2.0 i 16V Steptronic8 184 cv Boîte auto;Bmw;Série 4 Coupé;2021.0;169000.0;16700.0;Essence;Propulsion;Ariana;10cv;;2026-07-10;2026-07-13;;https://www.automobile.tn/fr/occasion/bmw/serie-4-coupe/127016;;;
automobile.tn;Honda Jazz;Honda;Jazz;2024.0;66500.0;78000.0;Hybride essence;Traction;Tunis;5cv;;2026-07-10;2026-07-13;;https://www.automobile.tn/fr/occasion/honda/jazz/126993;;;
automobile.tn;Ford Ecosport Titanium 1.0 SCTi EcoBoost 12V S&S 125 cv Boîte auto;Ford;Ecosport;2020.0;57500.0;90000.0;Essence;Traction;Ariana;7cv;;2026-07-10;2026-07-13;;https://www.automobile.tn/fr/occasion/ford/ecosport/126810;;;
automobile.tn;GWM Haval Jolion 1.5 T 143 cv Boîte auto;Gwm;Haval Jolion;2021.0;69000.0;108000.0;Essence;Traction;Ariana;9cv;;2026-07-10;2026-07-13;;https://www.automobile.tn/fr/occasion/great-wall/jolion/126690;;;
automobile.tn;Fiat 500 Pop 1.2 MPi 8V 69 cv;Fiat;500;2018.0;35000.0;79500.0;Essence;Traction;Ariana;4cv;;2026-07-10;2026-07-13;;https://www.automobile.tn/fr/occasion/fiat/500/126568;;;
automobile.tn;Hyundai Tucson High Grade 1.6 l T-GDI 7-DCT 4WD 180 cv Boîte auto;Hyundai;Tucson;2022.0;99500.0;39500.0;Essence;Intégrale;Ariana;10cv;;2026-07-10;2026-07-13;;https://www.automobile.tn/fr/occasion/hyundai/tucson/126567;;;
automobile.tn;Honda City EX 1.5 L CVT 120 cv Boîte auto;Honda;City;2017.0;41000.0;120500.0;Essence;Traction;Ariana;7cv;;2026-07-10;2026-07-13;;https://www.automobile.tn/fr/occasion/honda/city/126564;;;
automobile.tn;Volkswagen Virtus Topline 1.0 TSI 116 cv boite auto;Volkswagen;Virtus;2023.0;66000.0;51000.0;Essence;Traction;Ariana;7cv;;2026-07-10;2026-07-13;;https://www.automobile.tn/fr/occasion/volkswagen/virtus/126563;;;
automobile.tn;KIA Rio 5p 1.4 CRDi 16V 90 cv;Kia;Rio 5p;2012.0;28000.0;215000.0;Diesel;Traction;Tunis;5cv;;2026-07-10;2026-07-13;;https://www.automobile.tn/fr/occasion/kia/rio-5p/126548;;;
automobile.tn;KIA Sportage GT-Line 1.6 CRDi VGT 16V 4x2 DCT7 136 cv Boîte auto;Kia;Sportage;2018.0;77000.0;200000.0;Diesel;Intégrale;Ariana;7cv;;2026-07-10;2026-07-13;;https://www.automobile.tn/fr/occasion/kia/sportage/126414;;;
automobile.tn;Seat Tarraco FR 1.4 TSI 16V GPF 4x2 DSG7 S&S 150 cv Boîte auto;Seat;Tarraco;2021.0;98000.0;130000.0;Essence;Traction;Tunis;9cv;;2026-07-10;2026-07-13;;https://www.automobile.tn/fr/occasion/seat/tarraco/126335;;;
automobile.tn;Peugeot 2008 Active 1.2 VTi 12V 82 cv;Peugeot;2008;2020.0;55000.0;33400.0;Essence;Traction;Tunis;5cv;;2026-07-10;2026-07-13;;https://www.automobile.tn/fr/occasion/peugeot/2008/126278;;;
automobile.tn;Chevrolet Captiva 5 places 1.5 Turbo CVT 147 cv Boîte auto;Chevrolet;Captiva;2022.0;59000.0;107000.0;Essence;Traction;Tunis;9cv;;2026-07-10;2026-07-13;;https://www.automobile.tn/fr/occasion/chevrolet/captiva/126277;;;
automobile.tn;KIA Rio 5p GT-Line 1.2 i-CVVT 16V ISG 84 cv;Kia;Rio 5p;2022.0;57500.0;39000.0;Essence;Traction;Ariana;5cv;;2026-07-10;2026-07-13;;https://www.automobile.tn/fr/occasion/kia/rio-5p/126249;;;
automobile.tn;KIA Sportage 1.6 GDi CVVT 16V 4x2 135 cv;Kia;Sportage;2015.0;53500.0;174000.0;Essence;Intégrale;Ariana;8cv;;2026-07-10;2026-07-13;;https://www.automobile.tn/fr/occasion/kia/sportage/126246;;;
automobile.tn;Fiat Fiorino;Fiat;Fiorino;2024.0;39800.0;65000.0;Essence;Traction;Tunis;5cv;;2026-07-10;2026-07-13;;https://www.automobile.tn/fr/occasion/fiat/fiorino/126200;;;
automobile.tn;Peugeot 208 Active 1.2 PureTech 12V S&S 75 cv;Peugeot;208;2022.0;42000.0;63000.0;Essence;Traction;Tunis;5cv;;2026-07-10;2026-07-13;;https://www.automobile.tn/fr/occasion/peugeot/208/126199;;;
automobile.tn;Hyundai Grand i10 GLS HG 1.2 87cv boite auto;Hyundai;Grand i10;2018.0;35000.0;178000.0;Essence;Traction;Tunis;5cv;;2026-07-10;2026-07-13;;https://www.automobile.tn/fr/occasion/hyundai/grand-i10/126075;;;
automobile.tn;KIA Sportage GT-Line 1.6 T-GDI 16V 230 Hybrid 4x2 179 cv Boîte auto;Kia;Sportage;2024.0;122000.0;57000.0;Hybride essence;Traction;Ariana;10cv;;2026-07-10;2026-07-13;;https://www.automobile.tn/fr/occasion/kia/sportage/125995;;;
automobile.tn;Mercedes-Benz CLA AMG 180 1.3 i 16V GPF 7G-DCT 136 cv Boîte auto;Mercedes-benz;CLA;2023.0;122000.0;50000.0;Essence;Traction;Tunis;7cv;;2026-07-10;2026-07-13;;https://www.automobile.tn/fr/occasion/mercedes-benz/cla/125900;;;
automobile.tn;KIA Sportage SX 1.6 l T-GDI 7-DCT 180 cv Boîte auto;Kia;Sportage;2023.0;116000.0;20000.0;Essence;Traction;Nabeul;10cv;;2026-07-10;2026-07-13;;https://www.automobile.tn/fr/occasion/kia/sportage/125899;;;
automobile.tn;Land Rover Range Rover Evoque Dynamic 2.0 TD4 16V DPF 4WD BVA9 180 cv Boîte auto;Land rover;Range Rover Evoque;2015.0;84000.0;201000.0;Diesel;Intégrale;Ariana;8cv;;2026-07-10;2026-07-13;;https://www.automobile.tn/fr/occasion/land-rover/range-rover-evoque/125898;;;
automobile.tn;GWM Haval Jolion 1.5 T 143 cv Boîte auto;Gwm;Haval Jolion;2023.0;77500.0;63000.0;Essence;Traction;Ariana;9cv;;2026-07-10;2026-07-13;;https://www.automobile.tn/fr/occasion/great-wall/jolion/125875;;;
automobile.tn;Fiat Doblo 1.3 MJTD 16V DPF Fourgon court 75 cv;Fiat;Doblo;2014.0;19800.0;223500.0;Diesel;Traction;Tunis;5cv;;2026-07-10;2026-07-13;;https://www.automobile.tn/fr/occasion/fiat/doblo/125820;;;
automobile.tn;BMW Série 4 Gran Coupé Business Line Plus 418i 1.5 i 12V Steptronic8 136 cv Boîte auto;Bmw;Série 4 Gran Coupé;2019.0;85000.0;135000.0;Essence;Propulsion;Tunis;7cv;;2026-07-10;2026-07-13;;https://www.automobile.tn/fr/occasion/bmw/serie-4-gran-coupe/125731;;;
automobile.tn;Nissan Qashqai Tekna 1.2 DIG-T 16V 2WD Xtronic CVT S&S 115 cv Boîte auto;Nissan;Qashqai;2017.0;55500.0;170000.0;Essence;Traction;Ariana;6cv;;2026-07-10;2026-07-13;;https://www.automobile.tn/fr/occasion/nissan/qashqai/125729;;;
automobile.tn;KIA Sportage Toit Ouvrant 1.6 CRDi 16V Eco-Dynamics+ 4x2 116 cv;Kia;Sportage;2019.0;77000.0;157000.0;Hybride léger diesel;Intégrale;Ariana;6cv;;2026-07-10;2026-07-13;;https://www.automobile.tn/fr/occasion/kia/sportage/125652;;;
automobile.tn;Seat Arona FR 1.0 TSI 116 cv Boîte auto;Seat;Arona;2023.0;73000.0;77000.0;Essence;Traction;Tunis;6cv;;2026-07-10;2026-07-13;;https://www.automobile.tn/fr/occasion/seat/arona/125650;;;
automobile.tn;Ford Ranger Wildtrak 3.2 TDCI 20V Pickup Double Cabine 4x4 200 cv Boîte auto;Ford;Ranger;2017.0;118000.0;102500.0;Diesel;Intégrale;Ariana;11cv;;2026-07-10;2026-07-13;;https://www.automobile.tn/fr/occasion/ford/ranger/125207;;;
automobile.tn;GWM Haval Jolion 1.5 T 143 cv Boîte auto;Gwm;Haval Jolion;2021.0;76000.0;46500.0;Essence;Traction;Tunis;9cv;;2026-07-10;2026-07-13;;https://www.automobile.tn/fr/occasion/great-wall/jolion/125195;;;
automobile.tn;Ford Ranger Double Cabine XLT;Ford;Ranger;2023.0;119500.0;79000.0;Diesel;Intégrale;Ariana;7cv;;2026-07-10;2026-07-13;;https://www.automobile.tn/fr/occasion/ford/ranger/125165;;;
automobile.tn;Audi A3 Sportback S-Line 35 1.5 TFSI 16V GPF Mild Hybrid S Tronic 7 S&S 150 cv Boîte auto;Audi;A3 Sportback;2022.0;113000.0;76000.0;Hybride léger essence;Traction;Tunis;8cv;;2026-07-10;2026-07-13;;https://www.automobile.tn/fr/occasion/audi/a3-sportback/125155;;;
automobile.tn;Peugeot Pickup 2.5 L 4x4 115 cv;Peugeot;Pickup;2020.0;53000.0;85000.0;Diesel;Intégrale;Tunis;8cv;;2026-07-10;2026-07-13;;https://www.automobile.tn/fr/occasion/peugeot/pickup/124966;;;
automobile.tn;Mercedes-Benz Classe E Avantgarde 200 2.0 CGI 16V 7G-TRONIC+ 184 cv Boîte auto;Mercedes-benz;Classe E;2016.0;100000.0;130000.0;Essence;Propulsion;Tunis;10cv;;2026-07-10;2026-07-13;;https://www.automobile.tn/fr/occasion/mercedes-benz/classe-e/124963;;;
automobile.tn;Citroën Berlingo Van;Citroën;Berlingo Van;2022.0;50000.0;144000.0;Diesel;Traction;Ariana;7cv;;2026-07-10;2026-07-13;;https://www.automobile.tn/fr/occasion/citroen/berlingo-van/124898;;;
automobile.tn;Geely GX3 1.5 L 107 cv;Geely;GX3;2021.0;48000.0;58000.0;Essence;Traction;Tunis;6cv;;2026-07-10;2026-07-13;;https://www.automobile.tn/fr/occasion/geely/gx3/124870;;;
automobile.tn;Hyundai Grand i10 Sedan 1.2 L 83 cv;Hyundai;Grand i10 Sedan;2024.0;48000.0;10000.0;Essence;Traction;Ariana;5cv;;2026-07-10;2026-07-13;;https://www.automobile.tn/fr/occasion/hyundai/grand-i10-sedan/124869;;;
automobile.tn;Hyundai Tucson Top Grade 1.6 TGDi 16V 265 Plug in Hybrid 4WD 179 cv Boîte auto;Hyundai;Tucson;2022.0;130000.0;88000.0;Hybride rechargeable essence;Intégrale;Ariana;10cv;;2026-07-10;2026-07-13;;https://www.automobile.tn/fr/occasion/hyundai/tucson/124674;;;
automobile.tn;Fiat 500 Cult Club 1.2 L 69 cv Boîte auto;Fiat;500;2024.0;59000.0;16500.0;Essence;Traction;Tunis;4cv;;2026-07-10;2026-07-13;;https://www.automobile.tn/fr/occasion/fiat/500/124630;;;
automobile.tn;Opel Crossland Business Edition;Opel;Crossland;2022.0;65000.0;39000.0;Essence;Traction;Ariana;5cv;;2026-07-10;2026-07-13;;https://www.automobile.tn/fr/occasion/opel/crossland/124530;;;
automobile.tn;Skoda Kamiq Ambition 1.6 SRE 16V 110 cv;Skoda;Kamiq;2021.0;64000.0;107000.0;Essence;Traction;Ariana;6cv;;2026-07-10;2026-07-13;;https://www.automobile.tn/fr/occasion/skoda/kamiq/124529;;;
automobile.tn;Mercedes-Benz Classe C coupé AMG 200 2.0 i 16V 7G-TRONIC+ 184 cv Boîte auto;Mercedes-benz;Classe C coupé;2018.0;110000.0;93500.0;Essence;Propulsion;Ariana;9cv;;2026-07-10;2026-07-13;;https://www.automobile.tn/fr/occasion/mercedes-benz/classe-c-coupe/123950;;;
automobile.tn;Audi A3 Berline Ambition 1.2 TSI 16V S&S 110 cv;Audi;A3 Berline;2015.0;51000.0;140000.0;Essence;Traction;Tunis;6cv;;2026-07-10;2026-07-13;;https://www.automobile.tn/fr/occasion/audi/a3-berline/123928;;;
automobile.tn;;;;;;;;;Tunisie;;;;2026-07-13;;https://www.automobile.tn/fr/occasion/mg/gs/123873;;;
automobile.tn;;;;;;;;;Tunisie;;;;2026-07-13;;https://www.automobile.tn/fr/occasion/nissan/qashqai/123695;;;
automobile.tn;;;;;;;;;Tunisie;;;;2026-07-13;;https://www.automobile.tn/fr/occasion/suzuki/vitara/123691;;;
automobile.tn;;;;;;;;;Tunisie;;;;2026-07-13;;https://www.automobile.tn/fr/occasion/bmw/serie-4-gran-coupe/123680;;;
automobile.tn;BMW Série 3 Confort Plus Sport Line 316i 1.6 16V 136 cv;Bmw;Série 3;2013.0;58000.0;126500.0;Essence;Propulsion;Ariana;7cv;;2026-07-10;2026-07-13;;https://www.automobile.tn/fr/occasion/bmw/serie-3/123679;;;
automobile.tn;Geely Coolray GS;Geely;Coolray;2024.0;72000.0;20000.0;Essence;Traction;Ariana;10cv;;2026-07-10;2026-07-13;;https://www.automobile.tn/fr/occasion/geely/coolray/123677;;;
automobile.tn;GWM Haval Jolion 1.5 T 143 cv Boîte auto;Gwm;Haval Jolion;2023.0;81500.0;29000.0;Essence;Traction;Ariana;9cv;;2026-07-10;2026-07-13;;https://www.automobile.tn/fr/occasion/great-wall/jolion/123274;;;
automobile.tn;Mercedes-Benz Classe E coupé 250 CDi 2.1 CDI 16V DPF 7G-TRONIC BlueEFFICIENCY 204 cv Boîte auto;Mercedes-benz;Classe E coupé;2009.0;56000.0;175000.0;Diesel;Propulsion;Ariana;12cv;;2026-07-10;2026-07-13;;https://www.automobile.tn/fr/occasion/mercedes-benz/classe-e-coupe/123270;;;
automobile.tn;Mercedes-Benz Classe A Executive 180 Turbo 1.6 i 16V Turbo 122 cv;Mercedes-benz;Classe A;2013.0;44000.0;158000.0;Essence;Traction;Ariana;6cv;;2026-07-10;2026-07-13;;https://www.automobile.tn/fr/occasion/mercedes-benz/classe-a/123269;;;
automobile.tn;Mercedes-Benz Classe C Avantgarde 180 1.5 i 16V EQ Boost 9G-TRONIC 170 cv Boîte auto;Mercedes-benz;Classe C;2022.0;153000.0;77000.0;Hybride léger essence;Propulsion;Ariana;9cv;;2026-07-10;2026-07-13;;https://www.automobile.tn/fr/occasion/mercedes-benz/classe-c/123267;;;
automobile.tn;Mercedes-Benz Classe E Avantgarde 180 1.5 Ti 16V 9G-TRONIC 156 cv Boîte auto;Mercedes-benz;Classe E;2022.0;179000.0;11400.0;Essence;Propulsion;Tunis;9cv;;2026-07-10;2026-07-13;;https://www.automobile.tn/fr/occasion/mercedes-benz/classe-e/123179;;;
automobile.tn;Seat Ateca Xperience 1.4 L TSI 150 cv Boîte auto;Seat;Ateca;2022.0;95000.0;58000.0;Essence;Traction;Tunis;8cv;;2026-07-10;2026-07-13;;https://www.automobile.tn/fr/occasion/seat/ateca/123178;;;
automobile.tn;KIA Seltos 1.4 T-GDI 140 cv boite auto;Kia;Seltos;2021.0;69000.0;161000.0;Essence;Traction;Ariana;8cv;;2026-07-10;2026-07-13;;https://www.automobile.tn/fr/occasion/kia/seltos/123170;;;
automobile.tn;Mazda 2 Sedan 1.5 L Skyactiv 107 cv;Mazda;2 Sedan;2017.0;39000.0;152000.0;Essence;Traction;Ariana;6cv;;2026-07-10;2026-07-13;;https://www.automobile.tn/fr/occasion/mazda/2-sedan/123138;;;
automobile.tn;Renault Express Van 1.5 dCi S&S 95 cv;Renault;Express Van;2024.0;49500.0;25500.0;Diesel;Traction;Ariana;5cv;;2026-07-10;2026-07-13;;https://www.automobile.tn/fr/occasion/renault/express-van/123136;;;
automobile.tn;BMW Série 5 Collection 520i 170 cv Boîte auto;Bmw;Série 5;2022.0;145000.0;74000.0;Essence;Propulsion;Ariana;10cv;;2026-07-10;2026-07-13;;https://www.automobile.tn/fr/occasion/bmw/serie-5/123061;;;
automobile.tn;Toyota RAV 4 2.0 L 4x2 146 cv Boîte auto;Toyota;RAV 4;2014.0;68000.0;70000.0;Essence;Traction;Tunis;9cv;;2026-07-10;2026-07-13;;https://www.automobile.tn/fr/occasion/toyota/rav-4/122998;;;
automobile.tn;Changan Hunter 1.9 L Turbo Diesel 4x4 150 cv;Changan;Hunter;2023.0;95000.0;57000.0;Diesel;Intégrale;Tunis;6cv;;2026-07-10;2026-07-13;;https://www.automobile.tn/fr/occasion/changan/hunter/122788;;;
automobile.tn;Ford Ecosport Titanium 1.0 SCTi EcoBoost 12V S&S 125 cv;Ford;Ecosport;2019.0;53500.0;118000.0;Essence;Traction;Tunis;7cv;;2026-07-10;2026-07-13;;https://www.automobile.tn/fr/occasion/ford/ecosport/122656;;;
automobile.tn;Seat Ateca Xperience 1.4 L TSI 150 cv Boîte auto;Seat;Ateca;2023.0;97000.0;86000.0;Essence;Traction;Ariana;8cv;;2026-07-10;2026-07-13;;https://www.automobile.tn/fr/occasion/seat/ateca/122461;;;
automobile.tn;Peugeot 3008 Allure 1.2 THP Puretech 12V EAT6 S&S 130 cv Boîte auto;Peugeot;3008;2021.0;73000.0;73000.0;Essence;Traction;Tunis;7cv;;2026-07-10;2026-07-13;;https://www.automobile.tn/fr/occasion/peugeot/3008/122393;;;
automobile.tn;Peugeot Landtrek Double Cabine Business 1.9 d 150 cv double cabine 4x4;Peugeot;Landtrek Double Cabine;2021.0;72000.0;50000.0;Diesel;Intégrale;Ariana;6cv;;2026-07-10;2026-07-13;;https://www.automobile.tn/fr/occasion/peugeot/landtrek-double-cabine/122392;;;
automobile.tn;Citroën C3 Feel Bi-ton 1.2 THP PureTech 12V EAT6 S&S 110 cv Boîte auto;Citroën;C3;2019.0;39500.0;86000.0;Essence;Traction;Tunis;6cv;;2026-07-10;2026-07-13;;https://www.automobile.tn/fr/occasion/citroen/c3/122390;;;
automobile.tn;KIA Sportage;Kia;Sportage;2023.0;123000.0;51000.0;Hybride léger diesel;Traction;Tunis;7cv;;2026-07-10;2026-07-13;;https://www.automobile.tn/fr/occasion/kia/sportage/122192;;;
automobile.tn;Honda HR-V 1.5 i-VTEC 16V FWD 130 cv;Honda;HR-V;2019.0;62500.0;115000.0;Essence;Traction;Tunis;7cv;;2026-07-10;2026-07-13;;https://www.automobile.tn/fr/occasion/honda/hr-v/122096;;;
automobile.tn;Opel Grandland Edition 1.2 i 12V Turbo S&S 130 cv Boîte auto;Opel;Grandland;2020.0;64500.0;178500.0;Essence;Traction;Nabeul;7cv;;2026-07-10;2026-07-13;;https://www.automobile.tn/fr/occasion/opel/grandland/121865;;;
automobile.tn;Peugeot 308 Allure 1.2 THP Puretech 12V 110 cv;Peugeot;308;2017.0;36500.0;171500.0;Essence;Traction;Tunis;6cv;;2026-07-10;2026-07-13;;https://www.automobile.tn/fr/occasion/peugeot/308/121862;;;
automobile.tn;Wallyscar 719 Atmos 1.6 L 115 cv;Wallyscar;719;2023.0;31500.0;78000.0;Essence;Traction;Ariana;7cv;;2026-07-10;2026-07-13;;https://www.automobile.tn/fr/occasion/wallyscar/719/121400;;;
automobile.tn;Mercedes-Benz GLA AMG 180 1.3 i 16V 7G-DCT 136 cv Boîte auto;Mercedes-benz;GLA;2022.0;139000.0;73000.0;Essence;Traction;Tunis;7cv;;2026-07-10;2026-07-13;;https://www.automobile.tn/fr/occasion/mercedes-benz/gla/121392;;;
automobile.tn;Dongfeng SX3 1.6 L 123 cv;Dongfeng;SX3;2021.0;49000.0;84000.0;Essence;Traction;Tunis;8cv;;2026-07-10;2026-07-13;;https://www.automobile.tn/fr/occasion/dongfeng/sx3/121274;;;
automobile.tn;Volkswagen Polo Ambition 1.0 i 12V 75 cv;Volkswagen;Polo;2019.0;39800.0;124000.0;Essence;Traction;Tunis;4cv;;2026-07-10;2026-07-13;;https://www.automobile.tn/fr/occasion/volkswagen/polo/121273;;;
automobile.tn;BMW Série 4 Gran Coupé Confort Luxury Line 420d 2.0 d 16V 190 cv Boîte auto;Bmw;Série 4 Gran Coupé;2016.0;89000.0;188000.0;Diesel;Traction;Tunis;10cv;;2026-07-10;2026-07-13;;https://www.automobile.tn/fr/occasion/bmw/serie-4-gran-coupe/121126;;;
automobile.tn;Mercedes-Benz CLA AMG 180 1.3 i 16V GPF 7G-DCT 136 cv Boîte auto;Mercedes-benz;CLA;2021.0;135000.0;3200.0;Essence;Traction;Tunis;7cv;;2026-07-10;2026-07-13;;https://www.automobile.tn/fr/occasion/mercedes-benz/cla/120764;;;
automobile.tn;MG ZS Luxury 1.5 L 115 cv;Mg;ZS;2022.0;64000.0;59000.0;Essence;Traction;Ariana;7cv;;2026-07-10;2026-07-13;;https://www.automobile.tn/fr/occasion/mg/zs/120661;;;
automobile.tn;KIA Seltos 1.4 T-GDI 140 cv boite auto;Kia;Seltos;2021.0;81500.0;82500.0;Essence;Traction;Ariana;8cv;;2026-07-10;2026-07-13;;https://www.automobile.tn/fr/occasion/kia/seltos/120660;;;
automobile.tn;BMW Série 4 Gran Coupé Pack M Sport 418i 1.5 i 12V Steptronic8 136 cv Boîte auto;Bmw;Série 4 Gran Coupé;2020.0;104000.0;132000.0;Essence;Propulsion;Ariana;7cv;;2026-07-10;2026-07-13;;https://www.automobile.tn/fr/occasion/bmw/serie-4-gran-coupe/120592;;;
automobile.tn;Mercedes-Benz Classe C Avantgarde 180 CGI 1.6 16V 7G-TRONIC+ 156 cv Boîte auto;Mercedes-benz;Classe C;2018.0;90000.0;148000.0;Essence;Propulsion;Tunis;8cv;;2026-07-10;2026-07-13;;https://www.automobile.tn/fr/occasion/mercedes-benz/classe-c/120319;;;
automobile.tn;Suzuki Ciaz GLX 1.5 L 105 cv;Suzuki;Ciaz;2023.0;49500.0;52500.0;Essence;Traction;Tunis;6cv;;2026-07-10;2026-07-13;;https://www.automobile.tn/fr/occasion/suzuki/ciaz/120233;;;
automobile.tn;Cupra Formentor Exclusive 2.0 TSI 16V DSG 7 190 cv Boîte auto;Cupra;Formentor;2024.0;135000.0;26000.0;Essence;Traction;Ben Arous;11cv;;2026-07-10;2026-07-13;;https://www.automobile.tn/fr/occasion/cupra/formentor/119934;;;
automobile.tn;Jaguar F-Pace Pure 2.0 D 16V 163 cv;Jaguar;F-Pace;2018.0;125000.0;159000.0;Diesel;Propulsion;Ariana;9cv;;2026-07-10;2026-07-13;;https://www.automobile.tn/fr/occasion/jaguar/f-pace/119932;;;
automobile.tn;Ford Ecosport Titanium 1.0 SCTi EcoBoost 12V S&S 125 cv;Ford;Ecosport;2020.0;57000.0;49500.0;Essence;Traction;Tunis;7cv;;2026-07-10;2026-07-13;;https://www.automobile.tn/fr/occasion/ford/ecosport/119925;;;
automobile.tn;Land Rover Range Rover Velar R-Dynamic D240 2.0 SD4 16V DPF 4WD 240 cv Boîte auto;Land rover;Range Rover Velar;2017.0;182000.0;92000.0;Diesel;Intégrale;Tunis;15cv;;2026-07-10;2026-07-13;;https://www.automobile.tn/fr/occasion/land-rover/range-rover-velar/119892;;;
automobile.tn;Volkswagen Tiguan;Volkswagen;Tiguan;2010.0;38000.0;184000.0;Essence;Traction;Tunis;12cv;;2026-07-10;2026-07-13;;https://www.automobile.tn/fr/occasion/volkswagen/tiguan/119791;;;
automobile.tn;Volkswagen Tiguan 2.0 TFSi 16V 4Motion 200 cv;Volkswagen;Tiguan;2010.0;42000.0;158000.0;Essence;Intégrale;Tunis;11cv;;2026-07-10;2026-07-13;;https://www.automobile.tn/fr/occasion/volkswagen/tiguan/119789;;;
automobile.tn;Audi A5 Sportback Design Luxe 35 1.4 TFSI S-tronic 150 cv Boîte auto;Audi;A5 Sportback;2020.0;93000.0;164000.0;Essence;Traction;Tunis;8cv;;2026-07-10;2026-07-13;;https://www.automobile.tn/fr/occasion/audi/a5-sportback/119735;;;
automobile.tn;Peugeot 2008 Active 1.2 THP Puretech 12V 100 cv;Peugeot;2008;2020.0;75500.0;43000.0;Essence;Traction;Ariana;5cv;;2026-07-10;2026-07-13;;https://www.automobile.tn/fr/occasion/peugeot/2008/119604;;;
automobile.tn;Geely GX3 1.5 L 107 cv;Geely;GX3;2021.0;47000.0;73000.0;Essence;Traction;Tunis;6cv;;2026-07-10;2026-07-13;;https://www.automobile.tn/fr/occasion/geely/gx3/119602;;;
automobile.tn;Volkswagen Golf 8 Drive 1.0 eTSi 12V BMT DSG7 110 cv Boîte auto;Volkswagen;Golf 8;2022.0;85000.0;65500.0;Hybride léger essence;Traction;Tunis;6cv;;2026-07-10;2026-07-13;;https://www.automobile.tn/fr/occasion/volkswagen/golf-8/119601;;;
automobile.tn;Toyota Prado Adventure 3.0 D-4D DPF Break 16V 190 cv (KDJ);Toyota;Prado;2014.0;145000.0;230000.0;Diesel;Propulsion;Tunis;11cv;;2026-07-10;2026-07-13;;https://www.automobile.tn/fr/occasion/toyota/prado/119598;;;
automobile.tn;Mercedes-Benz Classe A AMG 35 AMG 2.0 Ti 16V 4MATIC 7G-DCT 306 cv Boîte auto;Mercedes-benz;Classe A;2022.0;185000.0;55000.0;Essence;Intégrale;Tunis;19cv;;2026-07-10;2026-07-13;;https://www.automobile.tn/fr/occasion/mercedes-benz/classe-a/119597;;;
automobile.tn;Ford Kuga Trend 1.5 SCTi EcoBoost 16V 4x2 S&S 150 cv;Ford;Kuga;2019.0;62000.0;172000.0;Essence;Traction;Tunis;8cv;;2026-07-10;2026-07-13;;https://www.automobile.tn/fr/occasion/ford/kuga/119575;;;
automobile.tn;KIA Picanto GT-Line 1.2 MPi 16V 85 cv;Kia;Picanto;2018.0;39800.0;79000.0;Essence;Traction;Tunis;5cv;;2026-07-10;2026-07-13;;https://www.automobile.tn/fr/occasion/kia/picanto/119573;;;
automobile.tn;Mercedes-Benz Classe E Business 200 2.0 CGI 16V 7G-TRONIC+ 184 cv Boîte auto;Mercedes-benz;Classe E;2015.0;95500.0;52500.0;Essence;Traction;Ariana;10cv;;2026-07-10;2026-07-13;;https://www.automobile.tn/fr/occasion/mercedes-benz/classe-e/119441;;;
automobile.tn;Dongfeng S50 1.5 L 120 cv;Dongfeng;S50;2019.0;39500.0;24000.0;Essence;Traction;Tunis;6cv;;2026-07-10;2026-07-13;;https://www.automobile.tn/fr/occasion/dongfeng/s50/119434;;;
automobile.tn;Cadillac ATS 2.0 T 16V Berline 276 cv Boîte auto;Cadillac;ATS;2014.0;69000.0;58000.0;Essence;Traction;Ariana;18cv;;2026-07-10;2026-07-13;;https://www.automobile.tn/fr/occasion/cadillac/ats/119429;;;
automobile.tn;Nissan Navara LUX Double Cabine;Nissan;Navara;2012.0;46500.0;238000.0;Diesel;Intégrale;Ariana;10cv;;2026-07-10;2026-07-13;;https://www.automobile.tn/fr/occasion/nissan/navara/119298;;;
automobile.tn;Volkswagen Tiguan R-Line 1.4 TSI 16V DSG6 150 cv Boîte auto;Volkswagen;Tiguan;2020.0;98000.0;138000.0;Essence;Traction;Ariana;8cv;;2026-07-10;2026-07-13;;https://www.automobile.tn/fr/occasion/volkswagen/tiguan/119242;;;
automobile.tn;BMW Série 1 3p Active;Bmw;Série 1 3p;2010.0;34000.0;182000.0;Essence;Traction;Ariana;7cv;;2026-07-10;2026-07-13;;https://www.automobile.tn/fr/occasion/bmw/serie-1-3p/119186;;;
automobile.tn;Land Rover Range Rover;Land rover;Range Rover;2019.0;380000.0;116000.0;Essence;Intégrale;Tunis;25cv;;2026-07-10;2026-07-13;;https://www.automobile.tn/fr/occasion/land-rover/range-rover/118853;;;
automobile.tn;Seat Arona Xperience 1.0 TSI 116 cv Boîte auto;Seat;Arona;2023.0;79800.0;27000.0;Essence;Traction;Tunis;6cv;;2026-07-10;2026-07-13;;https://www.automobile.tn/fr/occasion/seat/arona/118790;;;
automobile.tn;Geely GX3 1.5 L 107 cv;Geely;GX3;2021.0;45000.0;78000.0;Essence;Traction;Tunis;6cv;;2026-07-10;2026-07-13;;https://www.automobile.tn/fr/occasion/geely/gx3/118789;;;
automobile.tn;Audi Q5 S-line 2.0 TDI 16V Quattro S-Tronic7 163 cv Boîte auto;Audi;Q5;2016.0;96000.0;112000.0;Diesel;Intégrale;Ariana;8cv;;2026-07-10;2026-07-13;;https://www.automobile.tn/fr/occasion/audi/q5/118654;;;
automobile.tn;Land Rover Range Rover Velar R-Dynamic D275 3.0 SDV6 24V DPF 4WD 275 cv Boîte auto;Land rover;Range Rover Velar;2018.0;192000.0;144000.0;Diesel;Intégrale;Ariana;19cv;;2026-07-10;2026-07-13;;https://www.automobile.tn/fr/occasion/land-rover/range-rover-velar/118521;;;
automobile.tn;Porsche Macan EV 360 cv Boîte auto;Porsche;Macan;2024.0;289500.0;9000.0;Electrique;Propulsion;Tunis;9cv;;2026-07-10;2026-07-13;;https://www.automobile.tn/fr/occasion/porsche/macan/118431;;;
automobile.tn;Toyota RAV 4 Hybride 2.5 VVT-iE 16V 218 Hybrid 2WD E-CVT 177 cv Boîte auto;Toyota;RAV 4;2024.0;147000.0;30000.0;Hybride essence;Traction;Tunis;9cv;;2026-07-10;2026-07-13;;https://www.automobile.tn/fr/occasion/toyota/rav-4/118269;;;
automobile.tn;Audi A1 Sportback City Line 30 1.0 TFSI 12V GPF S-Tronic7 116 cv Boîte auto;Audi;A1 Sportback;2024.0;83000.0;35000.0;Essence;Traction;Tunis;6cv;;2026-07-10;2026-07-13;;https://www.automobile.tn/fr/occasion/audi/a1-sportback/118206;;;
automobile.tn;Mercedes-Benz Classe A Business 200 1.3 Ti 16V 163 cv;Mercedes-benz;Classe A;2018.0;75000.0;122000.0;Essence;Traction;Tunis;9cv;;2026-07-10;2026-07-13;;https://www.automobile.tn/fr/occasion/mercedes-benz/classe-a/118085;;;
automobile.tn;BMW Série 3 Business Line Edition Navigation 318i 1.5 16V 136 cv Boîte auto;Bmw;Série 3;2016.0;67000.0;157000.0;Essence;Propulsion;Tunis;7cv;;2026-07-10;2026-07-13;;https://www.automobile.tn/fr/occasion/bmw/serie-3/118070;;;
automobile.tn;Audi A5 Sportback Design Luxe Plus 35 1.4 TFSI S-tronic 150 cv Boîte auto;Audi;A5 Sportback;2020.0;84500.0;186000.0;Essence;Traction;Tunis;8cv;;2026-07-10;2026-07-13;;https://www.automobile.tn/fr/occasion/audi/a5-sportback/118065;;;
automobile.tn;Geely GX3 1.5 L 107 cv;Geely;GX3;2021.0;42000.0;105000.0;Essence;Traction;Tunis;6cv;;2026-07-10;2026-07-13;;https://www.automobile.tn/fr/occasion/geely/gx3/117398;;;
automobile.tn;Mazda 6;Mazda;6;2015.0;48000.0;157000.0;Essence;Traction;Tunis;9cv;;2026-07-10;2026-07-13;;https://www.automobile.tn/fr/occasion/mazda/6/117396;;;
automobile.tn;Mercedes-Benz Classe A Berline Business 180 1.3 Ti 16V 7G-DCT 136 cv Boîte auto;Mercedes-benz;Classe A Berline;2021.0;50000.0;100000.0;Essence;Traction;Ariana;7cv;;2026-07-10;2026-07-13;;https://www.automobile.tn/fr/occasion/mercedes-benz/classe-a-berline/116844;;;
automobile.tn;Ssangyong Tivoli Confort 160 1.6 e-XGi 16V 2WD 128 cv Boîte auto;Ssangyong;Tivoli;2018.0;56000.0;61000.0;Essence;Traction;Tunis;8cv;;2026-07-10;2026-07-13;;https://www.automobile.tn/fr/occasion/ssangyong/tivoli/116796;;;
automobile.tn;Chery Tiggo 3X Luxury 1.0 L Turbo CVT 102 cv Boîte auto;Chery;Tiggo 3X;2022.0;52000.0;68000.0;Essence;Traction;Ariana;6cv;;2026-07-10;2026-07-13;;https://www.automobile.tn/fr/occasion/chery/tiggo-3x/116697;;;
automobile.tn;Peugeot 208 Access 1.2 VTi 12V 82 cv;Peugeot;208;2018.0;33500.0;75000.0;Essence;Traction;Tunis;5cv;;2026-07-10;2026-07-13;;https://www.automobile.tn/fr/occasion/peugeot/208/116609;;;
automobile.tn;Mercedes-Benz Classe A AMG 180 d 1.5 d 8V 7G-DCT 116 cv Boîte auto;Mercedes-benz;Classe A;2019.0;105000.0;86000.0;Diesel;Traction;Tunis;6cv;;2026-07-10;2026-07-13;;https://www.automobile.tn/fr/occasion/mercedes-benz/classe-a/116141;;;
automobile.tn;Mercedes-Benz Classe E coupé 200 2.0 i 16V 7G-TRONIC 184 cv Boîte auto;Mercedes-benz;Classe E coupé;2014.0;87000.0;112000.0;Essence;Propulsion;Tunis;10cv;;2026-07-10;2026-07-13;;https://www.automobile.tn/fr/occasion/mercedes-benz/classe-e-coupe/116046;;;
automobile.tn;Seat Arona Référence 1.6 L 110 cv;Seat;Arona;2022.0;66000.0;39000.0;Essence;Traction;Tunis;6cv;;2026-07-10;2026-07-13;;https://www.automobile.tn/fr/occasion/seat/arona/114630;;;
automobile.tn;Ford Kuga Trend 1.5 SCTi EcoBoost 16V 4x2 S&S 150 cv;Ford;Kuga;2017.0;56500.0;127000.0;Essence;Traction;La Manouba;8cv;;2026-07-10;2026-07-13;;https://www.automobile.tn/fr/occasion/ford/kuga/114405;;;
automobile.tn;MG ZS Luxe 1.5 L 114 cv Boîte auto;Mg;ZS;2022.0;69500.0;51500.0;Essence;Traction;Tunis;7cv;;2026-07-10;2026-07-13;;https://www.automobile.tn/fr/occasion/mg/zs/114351;;;
automobile.tn;BMW Série 4 Gran Coupé Luxury Line 418i 1.5 i 12V Steptronic8 136 cv Boîte auto;Bmw;Série 4 Gran Coupé;2017.0;74000.0;132500.0;Essence;Propulsion;Tunis;7cv;;2026-07-10;2026-07-13;;https://www.automobile.tn/fr/occasion/bmw/serie-4-gran-coupe/114346;;;
automobile.tn;Hyundai i30;Hyundai;i30;2021.0;72000.0;102000.0;Essence;Traction;Tunis;7cv;;2026-07-10;2026-07-13;;https://www.automobile.tn/fr/occasion/hyundai/i30/113099;;;
automobile.tn;KIA Sportage Black Edition 1.6 GDi CVVT 16V 4x2 ISG 132 cv Boite Auto;Kia;Sportage;2021.0;89500.0;104500.0;Essence;Traction;Tunis;8cv;;2026-07-10;2026-07-13;;https://www.automobile.tn/fr/occasion/kia/sportage/112942;;;
automobile.tn;Land Rover Range Rover Autobiography SWB S/C 5.0 V8 32V 525 cv Boîte auto;Land rover;Range Rover;2017.0;350000.0;52000.0;Essence;Intégrale;Tunis;43cv;;2026-07-10;2026-07-13;;https://www.automobile.tn/fr/occasion/land-rover/range-rover/112938;;;
automobile.tn;Audi TT;Audi;TT;2022.0;235000.0;42000.0;Essence;Intégrale;Tunis;15cv;;2026-07-10;2026-07-13;;https://www.automobile.tn/fr/occasion/audi/tt/111817;;;
automobile.tn;Audi A5 Sportback S-Line 35 TFSI S-tronic 150 cv Boîte auto;Audi;A5 Sportback;2021.0;140000.0;94000.0;Essence;Traction;Tunis;8cv;;2026-07-10;2026-07-13;;https://www.automobile.tn/fr/occasion/audi/a5-sportback/111395;;;
automobile.tn;KIA Sportage GT-Line 1.6 T-GDi 16V 4x4 DCT7 177 cv Boîte auto;Kia;Sportage;2021.0;83500.0;78000.0;Essence;Intégrale;Tunis;11cv;;2026-07-10;2026-07-13;;https://www.automobile.tn/fr/occasion/kia/sportage/111325;;;
automobile.tn;Honda CR-V EX 1.5 I-VTEC 193 AWD 16V CVT 193 cv Boîte auto;Honda;CR-V;2021.0;99000.0;110000.0;Essence;Intégrale;Tunis;11cv;;2026-07-10;2026-07-13;;https://www.automobile.tn/fr/occasion/honda/cr-v/111210;;;
automobile.tn;Mercedes-Benz CLA AMG 250 e 1.3 i 16V GPF 218 PHEV 160 cv Boîte auto;Mercedes-benz;CLA;2021.0;162000.0;49000.0;Hybride rechargeable essence;Traction;Tunis;8cv;;2026-07-10;2026-07-13;;https://www.automobile.tn/fr/occasion/mercedes-benz/cla/109848;;;
automobile.tn;MG ZS Luxe 1.5 L 114 cv Boîte auto;Mg;ZS;2022.0;73500.0;23500.0;Essence;Traction;Tunis;7cv;;2026-07-10;2026-07-13;;https://www.automobile.tn/fr/occasion/mg/zs/109419;;;
automobile.tn;Audi A3 Sportback Ambition;Audi;A3 Sportback;2016.0;57000.0;160000.0;Essence;Traction;Tunis;6cv;;2026-07-10;2026-07-13;;https://www.automobile.tn/fr/occasion/audi/a3-sportback/108232;;;
automobile.tn;Mercedes-Benz Classe A AMG 250 e 1.3 Ti 16V 218 PHEV 8G-DCT 158 cv Boîte auto;Mercedes-benz;Classe A;2021.0;107500.0;37000.0;Hybride rechargeable essence;Traction;Tunis;8cv;;2026-07-10;2026-07-13;;https://www.automobile.tn/fr/occasion/mercedes-benz/classe-a/105794;;;
automobile.tn;Mercedes-Benz Classe C AMG 180 1.5 i 16V EQ Boost 9G-TRONIC 170 cv Boîte auto;Mercedes-benz;Classe C;2022.0;170000.0;46000.0;Hybride léger essence;Propulsion;Tunis;9cv;;2026-07-10;2026-07-13;;https://www.automobile.tn/fr/occasion/mercedes-benz/classe-c/104423;;;
automobile.tn;Porsche Cayenne Black Edition 3.6 DFI V6 SUV 290cv Tiptronic S Boîte auto;Porsche;Cayenne;2008.0;47000.0;213000.0;Essence;Traction;Sousse;21cv;;2026-07-10;2026-07-13;;https://www.automobile.tn/fr/occasion/porsche/cayenne/127776;;;
automobile.tn;Ford Ecosport Titanium 1.0 SCTi EcoBoost 12V S&S 125 cv;Ford;Ecosport;2022.0;50000.0;102000.0;Essence;Traction;Sfax;7cv;;2026-07-10;2026-07-13;;https://www.automobile.tn/fr/occasion/ford/ecosport/125994;;;
automobile.tn;Ford Ecosport Titanium 1.0 SCTi EcoBoost 12V S&S 125 cv Boîte auto;Ford;Ecosport;2018.0;46000.0;130000.0;Essence;Traction;Tunis;7cv;;2026-07-10;2026-07-13;;https://www.automobile.tn/fr/occasion/ford/ecosport/128198;;;
automobile.tn;Mercedes-Benz Classe C AMG 200 d 160ch 9G-Tronic;Mercedes-benz;Classe C;2020.0;119000.0;134925.0;Diesel;Propulsion;Monastir;8cv;;2026-07-10;2026-07-13;;https://www.automobile.tn/fr/occasion/mercedes-benz/classe-c/126484;;;
automobile.tn;Ssangyong Tivoli Confort Plus 160 1.6 e-XGi 16V 2WD 128 cv Boîte auto;Ssangyong;Tivoli;2016.0;48000.0;204000.0;Essence;Traction;Sfax;7cv;;2026-07-10;2026-07-13;;https://www.automobile.tn/fr/occasion/ssangyong/tivoli/128180;;;
automobile.tn;Volkswagen Passat Trendline 1.6 i 102cv;Volkswagen;Passat;2007.0;36000.0;125000.0;Essence;Traction;Ariana;7cv;;2026-07-10;2026-07-13;;https://www.automobile.tn/fr/occasion/volkswagen/passat/127992;;;
automobile.tn;GWM Haval H6 1.5 T 150cv boite auto;Gwm;Haval H6;2023.0;92000.0;101000.0;Essence;Traction;Tunis;8cv;;2026-07-10;2026-07-13;;https://www.automobile.tn/fr/occasion/great-wall/h6/128193;;;
automobile.tn;Land Rover Range Rover Evoque SE P300e 1.5 Si4 12V 309 PHEV AWD BVA9 200 cv Boîte auto;Land rover;Range Rover Evoque;2021.0;127000.0;60000.0;Hybride rechargeable essence;Intégrale;Tunis;11cv;;2026-07-13;2026-07-13;;https://www.automobile.tn/fr/occasion/land-rover/range-rover-evoque/127030;;;
automobile.tn;Ford Ecosport Titanium 1.0 SCTi EcoBoost 12V S&S 125 cv;Ford;Ecosport;2023.0;65000.0;51000.0;Essence;Traction;Tunis;7cv;;2026-07-10;2026-07-13;;https://www.automobile.tn/fr/occasion/ford/ecosport/126413;;;
automobile.tn;KIA Rio 5p GT-Line 1.2 i-CVVT 16V ISG 84 cv;Kia;Rio 5p;2023.0;67000.0;29500.0;Essence;Traction;Tunis;5cv;;2026-07-10;2026-07-13;;https://www.automobile.tn/fr/occasion/kia/rio-5p/128191;;;
automobile.tn;KIA Picanto LX 1.2 MPi 16V 84 cv Boîte auto;Kia;Picanto;2020.0;38000.0;69000.0;Essence;Traction;Ariana;5cv;;2026-07-10;2026-07-13;;https://www.automobile.tn/fr/occasion/kia/picanto/128190;;;
automobile.tn;Ssangyong Tivoli Classy 1.2 T-GDi 12V 2WD 128 cv;Ssangyong;Tivoli;2021.0;64000.0;32966.0;Essence;Traction;Sfax;6cv;;2026-07-13;2026-07-13;;https://www.automobile.tn/fr/occasion/ssangyong/tivoli/128112;;;
automobile.tn;Hyundai Grand i10 GLS 1.2 83cv;Hyundai;Grand i10;2022.0;38000.0;95000.0;Essence;Traction;Ben Arous;5cv;;2026-07-10;2026-07-13;;https://www.automobile.tn/fr/occasion/hyundai/grand-i10/128188;;;
automobile.tn;MG ZS Luxe 1.5 L 114 cv Boîte auto;Mg;ZS;2019.0;65500.0;72000.0;Essence;Traction;Ariana;7cv;;2026-07-10;2026-07-13;;https://www.automobile.tn/fr/occasion/mg/zs/128187;;;
automobile.tn;BMW Série 5 Pack Sport M 520i 2.0 16V 184 cv Boîte auto;Bmw;Série 5;2013.0;456321.0;123400.0;Essence;Propulsion;Tunis;10cv;;2026-07-10;2026-07-13;;https://www.automobile.tn/fr/occasion/bmw/serie-5/127608;;;
automobile.tn;Mercedes-Benz Classe E AMG 220 CDi 2.1 CDI 16V DPF BlueEFFICIENCY 170 cv Boîte auto;Mercedes-benz;Classe E;2011.0;60000.0;250000.0;Diesel;Propulsion;Tunis;10cv;;2026-07-10;2026-07-13;;https://www.automobile.tn/fr/occasion/mercedes-benz/classe-e/127969;;;
automobile.tn;Chery Tiggo 7 Pro 1.5 T CVT 147 cv Boîte auto;Chery;Tiggo 7 Pro;2022.0;68000.0;61000.0;Essence;Traction;Tunis;9cv;;2026-07-10;2026-07-13;;https://www.automobile.tn/fr/occasion/chery/tiggo-7/128186;;;
automobile.tn;Hyundai Veloster 1.6 MPI Coupé 16V 132 cv Boîte auto;Hyundai;Veloster;2017.0;35500.0;130000.0;Essence;Traction;Ariana;8cv;;2026-07-10;2026-07-13;;https://www.automobile.tn/fr/occasion/hyundai/veloster/126964;;;
automobile.tn;KIA Optima 2.0 CVVL Berline 16V 165 cv Boîte auto;Kia;Optima;2012.0;48000.0;133000.0;Essence;Traction;Tunis;10cv;;2026-07-10;2026-07-13;;https://www.automobile.tn/fr/occasion/kia/optima/117637;;;
automobile.tn;KIA XCeed 1.5 T-GDI 16V GPF DCT7 ISG 159 cv Boîte auto;Kia;XCeed;2022.0;75000.0;63000.0;Essence;Traction;Sousse;9cv;;2026-07-10;2026-07-13;;https://www.automobile.tn/fr/occasion/kia/xceed/126755;;;
automobile.tn;GWM Haval Jolion 1.5 T 143 cv Boîte auto;Gwm;Haval Jolion;2022.0;73000.0;28000.0;Essence;Traction;Ariana;9cv;;2026-07-13;2026-07-13;;https://www.automobile.tn/fr/occasion/great-wall/jolion/125488;;;
automobile.tn;Mercedes-Benz CLA 200 1.6 i 16V 156 cv;Mercedes-benz;CLA;2017.0;68000.0;155000.0;Essence;Propulsion;Bizerte;8cv;;2026-07-09;2026-07-13;;https://www.automobile.tn/fr/occasion/mercedes-benz/cla/127876;;;
automobile.tn;Peugeot 208 Populaire 1.2 VTi 12V 68 cv;Peugeot;208;2019.0;28000.0;70850.0;Essence;Traction;Tunis;4cv;;2026-07-09;2026-07-13;;https://www.automobile.tn/fr/occasion/peugeot/208/127602;;;
automobile.tn;Renault Kadjar Intens Tce 130 cv Boite Auto;Renault;Kadjar;2020.0;70000.0;100000.0;Essence;Traction;Tunis;7cv;;2026-07-09;2026-07-13;;https://www.automobile.tn/fr/occasion/renault/kadjar/128182;;;
automobile.tn;GWM M4;Gwm;M4;2024.0;50500.0;19300.0;Essence;Traction;Ariana;6cv;;2026-07-09;2026-07-13;;https://www.automobile.tn/fr/occasion/great-wall/m4/123478;;;
automobile.tn;Honda HR-V LX Confort;Honda;HR-V;2019.0;68000.0;70000.0;Essence;Traction;Tunis;7cv;;2026-07-09;2026-07-13;;https://www.automobile.tn/fr/occasion/honda/hr-v/128181;;;
automobile.tn;BMW Série 2 Gran Coupé Pack Sport M 218i 1.5 i 12V Steptronic7 140 cv Boîte auto;Bmw;Série 2 Gran Coupé;2023.0;109000.0;51000.0;Essence;Traction;Tunis;8cv;;2026-07-09;2026-07-13;;https://www.automobile.tn/fr/occasion/bmw/serie-2-gran-coupe/127522;;;
automobile.tn;Volkswagen Passat Highline 1.4 l TSI 150 150 cv;Volkswagen;Passat;2019.0;66000.0;119000.0;Essence;Traction;Nabeul;7cv;;2026-07-09;2026-07-13;;https://www.automobile.tn/fr/occasion/volkswagen/passat/128154;;;
automobile.tn;Mahindra XUV 300 W6 1.2 L 110 cv;Mahindra;XUV 300;2024.0;46000.0;75000.0;Essence;Traction;Ariana;6cv;;2026-07-09;2026-07-13;;https://www.automobile.tn/fr/occasion/mahindra/xuv-300/127922;;;
automobile.tn;Toyota Agya 1.2 L VVTi 87 cv;Toyota;Agya;2023.0;40000.0;48000.0;Essence;Traction;Tunis;5cv;;2026-07-09;2026-07-13;;https://www.automobile.tn/fr/occasion/toyota/agya/128179;;;
automobile.tn;MG GS Luxe 1.5T AWD 170 cv Boîte auto;Mg;GS;2018.0;47000.0;120000.0;Essence;Intégrale;Tunis;9cv;;2026-07-09;2026-07-13;;https://www.automobile.tn/fr/occasion/mg/gs/125107;;;
automobile.tn;Renault Megane Dynamique;Renault;Megane;2009.0;29500.0;200000.0;Essence;Traction;Sfax;7cv;;2026-07-09;2026-07-13;;https://www.automobile.tn/fr/occasion/renault/megane/127390;;;
automobile.tn;Audi A6 Prestige Plus 2.0 TFSi 16V Multitronic 179 cv Boîte auto;Audi;A6;2014.0;62000.0;185000.0;Essence;Intégrale;Tunis;10cv;;2026-07-09;2026-07-13;;https://www.automobile.tn/fr/occasion/audi/a6/124798;;;
automobile.tn;Peugeot 5008 Allure 1.6 THP 16V EAT6 S&S 165 cv Boîte auto;Peugeot;5008;2019.0;69000.0;127000.0;Essence;Traction;Ariana;9cv;;2026-07-09;2026-07-13;;https://www.automobile.tn/fr/occasion/peugeot/5008/127250;;;
automobile.tn;Ford Focus 1.4 i 80cv;Ford;Focus;2006.0;22000.0;415000.0;Essence;Traction;Tunis;6cv;;2026-07-09;2026-07-13;;https://www.automobile.tn/fr/occasion/ford/focus/128174;;;
automobile.tn;BMW Série 5 Pack M 520i 1.6 i 16V Steptronic8 170 cv Boîte auto;Bmw;Série 5;2017.0;112000.0;153000.0;Essence;Propulsion;Tunis;10cv;;2026-07-09;2026-07-13;;https://www.automobile.tn/fr/occasion/bmw/serie-5/128171;;;
automobile.tn;Audi A4 Business Line Plus 1.4 TFSi 16V S-Tronic7 150 cv Boîte auto;Audi;A4;2016.0;55000.0;208000.0;Essence;Intégrale;Tunis;8cv;;2026-07-09;2026-07-13;;https://www.automobile.tn/fr/occasion/audi/a4/128169;;;
automobile.tn;Nissan Micra Acenta 1.2 i 12V 80 cv;Nissan;Micra;2020.0;32000.0;120000.0;Essence;Traction;Sfax;5cv;;2026-07-09;2026-07-13;;https://www.automobile.tn/fr/occasion/nissan/micra/128168;;;
automobile.tn;Ford Ranger Double Cabine CLIM 3.2 TDCI 20V Pickup Double Cabine 4x4 200 cv;Ford;Ranger;2016.0;110500.0;102000.0;Diesel;Intégrale;Sousse;11cv;;2026-07-09;2026-07-13;;https://www.automobile.tn/fr/occasion/ford/ranger/127239;;;
automobile.tn;Citroën Berlingo Live M 1.5 BlueHDi 16V FAP 75 cv;Citroën;Berlingo;2022.0;67000.0;151500.0;Diesel;Propulsion;Sousse;5cv;;2026-07-09;2026-07-13;;https://www.automobile.tn/fr/occasion/citroen/berlingo-multispace/125407;;;
automobile.tn;Hyundai Kona 1.6 GDi 16V 141 Hybrid 2WD DCT6 S&S 105 cv Boîte auto;Hyundai;Kona;2023.0;105000.0;13000.0;Hybride essence;Propulsion;Sousse;5cv;;2026-07-09;2026-07-13;;https://www.automobile.tn/fr/occasion/hyundai/kona/125401;;;
automobile.tn;Peugeot 407 Bleu gris 2.0 HDi 16V 138 cv;Peugeot;407;2004.0;18000.0;236054.0;Diesel;Traction;La Manouba;8cv;;2026-07-09;2026-07-13;;https://www.automobile.tn/fr/occasion/peugeot/407/128167;;;
automobile.tn;Mercedes-Benz GLE Coupé AMG Premium Plus 400 e 2.0 Ti 16V 381 EQ Power 4MATIC 9G-TRONIC 252 cv Boîte auto;Mercedes-benz;GLE Coupé;2025.0;365000.0;8000.0;Hybride rechargeable essence;Intégrale;Ariana;15cv;;2026-07-09;2026-07-13;;https://www.automobile.tn/fr/occasion/mercedes-benz/gle-coupe/128058;;;
automobile.tn;Citroën C-Elysée Attraction 1.2 VTi 12V 72 cv;Citroën;C-Elysée;2015.0;20000.0;207000.0;Essence;Traction;Kairouan;5cv;;2026-07-09;2026-07-13;;https://www.automobile.tn/fr/occasion/citroen/c-elysee/128166;;;
automobile.tn;Fiat 500 1.2 L 69 cv Boîte auto;Fiat;500;2024.0;50000.0;24000.0;Essence;Traction;Tunis;4cv;;2026-07-09;2026-07-13;;https://www.automobile.tn/fr/occasion/fiat/500/127933;;;
automobile.tn;Audi A3 Berline Ambition 1.2 TSI 16V S&S 110 cv;Audi;A3 Berline;2015.0;48500.0;142000.0;Essence;Traction;Ariana;5cv;;2026-07-09;2026-07-13;;https://www.automobile.tn/fr/occasion/audi/a3-berline/128165;;;
automobile.tn;MG GT Luxury 1.5 l CVT 115 cv Boîte auto;Mg;GT;2023.0;78000.0;60000.0;Essence;Traction;Tunis;7cv;;2026-07-09;2026-07-13;;https://www.automobile.tn/fr/occasion/mg/gt/128164;;;
automobile.tn;Toyota Yaris Sedan Elegance 1.33 L 100 cv;Toyota;Yaris Sedan;2021.0;57000.0;12000.0;Essence;Traction;Nabeul;6cv;;2026-07-09;2026-07-13;;https://www.automobile.tn/fr/occasion/toyota/yaris-sedan/128163;;;
automobile.tn;KIA Seltos 1.4 T-GDI 140 cv boite auto;Kia;Seltos;2021.0;84000.0;56198.0;Essence;Traction;Ariana;8cv;;2026-07-09;2026-07-13;;https://www.automobile.tn/fr/occasion/kia/seltos/127801;;;
automobile.tn;Peugeot 2008 Active Pack 1.2 THP Puretech 12V 100 cv;Peugeot;2008;2021.0;62500.0;94000.0;Essence;Traction;Tunis;6cv;;2026-07-09;2026-07-13;;https://www.automobile.tn/fr/occasion/peugeot/2008/128162;;;
automobile.tn;GWM Haval H6 Luxury 1.5 T 143cv boite auto;Gwm;Haval H6;2020.0;69000.0;102000.0;Essence;Traction;La Manouba;9cv;;2026-07-09;2026-07-13;;https://www.automobile.tn/fr/occasion/great-wall/h6/128140;;;
automobile.tn;Jeep Compass Limited 1.4 16V Turbo MultiAir 4WD S&S 170 cv Boîte auto;Jeep;Compass;2021.0;105000.0;86000.0;Essence;Intégrale;Nabeul;11cv;;2026-07-09;2026-07-13;;https://www.automobile.tn/fr/occasion/jeep/compass/128160;;;
automobile.tn;Mahindra KUV 100 K8 1.2 82cv;Mahindra;KUV 100;2018.0;30900.0;63400.0;Essence;Traction;Sfax;5cv;;2026-07-09;2026-07-13;;https://www.automobile.tn/fr/occasion/mahindra/kuv-100/127993;;;
automobile.tn;Hyundai i20 High Grade 1.2 i 16V 84 cv;Hyundai;i20;2021.0;65000.0;11000.0;Essence;Traction;Sousse;5cv;;2026-07-09;2026-07-13;;https://www.automobile.tn/fr/occasion/hyundai/i20/128159;;;
automobile.tn;Dacia Sandero 1.0 L TCe 100 cv;Dacia;Sandero;2023.0;46000.0;38000.0;Essence;Traction;Ariana;5cv;;2026-07-09;2026-07-13;;https://www.automobile.tn/fr/occasion/dacia/sandero/128158;;;
automobile.tn;Hyundai Grand i10 High Grade 1.2 83cv boite auto;Hyundai;Grand i10;2021.0;49000.0;74000.0;Essence;Traction;Tunis;5cv;;2026-07-09;2026-07-13;;https://www.automobile.tn/fr/occasion/hyundai/grand-i10/120430;;;
automobile.tn;Renault Megane Sedan GrandCoupe 1.2 TCe 16V 130 cv;Renault;Megane Sedan;2019.0;51000.0;59000.0;Essence;Traction;Nabeul;7cv;;2026-07-13;2026-07-13;;https://www.automobile.tn/fr/occasion/renault/megane-sedan/107292;;;
automobile.tn;Ford Ecosport Titanium 1.0 SCTi EcoBoost 12V S&S 125 cv;Ford;Ecosport;2022.0;72000.0;27000.0;Essence;Traction;Nabeul;7cv;;2026-07-13;2026-07-13;;https://www.automobile.tn/fr/occasion/ford/ecosport/104655;;;
automobile.tn;BMW Série 3 Pack M Sport 330e xDrive 2.0 TPT 16V 292 Plug in Hybrid Steptronic8 184 cv Boîte auto;Bmw;Série 3;2024.0;150000.0;31000.0;Hybride rechargeable essence;Intégrale;Ariana;9cv;;2026-07-09;2026-07-13;;https://www.automobile.tn/fr/occasion/bmw/serie-3/127787;;;
automobile.tn;Audi A7 Sportback S-Line 50 2.0 TFSI e 16V GPF 299 Plug in Hybrid Quattro S-Tronic7 265 cv Boîte auto;Audi;A7 Sportback;2024.0;190000.0;44000.0;Hybride rechargeable essence;Intégrale;Ariana;16cv;;2026-07-09;2026-07-13;;https://www.automobile.tn/fr/occasion/audi/a7-sportback/127738;;;
automobile.tn;Volkswagen Golf 8 Life 1.0 TSi 12V BMT 110 cv;Volkswagen;Golf 8;2021.0;85000.0;44000.0;Essence;Traction;Tunis;6cv;;2026-07-09;2026-07-13;;https://www.automobile.tn/fr/occasion/volkswagen/golf-8/127927;;;
automobile.tn;MG GS Luxe 1.5T AWD 170 cv Boîte auto;Mg;GS;2017.0;49000.0;84000.0;Essence;Intégrale;Tunis;9cv;;2026-07-09;2026-07-13;;https://www.automobile.tn/fr/occasion/mg/gs/127168;;;
automobile.tn;Skoda Kushaq Ambition 1.0 TSI 116 cv;Skoda;Kushaq;2024.0;73000.0;16300.0;Essence;Traction;Nabeul;6cv;;2026-07-08;2026-07-13;;https://www.automobile.tn/fr/occasion/skoda/kushaq/128003;;;
automobile.tn;Toyota C-HR 1.2 T 16V 2WD 116 cv;Toyota;C-HR;2017.0;60000.0;132000.0;Essence;Traction;Tunis;6cv;;2026-07-08;2026-07-13;;https://www.automobile.tn/fr/occasion/toyota/c-hr/128156;;;
automobile.tn;Mercedes-Benz Classe C coupé AMG Line Pack Night 4 MATIC 200 1.5 i 16V EQ Boost 4MATIC 9G-TRONIC 184 cv Boîte auto;Mercedes-benz;Classe C coupé;2019.0;149000.0;91000.0;Hybride léger essence;Intégrale;La Manouba;10cv;;2026-07-08;2026-07-13;;https://www.automobile.tn/fr/occasion/mercedes-benz/classe-c-coupe/128155;;;
automobile.tn;Jaguar F-Pace Pure 2.0 D AWD 16V 180 cv Boîte auto;Jaguar;F-Pace;2016.0;120000.0;169000.0;Diesel;Intégrale;Ariana;10cv;;2026-07-08;2026-07-13;;https://www.automobile.tn/fr/occasion/jaguar/f-pace/128036;;;
automobile.tn;Toyota Agya 1.2 L VVTi 87 cv;Toyota;Agya;2022.0;35000.0;136000.0;Essence;Traction;Kébili;4cv;;2026-07-08;2026-07-13;;https://www.automobile.tn/fr/occasion/toyota/agya/128152;;;
automobile.tn;Hyundai Grand i10 GLS HG 1.2 87cv boite auto;Hyundai;Grand i10;2016.0;36300.0;110000.0;Essence;Traction;Ariana;5cv;;2026-07-08;2026-07-13;;https://www.automobile.tn/fr/occasion/hyundai/grand-i10/128089;;;
automobile.tn;Suzuki Swift GLX 1.2 L 85 cv Boîte auto;Suzuki;Swift;2022.0;49000.0;28000.0;Essence;Traction;Sfax;5cv;;2026-07-08;2026-07-13;;https://www.automobile.tn/fr/occasion/suzuki/swift/127946;;;
automobile.tn;GWM Haval H6 1.5 T 150cv boite auto;Gwm;Haval H6;2022.0;87000.0;72000.0;Essence;Traction;Sousse;8cv;;2026-07-08;2026-07-13;;https://www.automobile.tn/fr/occasion/great-wall/h6/128151;;;
automobile.tn;Peugeot 508 Féline 1.6 e-HDI FAP Blue Lion BMP6 S&S 115 cv;Peugeot;508;2012.0;34500.0;246000.0;Diesel;Traction;Monastir;6cv;;2026-07-08;2026-07-13;;https://www.automobile.tn/fr/occasion/peugeot/508/127167;;;
automobile.tn;Fiat Grande Punto 1.2 i 65 cv;Fiat;Grande Punto;2013.0;26000.0;200000.0;Essence;Traction;Gabès;4cv;;2026-07-08;2026-07-13;;https://www.automobile.tn/fr/occasion/fiat/grande-punto/128148;;;
automobile.tn;Mercedes-Benz Classe E Plug-in Hybride AMG;Mercedes-benz;Classe E Plug-in Hybride;2020.0;170000.0;80000.0;Diesel;Intégrale;Tunis;11cv;;2026-07-08;2026-07-13;;https://www.automobile.tn/fr/occasion/mercedes-benz/classe-e-plug-in-hybride/128146;;;
automobile.tn;Peugeot 3008 Active 1.6 THP 16V EAT6 S&S 165 cv Boîte auto;Peugeot;3008;2017.0;61500.0;115000.0;Essence;Traction;Tunis;9cv;;2026-07-08;2026-07-13;;https://www.automobile.tn/fr/occasion/peugeot/3008/127173;;;
automobile.tn;Mercedes-Benz Classe C Avantgarde 200 CGI 1.8 16V CGI BlueEFFICIENCY 184 cv;Mercedes-benz;Classe C;2012.0;55000.0;209000.0;Essence;Propulsion;Bizerte;11cv;;2026-07-08;2026-07-13;;https://www.automobile.tn/fr/occasion/mercedes-benz/classe-c/128143;;;
automobile.tn;BMW X3;Bmw;X3;2022.0;168000.0;37000.0;Hybride rechargeable essence;Traction;Monastir;10cv;;2026-07-08;2026-07-13;;https://www.automobile.tn/fr/occasion/bmw/x3/128142;;;
automobile.tn;Peugeot 308 Allure 1.5 BlueHDi 16V EAT8 S&S 130 cv Boîte auto;Peugeot;308;2021.0;54000.0;150000.0;Diesel;Traction;Nabeul;7cv;;2026-07-08;2026-07-13;;https://www.automobile.tn/fr/occasion/peugeot/308/127270;;;
automobile.tn;Audi Q3 Ambiente 1.4 TFSi 16V S Tronic6 150 cv Boîte auto;Audi;Q3;2017.0;64000.0;139000.0;Essence;Traction;Ben Arous;8cv;;2026-07-08;2026-07-13;;https://www.automobile.tn/fr/occasion/audi/q3/127664;;;
automobile.tn;Land Rover Range Rover Evoque R-Dynamic P200 2.0 Si4 16V GPF AWD 200 cv Boîte auto;Land rover;Range Rover Evoque;2020.0;138000.0;80000.0;Essence;Intégrale;Ben Arous;13cv;;2026-07-08;2026-07-13;;https://www.automobile.tn/fr/occasion/land-rover/range-rover-evoque/125204;;;
automobile.tn;Lexus IS 300 F sport;Lexus;IS 300;2015.0;69000.0;120000.0;Hybride léger essence;Propulsion;Sousse;9cv;;2026-07-08;2026-07-13;;https://www.automobile.tn/fr/occasion/lexus/is-300/127849;;;
automobile.tn;Peugeot 508 Active 1.6 THP 16V 150 cv Boîte auto;Peugeot;508;2012.0;32000.0;340000.0;Essence;Propulsion;Sousse;7cv;;2026-07-08;2026-07-13;;https://www.automobile.tn/fr/occasion/peugeot/508/127950;;;
automobile.tn;Mercedes-Benz GLA AMG 250e 1.3 i 16V 218 EQ Power 8G-DCT 158 cv Boîte auto;Mercedes-benz;GLA;2022.0;146000.0;34800.0;Hybride rechargeable essence;Traction;Ariana;8cv;;2026-07-08;2026-07-13;;https://www.automobile.tn/fr/occasion/mercedes-benz/gla/127708;;;
automobile.tn;Wallyscar Iris 1.2 L 82 cv;Wallyscar;Iris;2020.0;23900.0;218000.0;Essence;Traction;Tunis;4cv;;2026-07-08;2026-07-13;;https://www.automobile.tn/fr/occasion/wallyscar/iris/128137;;;
automobile.tn;Volkswagen Golf 7 R 1.0 TSI 12V Blue Motion S&S 115 cv;Volkswagen;Golf 7;2016.0;63000.0;135000.0;Essence;Traction;Tunis;5cv;;2026-07-08;2026-07-13;;https://www.automobile.tn/fr/occasion/volkswagen/golf-7/128135;;;
automobile.tn;BMW X3;Bmw;X3;2018.0;140000.0;168000.0;Diesel;Propulsion;Monastir;10cv;;2026-07-08;2026-07-13;;https://www.automobile.tn/fr/occasion/bmw/x3/128133;;;
automobile.tn;GWM Haval H6 1.5 T 150cv boite auto;Gwm;Haval H6;2022.0;78500.0;53000.0;Essence;Traction;Tunis;8cv;;2026-07-08;2026-07-13;;https://www.automobile.tn/fr/occasion/great-wall/h6/127923;;;
automobile.tn;KIA Rio 5p SX 1.2 i-CVVT 16V 84 cv;Kia;Rio 5p;2020.0;49000.0;165000.0;Essence;Traction;Ben Arous;5cv;;2026-07-08;2026-07-13;;https://www.automobile.tn/fr/occasion/kia/rio-5p/126536;;;
automobile.tn;Skoda Kamiq Active 1.6 SRE 16V DSG6 110 cv Boîte auto;Skoda;Kamiq;2021.0;61000.0;150000.0;Essence;Traction;Ben Arous;6cv;;2026-07-08;2026-07-13;;https://www.automobile.tn/fr/occasion/skoda/kamiq/127060;;;
automobile.tn;Seat Leon SC Référence 1.2 TSI 16V S&S 110 cv;Seat;Leon SC;2018.0;52000.0;135000.0;Essence;Traction;Ben Arous;6cv;;2026-07-08;2026-07-13;;https://www.automobile.tn/fr/occasion/seat/leon-sc/128069;;;
automobile.tn;MG GT Luxury 1.5 l BVM 115 cv;Mg;GT;2023.0;55000.0;90000.0;Essence;Traction;Sousse;7cv;;2026-07-08;2026-07-13;;https://www.automobile.tn/fr/occasion/mg/gt/128130;;;
automobile.tn;KIA Cerato 5p 1.6 L 130 cv Boîte auto;Kia;Cerato 5p;2013.0;40000.0;230000.0;Essence;Traction;Tunis;8cv;;2026-07-08;2026-07-13;;https://www.automobile.tn/fr/occasion/kia/cerato-5p/128105;;;
automobile.tn;Peugeot 208 Populaire 1.2 PureTech 12V S&S 75 cv;Peugeot;208;2023.0;37800.0;56600.0;Essence;Traction;Ben Arous;4cv;;2026-07-08;2026-07-13;;https://www.automobile.tn/fr/occasion/peugeot/208/127719;;;
automobile.tn;Chevrolet Sonic;Chevrolet;Sonic;2021.0;41000.0;90000.0;Essence;Traction;Tunis;5cv;;2026-07-08;2026-07-13;;https://www.automobile.tn/fr/occasion/chevrolet/sonic/124882;;;
automobile.tn;Audi Q4 E-tron LUXE 35 e-tron 170 cv Boîte auto;Audi;Q4 E-tron;2022.0;130000.0;50000.0;Electrique;Propulsion;Tunis;11cv;;2026-07-08;2026-07-13;;https://www.automobile.tn/fr/occasion/audi/q4-e-tron/105684;;;
automobile.tn;Suzuki Jimny 3 portes GL AllGrip 1.5 VVT 16V 4WD 102 cv;Suzuki;Jimny 3 portes;2020.0;69000.0;90000.0;Essence;Intégrale;Sousse;6cv;;2026-07-08;2026-07-13;;https://www.automobile.tn/fr/occasion/suzuki/jimny/128127;;;
automobile.tn;Skoda Octavia Selection;Skoda;Octavia;2025.0;120000.0;15000.0;Essence;Traction;Bizerte;8cv;;2026-07-08;2026-07-13;;https://www.automobile.tn/fr/occasion/skoda/octavia/128126;;;
automobile.tn;Fiat Fiorino 1.3 MJTD 16V Fourgon 75 cv;Fiat;Fiorino;2023.0;39000.0;100000.0;Diesel;Traction;Nabeul;5cv;;2026-07-08;2026-07-13;;https://www.automobile.tn/fr/occasion/fiat/fiorino/127170;;;
automobile.tn;Citroën C3 Live Edition 1.2 THP PureTech 12V EAT6 S&S 110 cv Boîte auto;Citroën;C3;2026.0;48000.0;0.0;Essence;Traction;Nabeul;4cv;;2026-07-08;2026-07-13;;https://www.automobile.tn/fr/occasion/citroen/c3/128018;;;
automobile.tn;Renault Kangoo D'origine 1.5 dCi FAP 90 cv;Renault;Kangoo;2021.0;68000.0;155850.0;Diesel;Traction;Nabeul;5cv;;2026-07-08;2026-07-13;;https://www.automobile.tn/fr/occasion/renault/kangoo/127689;;;
automobile.tn;Toyota Corolla Dynamic 1.2 T 16V CVT 116 cv Boîte auto;Toyota;Corolla;2021.0;64000.0;140000.0;Essence;Traction;Tunis;6cv;;2026-07-08;2026-07-13;;https://www.automobile.tn/fr/occasion/toyota/corolla-5p/127901;;;
automobile.tn;Mercedes-Benz GLC AMG 300 de 2.0 de 16V 306 EQ Power 4MATIC 9G-TRONIC 194 cv Boîte auto;Mercedes-benz;GLC;2020.0;189000.0;77000.0;Hybride rechargeable diesel;Intégrale;Nabeul;12cv;;2026-07-08;2026-07-13;;https://www.automobile.tn/fr/occasion/mercedes-benz/glc/128107;;;
automobile.tn;Volkswagen New Beetle 1.2 TSI DSG6 105 cv Boîte auto;Volkswagen;New Beetle;2014.0;52000.0;142000.0;Essence;Traction;Ariana;6cv;;2026-07-08;2026-07-13;;https://www.automobile.tn/fr/occasion/volkswagen/new-beetle/128123;;;
automobile.tn;GWM Haval H6 1.5 T 150cv boite auto;Gwm;Haval H6;2022.0;90000.0;88800.0;Essence;Traction;Nabeul;8cv;;2026-07-08;2026-07-13;;https://www.automobile.tn/fr/occasion/great-wall/h6/128122;;;
automobile.tn;Peugeot 307;Peugeot;307;2005.0;30000.0;299000.0;Essence;Traction;Gabès;5cv;;2026-07-08;2026-07-13;;https://www.automobile.tn/fr/occasion/peugeot/307/128120;;;
automobile.tn;Renault Kadjar Intens 1.2 Tce 16V FWD 131 cv;Renault;Kadjar;2018.0;55000.0;124000.0;Essence;Traction;La Manouba;7cv;;2026-07-08;2026-07-13;;https://www.automobile.tn/fr/occasion/renault/kadjar/128119;;;
automobile.tn;Renault Megane Sedan GrandCoupe 1.2 TCe 16V 130 cv;Renault;Megane Sedan;2020.0;49000.0;90000.0;Essence;Traction;Ariana;7cv;;2026-07-08;2026-07-13;;https://www.automobile.tn/fr/occasion/renault/megane-sedan/128118;;;
automobile.tn;BMW Série 4 Coupé Business Line Plus 418i 1.5 i 12V Steptronic8 136 cv Boîte auto;Bmw;Série 4 Coupé;2020.0;98000.0;33000.0;Essence;Propulsion;Tunis;7cv;;2026-07-13;2026-07-13;;https://www.automobile.tn/fr/occasion/bmw/serie-4-coupe/127391;;;
automobile.tn;BMW X5 Pack M;Bmw;X5;2017.0;122000.0;100000.0;Diesel;Intégrale;Tunis;13cv;;2026-07-13;2026-07-13;;https://www.automobile.tn/fr/occasion/bmw/x5/127027;;;
automobile.tn;Mercedes-Benz Classe C AMG 200 2.0 i 16V 7G-TRONIC+ 184 cv Boîte auto;Mercedes-benz;Classe C;2015.0;98000.0;36000.0;Essence;Propulsion;Tunis;10cv;;2026-07-13;2026-07-13;;https://www.automobile.tn/fr/occasion/mercedes-benz/classe-c/127529;;;
automobile.tn;Land Rover Defender 110 S P400 I6 3.0 Ti mHEV 4WD 400 cv Boîte auto;Land rover;Defender 110;2024.0;425000.0;19000.0;Essence;Intégrale;Tunis;29cv;;2026-07-13;2026-07-13;;https://www.automobile.tn/fr/occasion/land-rover/defender/127339;;;
automobile.tn;Mini Cooper 3 portes PACK PEPPER One 1.4 i 16V 95cv;Mini;Cooper 3 portes;2009.0;31000.0;119000.0;Essence;Propulsion;Tunis;5cv;;2026-07-13;2026-07-13;;https://www.automobile.tn/fr/occasion/mini/3-portes/127409;;;
automobile.tn;Toyota RAV 4 Hybride 2.5 VVT-iE 16V 218 Hybrid 2WD E-CVT 177 cv Boîte auto;Toyota;RAV 4;2024.0;150000.0;28000.0;Hybride essence;Traction;Tunis;9cv;;2026-07-13;2026-07-13;;https://www.automobile.tn/fr/occasion/toyota/rav-4/127718;;;
automobile.tn;Porsche Macan;Porsche;Macan;2016.0;145000.0;93000.0;Diesel;Intégrale;Tunis;16cv;;2026-07-13;2026-07-13;;https://www.automobile.tn/fr/occasion/porsche/macan/127026;;;
automobile.tn;Volkswagen Golf 7 Join 1.0 TSI 12V Blue Motion 110 cv;Volkswagen;Golf 7;2018.0;68000.0;152000.0;Essence;Traction;Nabeul;6cv;;2026-07-07;2026-07-13;;https://www.automobile.tn/fr/occasion/volkswagen/golf-7/128113;;;
automobile.tn;Mitsubishi Attrage;Mitsubishi;Attrage;2021.0;33500.0;64000.0;Essence;Traction;Sousse;4cv;;2026-07-07;2026-07-13;;https://www.automobile.tn/fr/occasion/mitsubishi/attrage/128109;;;
automobile.tn;KIA XCeed;Kia;XCeed;2023.0;84000.0;110000.0;Essence;Traction;Ariana;9cv;;2026-07-07;2026-07-13;;https://www.automobile.tn/fr/occasion/kia/xceed/128019;;;
automobile.tn;Hyundai i20 High Grade 1.2 i 16V 84 cv;Hyundai;i20;2022.0;60000.0;33400.0;Essence;Traction;Ariana;5cv;;2026-07-07;2026-07-13;;https://www.automobile.tn/fr/occasion/hyundai/i20/126513;;;
automobile.tn;Land Rover Range Rover Evoque Pure 2.0 eD4 16V 2WD 150 cv;Land rover;Range Rover Evoque;2016.0;71000.0;134000.0;Diesel;Traction;Bizerte;8cv;;2026-07-07;2026-07-13;;https://www.automobile.tn/fr/occasion/land-rover/range-rover-evoque/127997;;;
automobile.tn;KIA Sportage GT-Line 2 l Diesel 178 cv Boîte auto;Kia;Sportage;2016.0;65000.0;225000.0;Diesel;Intégrale;Ariana;10cv;;2026-07-07;2026-07-13;;https://www.automobile.tn/fr/occasion/kia/sportage/127889;;;
automobile.tn;KIA Rio Berline EX 1.2 i-CVVT 16V 85 cv;Kia;Rio Berline;2017.0;38500.0;133000.0;Essence;Traction;Bizerte;5cv;;2026-07-07;2026-07-13;;https://www.automobile.tn/fr/occasion/kia/rio/128099;;;
automobile.tn;Mercedes-Benz Classe E coupé 200 2.0 i 16V 184 cv Boîte auto;Mercedes-benz;Classe E coupé;2012.0;60000.0;224000.0;Essence;Propulsion;Ben Arous;11cv;;2026-07-07;2026-07-13;;https://www.automobile.tn/fr/occasion/mercedes-benz/classe-e-coupe/128098;;;
automobile.tn;GWM Haval Jolion 1.5 T 143 cv Boîte auto;Gwm;Haval Jolion;2025.0;97000.0;4000.0;Essence;Traction;Tunis;9cv;;2026-07-07;2026-07-13;;https://www.automobile.tn/fr/occasion/great-wall/jolion/127197;;;
automobile.tn;Seat Leon Style 1.2 TSI 16V S&S 110 cv;Seat;Leon;2014.0;42800.0;194000.0;Essence;Traction;Tunis;5cv;;2026-07-07;2026-07-13;;https://www.automobile.tn/fr/occasion/seat/leon/128092;;;
automobile.tn;Land Rover Discovery Sport R-Dynamic S 2.0 TD4 16V 4x4 5PL 180 cv Boîte auto;Land rover;Discovery Sport;2017.0;90000.0;182000.0;Diesel;Intégrale;Tunis;8cv;;2026-07-07;2026-07-13;;https://www.automobile.tn/fr/occasion/land-rover/discovery-sport/108101;;;
automobile.tn;Nissan Qashqai;Nissan;Qashqai;2015.0;41500.0;125000.0;Essence;Traction;La Manouba;6cv;;2026-07-07;2026-07-13;;https://www.automobile.tn/fr/occasion/nissan/qashqai/128091;;;
automobile.tn;Porsche Panamera;Porsche;Panamera;2014.0;119000.0;150000.0;Essence;Traction;Ariana;20cv;;2026-07-07;2026-07-13;;https://www.automobile.tn/fr/occasion/porsche/panamera/122934;;;
automobile.tn;Dacia Dokker Van 1.5 Lux 84 cv;Dacia;Dokker Van;2016.0;26000.0;249000.0;Diesel;Traction;Ariana;6cv;;2026-07-13;2026-07-13;;https://www.automobile.tn/fr/occasion/dacia/dokker-van/128090;;;
automobile.tn;Land Rover Range Rover Velar R-Dynamic SE P400e 2.0 i 16V 404 PHEV AWD 300 cv Boîte auto;Land rover;Range Rover Velar;2022.0;305000.0;124050.0;Hybride rechargeable essence;Intégrale;Gabès;19cv;;2026-07-07;2026-07-13;;https://www.automobile.tn/fr/occasion/land-rover/range-rover-velar/127977;;;
automobile.tn;Mercedes-Benz CLA AMG Edition 1 250 e 1.3 i 16V GPF 218 PHEV 160 cv Boîte auto;Mercedes-benz;CLA;2025.0;158000.0;7000.0;Hybride rechargeable essence;Traction;Ariana;9cv;;2026-07-13;2026-07-13;;https://www.automobile.tn/fr/occasion/mercedes-benz/cla/128008;;;
automobile.tn;BYD Seal Comfort;Byd;Seal;2026.0;137000.0;10900.0;Hybride rechargeable essence;Traction;Ariana;9cv;;2026-07-13;2026-07-13;;https://www.automobile.tn/fr/occasion/byd/seal/127957;;;
automobile.tn;Mercedes-Benz CLA AMG Edition 1 250 e 1.3 i 16V GPF 218 PHEV 160 cv Boîte auto;Mercedes-benz;CLA;2025.0;176000.0;15788.0;Hybride rechargeable essence;Traction;Ariana;9cv;;2026-07-13;2026-07-13;;https://www.automobile.tn/fr/occasion/mercedes-benz/cla/127355;;;
automobile.tn;Porsche Cayenne Coupé Black Edition E-Hybrid 3.0 V6 24V 461 AWD 340 cv boite auto;Porsche;Cayenne Coupé;2023.0;330000.0;42274.0;Hybride rechargeable essence;Intégrale;Ariana;34cv;;2026-07-13;2026-07-13;;https://www.automobile.tn/fr/occasion/porsche/cayenne-coupe/126640;;;
automobile.tn;Seat Ibiza Style 1.0 i 12V 75 cv;Seat;Ibiza;2020.0;44000.0;164285.0;Essence;Traction;Ariana;4cv;;2026-07-13;2026-07-13;;https://www.automobile.tn/fr/occasion/seat/ibiza/126636;;;
automobile.tn;Volkswagen Tiguan R-Line 1.4 TSI 16V BlueMotion 4Motion DSG6 150 cv Boîte auto;Volkswagen;Tiguan;2015.0;62000.0;199047.0;Essence;Intégrale;Ariana;9cv;;2026-07-13;2026-07-13;;https://www.automobile.tn/fr/occasion/volkswagen/tiguan/126632;;;
automobile.tn;Audi Q5 S-line 2.0 TFSi 16V Quattro S tronic7 230 cv Boîte auto;Audi;Q5;2012.0;65000.0;264617.0;Essence;Intégrale;Ariana;13cv;;2026-07-13;2026-07-13;;https://www.automobile.tn/fr/occasion/audi/q5/126630;;;
automobile.tn;BMW Série 3 Pack M 320e 2.0 TPT 16V 204 Plug in Hybrid Steptronic8 163 cv Boîte auto;Bmw;Série 3;2023.0;146000.0;17403.0;Hybride rechargeable essence;Traction;Ariana;9cv;;2026-07-13;2026-07-13;;https://www.automobile.tn/fr/occasion/bmw/serie-3/126629;;;
automobile.tn;Mercedes-Benz GLC Coupé AMG 300 e 2.0 i 16V 320 EQ Power 4MATIC 9G-TRONIC 211 cv Boîte auto;Mercedes-benz;GLC Coupé;2021.0;169000.0;62965.0;Hybride rechargeable essence;Intégrale;Ariana;12cv;;2026-07-13;2026-07-13;;https://www.automobile.tn/fr/occasion/mercedes-benz/glc-coupe/126628;;;
automobile.tn;Peugeot 208 Active 1.5 Blue HDi S&S 100 cv;Peugeot;208;2021.0;51000.0;171000.0;Diesel;Traction;Ariana;5cv;;2026-07-13;2026-07-13;;https://www.automobile.tn/fr/occasion/peugeot/208/126627;;;
automobile.tn;Mercedes-Benz CLA AMG Edition 1 250 e 1.3 i 16V GPF 218 PHEV 160 cv Boîte auto;Mercedes-benz;CLA;2024.0;159000.0;14086.0;Hybride rechargeable essence;Traction;Ariana;9cv;;2026-07-13;2026-07-13;;https://www.automobile.tn/fr/occasion/mercedes-benz/cla/126625;;;
automobile.tn;Mercedes-Benz GLC Coupé AMG 300 e 2.0 i 16V 313 EQ Power 4MATIC 9G-TRONIC 204 cv Boîte auto;Mercedes-benz;GLC Coupé;2025.0;275000.0;19852.0;Hybride rechargeable essence;Intégrale;Ariana;12cv;;2026-07-13;2026-07-13;;https://www.automobile.tn/fr/occasion/mercedes-benz/glc-coupe/126064;;;
automobile.tn;Mercedes-Benz GLA AMG 250e 1.3 i 16V 218 EQ Power 8G-DCT 158 cv Boîte auto;Mercedes-benz;GLA;2022.0;127000.0;93893.0;Hybride rechargeable essence;Traction;Ariana;8cv;;2026-07-13;2026-07-13;;https://www.automobile.tn/fr/occasion/mercedes-benz/gla/125691;;;
automobile.tn;Mercedes-Benz EQA AMG Line 250 190 cv Boîte auto;Mercedes-benz;EQA;2021.0;120000.0;40693.0;Electrique;Traction;Ariana;6cv;;2026-07-13;2026-07-13;;https://www.automobile.tn/fr/occasion/mercedes-benz/eqa/125685;;;
automobile.tn;Mercedes-Benz Classe C Avantgarde 180 1.5 i 16V EQ Boost 9G-TRONIC 170 cv Boîte auto;Mercedes-benz;Classe C;2022.0;146000.0;97782.0;Hybride léger essence;Propulsion;Ariana;9cv;;2026-07-13;2026-07-13;;https://www.automobile.tn/fr/occasion/mercedes-benz/classe-c/125679;;;
automobile.tn;Mercedes-Benz GLC Coupé AMG 300 e 2.0 i 16V 313 EQ Power 4MATIC 9G-TRONIC 204 cv Boîte auto;Mercedes-benz;GLC Coupé;2024.0;278000.0;27098.0;Hybride rechargeable essence;Intégrale;Ariana;11cv;;2026-07-13;2026-07-13;;https://www.automobile.tn/fr/occasion/mercedes-benz/glc-coupe/125674;;;
automobile.tn;Mercedes-Benz GLC Coupé AMG 300 e 2.0 i 16V 320 EQ Power 4MATIC 9G-TRONIC 211 cv Boîte auto;Mercedes-benz;GLC Coupé;2022.0;185000.0;40927.0;Hybride rechargeable essence;Intégrale;Ariana;12cv;;2026-07-13;2026-07-13;;https://www.automobile.tn/fr/occasion/mercedes-benz/glc-coupe/125673;;;
automobile.tn;Mercedes-Benz GLA 200 1.4 i 16V 7G-DCT 163 cv Boîte auto;Mercedes-benz;GLA;2021.0;125000.0;111138.0;Essence;Traction;Ariana;9cv;;2026-07-13;2026-07-13;;https://www.automobile.tn/fr/occasion/mercedes-benz/gla/125667;;;
automobile.tn;Mercedes-Benz Classe A Urban 180 Turbo 1.6 i 16V Turbo 7G-DCT 122 cv Boîte auto;Mercedes-benz;Classe A;2013.0;63000.0;168664.0;Essence;Traction;Ariana;6cv;;2026-07-13;2026-07-13;;https://www.automobile.tn/fr/occasion/mercedes-benz/classe-a/125429;;;
automobile.tn;Citroën Berlingo Live M 1.5 BlueHDi 16V FAP BVM6 S&S 102 cv;Citroën;Berlingo;2021.0;79000.0;101981.0;Diesel;Traction;Ariana;7cv;;2026-07-13;2026-07-13;;https://www.automobile.tn/fr/occasion/citroen/berlingo-multispace/125427;;;
automobile.tn;Volkswagen ID.4 Pure 148 cv Boîte auto;Volkswagen;ID.4;2022.0;95000.0;37000.0;Electrique;Traction;Ariana;5cv;;2026-07-13;2026-07-13;;https://www.automobile.tn/fr/occasion/volkswagen/id.4/125386;;;
automobile.tn;Land Rover Defender 110 P400e 2.0 Ti 404 PHEV 4WD 300 cv Boîte auto;Land rover;Defender 110;2025.0;360000.0;26500.0;Hybride rechargeable essence;Intégrale;Ariana;15cv;;2026-07-13;2026-07-13;;https://www.automobile.tn/fr/occasion/land-rover/defender/125163;;;
automobile.tn;Mercedes-Benz GLC AMG;Mercedes-benz;GLC;2026.0;320000.0;9000.0;Electrique;Traction;Ariana;6cv;;2026-07-13;2026-07-13;;https://www.automobile.tn/fr/occasion/mercedes-benz/glc/125154;;;
automobile.tn;Jeep Wrangler Unlimited Sahara UNLIMITED 4xe 2.0 T-GDi 16V 380 Plug in Hybrid 4WD 272 cv Boîte auto;Jeep;Wrangler Unlimited;2021.0;205000.0;73582.0;Hybride rechargeable essence;Intégrale;Ariana;15cv;;2026-07-13;2026-07-13;;https://www.automobile.tn/fr/occasion/jeep/wrangler-unlimited/125091;;;
automobile.tn;Mercedes-Benz GLB AMG;Mercedes-benz;GLB;2026.0;245000.0;8000.0;Electrique;Traction;Ariana;6cv;;2026-07-13;2026-07-13;;https://www.automobile.tn/fr/occasion/mercedes-benz/glb/125028;;;
automobile.tn;Volkswagen Golf 8 GTE GTE 1.4 TSi 16V 245 Plug in Hybrid DSG6 150 cv Boîte auto;Volkswagen;Golf 8;2021.0;87000.0;139502.0;Hybride rechargeable essence;Traction;Ariana;8cv;;2026-07-13;2026-07-13;;https://www.automobile.tn/fr/occasion/volkswagen/golf-8/124931;;;
automobile.tn;BMW X1 Pack Sport M 30e xDrive 1.5 i 12V 326 Plug-in-Hybrid DKG7 150 cv Boîte auto;Bmw;X1;2024.0;192000.0;28000.0;Hybride rechargeable essence;Intégrale;Ariana;9cv;;2026-07-13;2026-07-13;;https://www.automobile.tn/fr/occasion/bmw/x1/124796;;;
automobile.tn;Land Rover Range Rover Sport Dynamic HSE P440e 3.0 i 24V 440 PHEV AWD 400 cv Boîte auto;Land rover;Range Rover Sport;2025.0;400000.0;16700.0;Hybride rechargeable essence;Intégrale;Ariana;28cv;;2026-07-13;2026-07-13;;https://www.automobile.tn/fr/occasion/land-rover/range-rover-sport/124725;;;
automobile.tn;Mercedes-Benz GLE Coupé AMG Premium Plus 350 de 2.0 d 16V 320 EQ Power 4MATIC 9G-TRONIC 194 cv Boîte auto;Mercedes-benz;GLE Coupé;2021.0;235000.0;91800.0;Hybride rechargeable diesel;Intégrale;Ariana;12cv;;2026-07-13;2026-07-13;;https://www.automobile.tn/fr/occasion/mercedes-benz/gle-coupe/124723;;;
automobile.tn;Mercedes-Benz GLE AMG 350 e 2.0 Ti 16V 333 EQ Power 4MATIC 9G-TRONIC 211 cv Boîte auto;Mercedes-benz;GLE;2022.0;230000.0;62250.0;Hybride rechargeable essence;Intégrale;Ariana;12cv;;2026-07-13;2026-07-13;;https://www.automobile.tn/fr/occasion/mercedes-benz/gle/124692;;;
automobile.tn;Mercedes-Benz GLE Coupé AMG Premium Plus 350 e 2.0 Ti 16V 333 EQ Power 4MATIC 9G-TRONIC 211 cv Boîte auto;Mercedes-benz;GLE Coupé;2022.0;235000.0;92500.0;Hybride rechargeable essence;Intégrale;Ariana;12cv;;2026-07-13;2026-07-13;;https://www.automobile.tn/fr/occasion/mercedes-benz/gle-coupe/124561;;;
automobile.tn;Mercedes-Benz GLA AMG 250e 1.3 i 16V 218 EQ Power 8G-DCT 163 cv Boîte auto;Mercedes-benz;GLA;2024.0;174000.0;25000.0;Hybride rechargeable essence;Traction;Ariana;8cv;;2026-07-13;2026-07-13;;https://www.automobile.tn/fr/occasion/mercedes-benz/gla/123468;;;
automobile.tn;Audi Q3 Sportback S-Line Plus 45e 1.4 TFSI 16V GPF 245 PHEV DSG6 150 cv Boîte auto;Audi;Q3 Sportback;2026.0;238000.0;0.0;Hybride rechargeable essence;Traction;Ariana;9cv;;2026-07-13;2026-07-13;;https://www.automobile.tn/fr/occasion/audi/q3-sportback/122823;;;
automobile.tn;Land Rover Range Rover Evoque Autobiographie P300e 1.5 Si4 12V 309 PHEV AWD BVA9 200 cv Boîte auto;Land rover;Range Rover Evoque;2021.0;175000.0;30235.0;Hybride rechargeable essence;Intégrale;Ariana;11cv;;2026-07-13;2026-07-13;;https://www.automobile.tn/fr/occasion/land-rover/range-rover-evoque/122689;;;
automobile.tn;Toyota FJ Cruiser;Toyota;FJ Cruiser;2017.0;220000.0;34222.0;Essence;Traction;Ariana;18cv;;2026-07-13;2026-07-13;;https://www.automobile.tn/fr/occasion/toyota/fj/122650;;;
automobile.tn;Volkswagen Multivan 6.1 Highline 2.0 TSi 16V Combi court DSG7 204 cv Boîte auto;Volkswagen;Multivan 6.1;2022.0;290000.0;60762.0;Essence;Traction;Ariana;11cv;;2026-07-13;2026-07-13;;https://www.automobile.tn/fr/occasion/volkswagen/multivan/122647;;;
automobile.tn;Mercedes-Benz Classe E AMG 300 e 2.0 i 16V 320 EQ Power 9G-TRONIC 211 cv Boîte auto;Mercedes-benz;Classe E;2025.0;235000.0;12500.0;Hybride rechargeable essence;Propulsion;Ariana;11cv;;2026-07-13;2026-07-13;;https://www.automobile.tn/fr/occasion/mercedes-benz/classe-e/122570;;;
automobile.tn;Mercedes-Benz CLE Coupé AMG + 300 e 2.0 i 16V 313 EQ Power 204 cv 9G-TRONIC Boîte Auto;Mercedes-benz;CLE Coupé;2024.0;225000.0;20000.0;Hybride rechargeable essence;Propulsion;Ariana;12cv;;2026-07-13;2026-07-13;;https://www.automobile.tn/fr/occasion/mercedes-benz/cle-coupe/122569;;;
automobile.tn;Toyota RAV 4 GR 2.5 VVT-iE 16V 218 Hybrid 2WD E-CVT 177 cv Boîte auto;Toyota;RAV 4;2024.0;190000.0;16000.0;Hybride essence;Traction;Ariana;12cv;;2026-07-13;2026-07-13;;https://www.automobile.tn/fr/occasion/toyota/rav-4/122028;;;
automobile.tn;Mercedes-Benz GLA AMG 250e 1.3 i 16V 218 EQ Power 8G-DCT 158 cv Boîte auto;Mercedes-benz;GLA;2021.0;146000.0;80423.0;Hybride rechargeable essence;Traction;Ariana;8cv;;2026-07-13;2026-07-13;;https://www.automobile.tn/fr/occasion/mercedes-benz/gla/121211;;;
automobile.tn;Mercedes-Benz CLA AMG Edition 1 250 e 1.3 i 16V GPF 218 PHEV 160 cv Boîte auto;Mercedes-benz;CLA;2025.0;230000.0;3588.0;Hybride rechargeable essence;Traction;Ariana;8cv;;2026-07-13;2026-07-13;;https://www.automobile.tn/fr/occasion/mercedes-benz/cla/120575;;;
automobile.tn;Seat Arona FR 1.0 TSi 12V DSG7 116 cv Boîte auto;Seat;Arona;2020.0;75000.0;100000.0;Essence;Traction;Ariana;6cv;;2026-07-13;2026-07-13;;https://www.automobile.tn/fr/occasion/seat/arona/118976;;;
automobile.tn;Hyundai Palisade;Hyundai;Palisade;2021.0;250000.0;35774.0;Diesel;Intégrale;Ariana;12cv;;2026-07-13;2026-07-13;;https://www.automobile.tn/fr/occasion/hyundai/palisade/118403;;;
automobile.tn;Porsche Macan 2.0 TFSI 16V AWD PDK 252 cv Boîte auto;Porsche;Macan;2017.0;185000.0;56300.0;Essence;Intégrale;Ariana;15cv;;2026-07-13;2026-07-13;;https://www.automobile.tn/fr/occasion/porsche/macan/117151;;;
automobile.tn;Mercedes-Benz CLA AMG Edition 1 250 e 1.3 i 16V GPF 218 PHEV 160 cv Boîte auto;Mercedes-benz;CLA;2025.0;160000.0;29572.0;Hybride rechargeable essence;Traction;Ariana;8cv;;2026-07-13;2026-07-13;;https://www.automobile.tn/fr/occasion/mercedes-benz/cla/116173;;;
automobile.tn;Mercedes-Benz Classe C Avantgarde 300 2.0 i 16V EQ Boost 4MATIC 9G-TRONIC 258 cv Boîte auto;Mercedes-benz;Classe C;2023.0;179000.0;42016.0;Hybride léger essence;Intégrale;Ariana;9cv;;2026-07-13;2026-07-13;;https://www.automobile.tn/fr/occasion/mercedes-benz/classe-c/115747;;;
automobile.tn;Audi Q3 Sportback S-Line 35 1.5 TFSI 16V GPF Mild Hybrid DSG7 150 cv Boîte auto;Audi;Q3 Sportback;2020.0;130000.0;116520.0;Hybride léger essence;Traction;Ariana;8cv;;2026-07-13;2026-07-13;;https://www.automobile.tn/fr/occasion/audi/q3-sportback/113345;;;
automobile.tn;Toyota Land Cruiser;Toyota;Land Cruiser;2007.0;129000.0;216544.0;Diesel;Traction;Ariana;17cv;;2026-07-13;2026-07-13;;https://www.automobile.tn/fr/occasion/toyota/land-cruiser/113342;;;
automobile.tn;Mercedes-Benz GLA AMG 250e 1.3 i 16V 218 EQ Power 8G-DCT 163 cv Boîte auto;Mercedes-benz;GLA;2024.0;178000.0;10730.0;Hybride rechargeable essence;Traction;Ariana;8cv;;2026-07-13;2026-07-13;;https://www.automobile.tn/fr/occasion/mercedes-benz/gla/107925;;;
automobile.tn;BMW X3 Luxury Line 30d xDrive 3.0 d 211 cv Boîte auto;Bmw;X3;2006.0;49990.0;186000.0;Diesel;Intégrale;Ariana;13cv;;2026-07-13;2026-07-13;;https://www.automobile.tn/fr/occasion/bmw/x3/107922;;;
automobile.tn;GWM Haval H6 Luxury 1.5 T 143cv boite auto;Gwm;Haval H6;2020.0;58000.0;135000.0;Essence;Traction;Sfax;9cv;;2026-07-07;2026-07-13;;https://www.automobile.tn/fr/occasion/great-wall/h6/127898;;;
automobile.tn;Peugeot 301 Active 1.2 VTi 12V 82 cv;Peugeot;301;2020.0;34900.0;49950.0;Essence;Traction;Bizerte;5cv;;2026-07-07;2026-07-13;;https://www.automobile.tn/fr/occasion/peugeot/301/127586;;;
automobile.tn;Jeep Wrangler Sahara 3.6 i V6 4WD 284 cv Boîte auto;Jeep;Wrangler;2015.0;140000.0;126000.0;Essence;Intégrale;Tunis;20cv;;2026-07-07;2026-07-13;;https://www.automobile.tn/fr/occasion/jeep/wrangler-2021/127480;;;
automobile.tn;Volkswagen Golf 8 Life 1.5 eTSi 16V BMT DSG7 150 cv Boîte auto;Volkswagen;Golf 8;2020.0;95000.0;104000.0;Hybride léger essence;Traction;Tunis;8cv;;2026-07-07;2026-07-13;;https://www.automobile.tn/fr/occasion/volkswagen/golf-8/128040;;;
automobile.tn;Porsche Boxster S 981 S 3.4 Roadster 24V PDK S&S 315 cv Boîte auto;Porsche;Boxster;2014.0;190000.0;70000.0;Essence;Propulsion;Tunis;21cv;;2026-07-07;2026-07-13;;https://www.automobile.tn/fr/occasion/porsche/boxster/127294;;;
automobile.tn;Skoda Kushaq Style 1.0 TSI 116 cv boite auto;Skoda;Kushaq;2024.0;85800.0;29000.0;Essence;Traction;Tunis;7cv;;2026-07-07;2026-07-13;;https://www.automobile.tn/fr/occasion/skoda/kushaq/128085;;;
automobile.tn;Renault Velsatis Expression 2.2 dCi 115cv;Renault;Velsatis;2003.0;18000.0;286000.0;Diesel;Traction;Sfax;7cv;;2026-07-07;2026-07-13;;https://www.automobile.tn/fr/occasion/renault/vel-satis/112425;;;
automobile.tn;Mini Cooper 3 portes;Mini;Cooper 3 portes;2010.0;28000.0;156000.0;Essence;Traction;Tunis;5cv;;2026-07-07;2026-07-13;;https://www.automobile.tn/fr/occasion/mini/3-portes/128083;;;
automobile.tn;Peugeot 508 1.6 THP 16V S&S 150 cv;Peugeot;508;2016.0;40000.0;117000.0;Essence;Traction;Ariana;6cv;;2026-07-07;2026-07-13;;https://www.automobile.tn/fr/occasion/peugeot/508/128079;;;
automobile.tn;Land Rover Discovery Sport Pure 2.0 TD4 16V 4x4 5PL 180 cv Boîte auto;Land rover;Discovery Sport;2017.0;90000.0;111500.0;Diesel;Intégrale;Ariana;8cv;;2026-07-06;2026-07-13;;https://www.automobile.tn/fr/occasion/land-rover/discovery-sport/127227;;;
automobile.tn;Mercedes-Benz Classe A Style 180 Turbo 1.6 i 16V Turbo 122 cv;Mercedes-benz;Classe A;2015.0;50000.0;188000.0;Essence;Traction;Tunis;6cv;;2026-07-06;2026-07-13;;https://www.automobile.tn/fr/occasion/mercedes-benz/classe-a/128082;;;
automobile.tn;Fiat Grande Punto;Fiat;Grande Punto;2017.0;27000.0;158000.0;Essence;Intégrale;Ben Arous;4cv;;2026-07-06;2026-07-13;;https://www.automobile.tn/fr/occasion/fiat/grande-punto/128081;;;
automobile.tn;BMW Série 1 114i 1.6 i 16V 102 cv;Bmw;Série 1;2013.0;40000.0;230000.0;Essence;Traction;Ariana;6cv;;2026-07-06;2026-07-13;;https://www.automobile.tn/fr/occasion/bmw/serie-1-5p/127874;;;
automobile.tn;Volkswagen Golf 7 Match plus 1.5 TSI 16V Blue Motion DSG7 150 cv Boîte auto;Volkswagen;Golf 7;2020.0;80000.0;25000.0;Essence;Traction;Gafsa;8cv;;2026-07-06;2026-07-13;;https://www.automobile.tn/fr/occasion/volkswagen/golf-7/128078;;;
automobile.tn;Audi Q3 S-line 40 2.0 TFSI 16V GPF Quattro S Tronic7 190 cv Boîte auto;Audi;Q3;2022.0;187000.0;16800.0;Essence;Intégrale;Nabeul;11cv;;2026-07-06;2026-07-13;;https://www.automobile.tn/fr/occasion/audi/q3/128077;;;
automobile.tn;Ssangyong Tivoli 160 1.6 e-XDi 16V 2WD 115 cv;Ssangyong;Tivoli;2015.0;41500.0;205000.0;Diesel;Traction;Ben Arous;7cv;;2026-07-06;2026-07-13;;https://www.automobile.tn/fr/occasion/ssangyong/tivoli/126562;;;
automobile.tn;Fiat 500 Dolcevita 1.2 MPi 8V 69 cv;Fiat;500;2022.0;49500.0;55000.0;Essence;Traction;Sousse;4cv;;2026-07-06;2026-07-13;;https://www.automobile.tn/fr/occasion/fiat/500/128076;;;
automobile.tn;Mitsubishi ASX;Mitsubishi;ASX;2012.0;38000.0;190000.0;Essence;Intégrale;Ben Arous;9cv;;2026-07-06;2026-07-13;;https://www.automobile.tn/fr/occasion/mitsubishi/asx/127727;;;
automobile.tn;Peugeot 206 phase 2 1.1 i 60cv;Peugeot;206;2005.0;19000.0;204000.0;Essence;Traction;Bizerte;4cv;;2026-07-06;2026-07-13;;https://www.automobile.tn/fr/occasion/peugeot/206/128072;;;
automobile.tn;Alfa Romeo Giulietta 1.4 T-Jet 16V S&S 120 cv;Alfa romeo;Giulietta;2021.0;42000.0;98000.0;Essence;Traction;Tunis;7cv;;2026-07-06;2026-07-13;;https://www.automobile.tn/fr/occasion/alfa-romeo/giulietta/128071;;;
automobile.tn;Mercedes-Benz GLC 300 de 2.0 d 16V 333 EQ Power 4MATIC 9G-TRONIC 197 cv Boîte auto;Mercedes-benz;GLC;2024.0;225000.0;110000.0;Hybride rechargeable diesel;Intégrale;Sfax;7cv;;2026-07-06;2026-07-13;;https://www.automobile.tn/fr/occasion/mercedes-benz/glc/128070;;;
automobile.tn;Mercedes-Benz Classe C Classic 180 CGI 1.6 16V CGI 156 cv;Mercedes-benz;Classe C;2014.0;60000.0;168000.0;Essence;Propulsion;Sfax;9cv;;2026-07-06;2026-07-13;;https://www.automobile.tn/fr/occasion/mercedes-benz/classe-c/128067;;;
automobile.tn;Volkswagen Golf 6 Trend 1.4 i 16V 80 cv;Volkswagen;Golf 6;2013.0;36000.0;300000.0;Essence;Traction;Tunis;5cv;;2026-07-06;2026-07-13;;https://www.automobile.tn/fr/occasion/volkswagen/golf-6/128065;;;
automobile.tn;BMW Série 3 Access 316i 1.6 16V 136 cv Boîte auto;Bmw;Série 3;2015.0;55000.0;209000.0;Essence;Propulsion;Ben Arous;7cv;;2026-07-06;2026-07-13;;https://www.automobile.tn/fr/occasion/bmw/serie-3/127984;;;
automobile.tn;Chery Tiggo 2 Confort 1.5 106 cv;Chery;Tiggo 2;2019.0;39000.0;75000.0;Essence;Traction;Ariana;6cv;;2026-07-06;2026-07-13;;https://www.automobile.tn/fr/occasion/chery/tiggo-2/128064;;;
automobile.tn;MG e-HS Luxury Plus 1.5 T-GDI 16V 258 Plug in Hybrid 162 cv Boîte auto;Mg;e-HS;2023.0;85000.0;60000.0;Hybride rechargeable essence;Intégrale;Ariana;8cv;;2026-07-06;2026-07-13;;https://www.automobile.tn/fr/occasion/mg/ehs/126380;;;
automobile.tn;Renault Rafale Esprit Alpine 1.2 E-Tech full hybrid 200ch;Renault;Rafale;2026.0;170000.0;0.0;Hybride essence;Traction;Ariana;8cv;;2026-07-06;2026-07-13;;https://www.automobile.tn/fr/occasion/renault/rafale/126982;;;
automobile.tn;Chery QQ 1.0 69 cv;Chery;QQ;2017.0;21000.0;123000.0;Essence;Traction;Ariana;5cv;;2026-07-06;2026-07-13;;https://www.automobile.tn/fr/occasion/chery/qq/128059;;;
automobile.tn;KIA Sportage EX 1.6 CRDi 16V VGT Mhev 4x2 DCT7 136 cv Boîte auto;Kia;Sportage;2023.0;112000.0;92000.0;Hybride léger diesel;Traction;Nabeul;7cv;;2026-07-06;2026-07-13;;https://www.automobile.tn/fr/occasion/kia/sportage/127119;;;
automobile.tn;KIA Seltos 1.4 T-GDI 140 cv boite auto;Kia;Seltos;2020.0;95000.0;83000.0;Essence;Traction;Gabès;8cv;;2026-07-06;2026-07-13;;https://www.automobile.tn/fr/occasion/kia/seltos/122018;;;
automobile.tn;Chery Tiggo 8 1.5 T DCT 147 cv Boîte auto;Chery;Tiggo 8;2022.0;63500.0;139000.0;Essence;Traction;Sousse;9cv;;2026-07-06;2026-07-13;;https://www.automobile.tn/fr/occasion/chery/tiggo-8/125124;;;
automobile.tn;BMW X1 xLine 25e xDrive 1.5 i 12V 220 Plug in Hybrid 125 cv Boîte auto;Bmw;X1;2022.0;129000.0;35000.0;Hybride rechargeable essence;Intégrale;Tunis;6cv;;2026-07-06;2026-07-13;;https://www.automobile.tn/fr/occasion/bmw/x1/127407;;;
automobile.tn;MG GS Confort;Mg;GS;2026.0;80000.0;2050.0;Electrique;Propulsion;Ariana;4cv;;2026-07-06;2026-07-13;;https://www.automobile.tn/fr/occasion/mg/gs/127605;;;
automobile.tn;Toyota C-HR 1.2 T 16V 2WD 116 cv;Toyota;C-HR;2018.0;62500.0;185000.0;Essence;Traction;Ariana;6cv;;2026-07-06;2026-07-13;;https://www.automobile.tn/fr/occasion/toyota/c-hr/127216;;;
automobile.tn;Renault Kwid Populaire 1.0 L 64 cv;Renault;Kwid Populaire;2022.0;33500.0;96500.0;Essence;Traction;Ben Arous;4cv;;2026-07-06;2026-07-13;;https://www.automobile.tn/fr/occasion/renault/kwid/128056;;;
automobile.tn;Mercedes-Benz Classe C AMG 200 d 1.6 d 16V 9G-TRONIC BlueTEC 160 cv Boîte auto;Mercedes-benz;Classe C;2019.0;90000.0;238000.0;Diesel;Propulsion;Ariana;9cv;;2026-07-05;2026-07-13;;https://www.automobile.tn/fr/occasion/mercedes-benz/classe-c/127587;;;
automobile.tn;Volkswagen Golf 8 Style 1.4 eHybrid OPF 204ch DSG6 Boite Auto;Volkswagen;Golf 8;2022.0;95000.0;62300.0;Hybride rechargeable essence;Traction;Zaghouan;6cv;;2026-07-05;2026-07-13;;https://www.automobile.tn/fr/occasion/volkswagen/golf-8/128001;;;
automobile.tn;BMW Série 5 Pack M 520i 1.6 i 16V Steptronic8 170 cv Boîte auto;Bmw;Série 5;2017.0;105000.0;135000.0;Essence;Propulsion;Médenine;10cv;;2026-07-05;2026-07-13;;https://www.automobile.tn/fr/occasion/bmw/serie-5/128054;;;
automobile.tn;Ford Ecosport Titanium 1.0 SCTi EcoBoost 12V S&S 125 cv;Ford;Ecosport;2019.0;50000.0;89574.0;Essence;Traction;Ariana;7cv;;2026-07-05;2026-07-13;;https://www.automobile.tn/fr/occasion/ford/ecosport/128053;;;
automobile.tn;BMW Série 3 coupé Confort TV 320i 2.0 i 16V 170 cv;Bmw;Série 3 coupé;2011.0;44000.0;80000.0;Essence;Propulsion;Tunis;7cv;;2026-07-05;2026-07-13;;https://www.automobile.tn/fr/occasion/bmw/serie-3-coupe/128050;;;
automobile.tn;Mercedes-Benz Classe A AMG Premium 180 d 1.5 d 8V 7G-DCT 109 cv Boîte auto;Mercedes-benz;Classe A;2017.0;66000.0;200000.0;Diesel;Traction;Zaghouan;5cv;;2026-07-05;2026-07-13;;https://www.automobile.tn/fr/occasion/mercedes-benz/classe-a/127650;;;
automobile.tn;Geely GX3 1.5 L 107 cv;Geely;GX3;2021.0;47500.0;88000.0;Essence;Traction;Sousse;6cv;;2026-07-05;2026-07-13;;https://www.automobile.tn/fr/occasion/geely/gx3/128048;;;
automobile.tn;Volkswagen Golf 7;Volkswagen;Golf 7;2013.0;46000.0;195000.0;Essence;Traction;Ben Arous;5cv;;2026-07-05;2026-07-13;;https://www.automobile.tn/fr/occasion/volkswagen/golf-7/127257;;;
automobile.tn;Hyundai ix35 Toit Panoramique 2.0 MPI 16V 163 cv Boîte auto;Hyundai;ix35;2013.0;50000.0;220000.0;Essence;Traction;Médenine;11cv;;2026-07-05;2026-07-13;;https://www.automobile.tn/fr/occasion/hyundai/ix35/128046;;;
automobile.tn;KIA Rio Berline SX 1.4 i CVVT 16V 97 cv;Kia;Rio Berline;2010.0;26000.0;237000.0;Essence;Traction;Ariana;6cv;;2026-07-05;2026-07-13;;https://www.automobile.tn/fr/occasion/kia/rio/127939;;;
automobile.tn;Mercedes-Benz Classe A 180 CDi 1.5 CDI 8V DPF 109 cv;Mercedes-benz;Classe A;2013.0;44000.0;270000.0;Diesel;Traction;Sousse;7cv;;2026-07-05;2026-07-13;;https://www.automobile.tn/fr/occasion/mercedes-benz/classe-a/128043;;;
automobile.tn;Volkswagen Golf 6 Style 1.2 TSi 105 cv;Volkswagen;Golf 6;2011.0;42800.0;181000.0;Essence;Traction;Tunis;6cv;;2026-07-05;2026-07-13;;https://www.automobile.tn/fr/occasion/volkswagen/golf-6/128042;;;
automobile.tn;Audi Q2 Sport 30 1.0 TSI 12V S-Tronic 116 cv Boîte auto;Audi;Q2;2020.0;73000.0;75000.0;Essence;Traction;Sousse;6cv;;2026-07-05;2026-07-13;;https://www.automobile.tn/fr/occasion/audi/q2/128041;;;
automobile.tn;Mercedes-Benz Classe A;Mercedes-benz;Classe A;2026.0;165000.0;12000.0;Hybride rechargeable essence;Traction;Tunis;9cv;;2026-07-05;2026-07-13;;https://www.automobile.tn/fr/occasion/mercedes-benz/classe-a/128037;;;
automobile.tn;KIA Rio Berline EX 1.2 i-CVVT 16V 85 cv;Kia;Rio Berline;2013.0;32000.0;240000.0;Essence;Traction;Tunis;5cv;;2026-07-05;2026-07-13;;https://www.automobile.tn/fr/occasion/kia/rio/128034;;;
automobile.tn;KIA Rio Berline EX 1.2 i-CVVT 16V 85 cv;Kia;Rio Berline;2016.0;36000.0;180000.0;Essence;Traction;Sfax;5cv;;2026-07-05;2026-07-13;;https://www.automobile.tn/fr/occasion/kia/rio/128033;;;
automobile.tn;Mitsubishi L200 Sportero 2.5 DI-D 2WD Pickup double cabine 136 cv Boîte auto;Mitsubishi;L200 Sportero;2009.0;41000.0;300000.0;Diesel;Traction;Tataouine;10cv;;2026-07-05;2026-07-13;;https://www.automobile.tn/fr/occasion/mitsubishi/l200-sportero/128030;;;
automobile.tn;Chery Tiggo 3X Luxury 1.0 L Turbo CVT 102 cv Boîte auto;Chery;Tiggo 3X;2023.0;57000.0;15000.0;Essence;Traction;Ariana;6cv;;2026-07-05;2026-07-13;;https://www.automobile.tn/fr/occasion/chery/tiggo-3x/124860;;;
automobile.tn;DS 7 Crossback E-tense 1.6 THP 16V 360 Plug in Hybrid 4X4 S&S 200 cv Boîte auto;Ds;7 Crossback;2023.0;160000.0;40000.0;Hybride rechargeable essence;Intégrale;Monastir;11cv;;2026-07-05;2026-07-13;;https://www.automobile.tn/fr/occasion/ds/7-crossback/128029;;;
automobile.tn;Mercedes-Benz Classe C Avantgarde 180 CGI 1.8 16V CGI 7G-TRONIC+ BlueEFFICIENCY 156 cv Boîte auto;Mercedes-benz;Classe C;2011.0;56000.0;167022.0;Essence;Propulsion;Ben Arous;9cv;;2026-07-05;2026-07-13;;https://www.automobile.tn/fr/occasion/mercedes-benz/classe-c/128028;;;
automobile.tn;KIA Picanto Populaire 1.0 DPI 12V ISG 67 cv;Kia;Picanto;2023.0;41800.0;34000.0;Essence;Traction;Monastir;4cv;;2026-07-05;2026-07-13;;https://www.automobile.tn/fr/occasion/kia/picanto/128027;;;
automobile.tn;Toyota Agya Populaire 1.0 L 65 cv;Toyota;Agya;2022.0;33900.0;46000.0;Essence;Traction;Ariana;4cv;;2026-07-05;2026-07-13;;https://www.automobile.tn/fr/occasion/toyota/agya/128024;;;
automobile.tn;Citroën Berlingo Utilitaire;Citroën;Berlingo Utilitaire;2024.0;55000.0;22000.0;Diesel;Traction;Ariana;5cv;;2026-07-04;2026-07-13;;https://www.automobile.tn/fr/occasion/citroen/berlingo-utilitaire/128026;;;
automobile.tn;Honda Accord;Honda;Accord;2020.0;140000.0;115000.0;Essence;Traction;Sousse;10cv;;2026-07-13;2026-07-13;;https://www.automobile.tn/fr/occasion/honda/accord/127947;;;
automobile.tn;Chevrolet Cruze 1.6 i 16V 109 cv;Chevrolet;Cruze;2014.0;30000.0;165000.0;Essence;Traction;Ariana;7cv;;2026-07-04;2026-07-13;;https://www.automobile.tn/fr/occasion/chevrolet/cruze/128025;;;
automobile.tn;Renault Clio Zen 0.9 TCe 12V Energy S&S 90 cv;Renault;Clio;2020.0;46000.0;68600.0;Essence;Traction;Ariana;5cv;;2026-07-04;2026-07-13;;https://www.automobile.tn/fr/occasion/renault/clio/128023;;;
automobile.tn;Seat Altea Style 1.9 TDi DSG (6 rapports) 105 cv Boîte auto;Seat;Altea;2006.0;35000.0;216000.0;Diesel;Traction;Mahdia;8cv;;2026-07-04;2026-07-13;;https://www.automobile.tn/fr/occasion/seat/altea/126339;;;
automobile.tn;Peugeot 208 Populaire 1.2 PureTech 12V S&S 75 cv;Peugeot;208;2022.0;38500.0;20000.0;Essence;Traction;Ariana;4cv;;2026-07-04;2026-07-13;;https://www.automobile.tn/fr/occasion/peugeot/208/128017;;;
automobile.tn;Fiat Doblo 3 places 1.6 MJTD 16V Fourgon court 90 cv;Fiat;Doblo;2016.0;20000.0;266000.0;Diesel;Traction;Tunis;5cv;;2026-07-04;2026-07-13;;https://www.automobile.tn/fr/occasion/fiat/doblo/128016;;;
automobile.tn;Mercedes-Benz GLC AMG 250 d 2.1 d 16V 4MATIC BlueTEC 9G-Tronic 204 cv Boîte auto;Mercedes-benz;GLC;2018.0;135000.0;138000.0;Diesel;Intégrale;Tunis;12cv;;2026-07-04;2026-07-13;;https://www.automobile.tn/fr/occasion/mercedes-benz/glc/128015;;;
automobile.tn;Audi A8 Exclusive 60 3.0 TFSI e V6 24V 462 Plug in Hybrid Quattro Tiptronic8 340 cv Boîte auto;Audi;A8;2022.0;255000.0;70000.0;Hybride rechargeable essence;Intégrale;Ben Arous;22cv;;2026-07-04;2026-07-13;;https://www.automobile.tn/fr/occasion/audi/a8/128013;;;
automobile.tn;Audi Q2 Sport;Audi;Q2;2020.0;85000.0;90000.0;Essence;Traction;Sfax;6cv;;2026-07-04;2026-07-13;;https://www.automobile.tn/fr/occasion/audi/q2/126542;;;
automobile.tn;Mercedes-Benz Classe C Avantgarde 180 1.5 i 16V EQ Boost 9G-TRONIC 170 cv Boîte auto;Mercedes-benz;Classe C;2022.0;139900.0;119500.0;Hybride léger essence;Propulsion;Tunis;9cv;;2026-07-04;2026-07-13;;https://www.automobile.tn/fr/occasion/mercedes-benz/classe-c/127820;;;
automobile.tn;Honda City LX Sport 1.5 L CVT 120 cv Boîte auto;Honda;City;2021.0;62500.0;105000.0;Essence;Traction;Ariana;6cv;;2026-07-04;2026-07-13;;https://www.automobile.tn/fr/occasion/honda/city/128009;;;
automobile.tn;Chery Tiggo 2 Confort 1.5 106 cv;Chery;Tiggo 2;2020.0;40500.0;63700.0;Essence;Traction;Ariana;6cv;;2026-07-04;2026-07-13;;https://www.automobile.tn/fr/occasion/chery/tiggo-2/127552;;;
automobile.tn;Hyundai i10 1.2 i 16V 84 cv Boîte auto;Hyundai;i10;2021.0;40000.0;150000.0;Essence;Traction;Ben Arous;5cv;;2026-07-04;2026-07-13;;https://www.automobile.tn/fr/occasion/hyundai/i10/128004;;;
automobile.tn;Land Rover Defender 110 X;Land rover;Defender 110;1979.0;45000.0;328000.0;Diesel;Intégrale;Ariana;9cv;;2026-07-04;2026-07-13;;https://www.automobile.tn/fr/occasion/land-rover/defender/128002;;;
automobile.tn;Mercedes-Benz Classe C Classic 180 2.0 i 16V 129 cv Boîte auto;Mercedes-benz;Classe C;2001.0;34000.0;340000.0;Essence;Propulsion;Mahdia;9cv;;2026-07-04;2026-07-13;;https://www.automobile.tn/fr/occasion/mercedes-benz/classe-c/128000;;;
automobile.tn;Seat Arona Style 1.6 L 110 cv;Seat;Arona;2021.0;61000.0;140000.0;Essence;Traction;Ben Arous;6cv;;2026-07-04;2026-07-13;;https://www.automobile.tn/fr/occasion/seat/arona/127999;;;
automobile.tn;Volkswagen Golf 7 Confortline 1.6 TDI 16V Blue Motion 115 cv;Volkswagen;Golf 7;2019.0;65000.0;116000.0;Diesel;Traction;Ariana;6cv;;2026-07-04;2026-07-13;;https://www.automobile.tn/fr/occasion/volkswagen/golf-7/127090;;;
automobile.tn;Citroën Berlingo Pack Look ALU 1.6 BlueHDi FAP S&S 120 cv;Citroën;Berlingo;2017.0;58000.0;240000.0;Diesel;Traction;Tunis;6cv;;2026-07-04;2026-07-13;;https://www.automobile.tn/fr/occasion/citroen/berlingo-multispace/127475;;;
automobile.tn;Volkswagen Golf 7 Trendline 1.2 TSI 16V S&S 110 cv;Volkswagen;Golf 7;2013.0;41000.0;241000.0;Essence;Traction;Tunis;5cv;;2026-07-04;2026-07-13;;https://www.automobile.tn/fr/occasion/volkswagen/golf-7/127951;;;
automobile.tn;Mercedes-Benz Classe C Avantgarde 180 CGI 1.6 16V 7G-TRONIC+ 156 cv Boîte auto;Mercedes-benz;Classe C;2017.0;78000.0;123000.0;Essence;Propulsion;Tunis;8cv;;2026-07-03;2026-07-13;;https://www.automobile.tn/fr/occasion/mercedes-benz/classe-c/127996;;;
automobile.tn;BMW Série 1 Business Line 118i 1.6 i 16V 136 cv;Bmw;Série 1;2017.0;51500.0;167000.0;Essence;Propulsion;Ariana;7cv;;2026-07-03;2026-07-13;;https://www.automobile.tn/fr/occasion/bmw/serie-1-5p/127627;;;
automobile.tn;Ford Kuga Titanium 1.5 Ti-VCT EcoBoost 16V 4x4 S&S 182 cv Boîte auto;Ford;Kuga;2017.0;63500.0;134000.0;Essence;Intégrale;Sfax;11cv;;2026-07-03;2026-07-13;;https://www.automobile.tn/fr/occasion/ford/kuga/126803;;;
automobile.tn;Citroën C5 1.6 HDi FAP 115 cv;Citroën;C5;2009.0;28000.0;472000.0;Diesel;Traction;Médenine;6cv;;2026-07-03;2026-07-13;;https://www.automobile.tn/fr/occasion/citroen/c5/126332;;;
automobile.tn;Peugeot 208 Populaire 1.2 VTi 12V 68 cv;Peugeot;208;2019.0;29500.0;68000.0;Essence;Traction;Tunis;4cv;;2026-07-03;2026-07-13;;https://www.automobile.tn/fr/occasion/peugeot/208/127721;;;
automobile.tn;Volkswagen Polo Prestige 1.0 i 12V 75 cv;Volkswagen;Polo;2021.0;56900.0;32000.0;Essence;Traction;Ariana;5cv;;2026-07-03;2026-07-13;;https://www.automobile.tn/fr/occasion/volkswagen/polo/127642;;;
automobile.tn;Suzuki Swift GL 1.2 L 85 cv;Suzuki;Swift;2022.0;46000.0;68586.0;Essence;Traction;Ariana;5cv;;2026-07-03;2026-07-13;;https://www.automobile.tn/fr/occasion/suzuki/swift/127944;;;
automobile.tn;Jeep Renegade Longitude 1.6 e.Torq 16V 2WD S&S 110 cv;Jeep;Renegade;2018.0;55000.0;100000.0;Essence;Traction;Tunis;6cv;;2026-07-03;2026-07-13;;https://www.automobile.tn/fr/occasion/jeep/renegade/127928;;;
automobile.tn;MG e-HS Luxury Plus 1.5 T-GDI 16V 258 Plug in Hybrid 162 cv Boîte auto;Mg;e-HS;2022.0;95000.0;53000.0;Hybride rechargeable essence;Propulsion;Tunis;8cv;;2026-07-03;2026-07-13;;https://www.automobile.tn/fr/occasion/mg/ehs/127018;;;
automobile.tn;Renault Clio Evolution 1.0 L TCe 100 100 cv;Renault;Clio;2024.0;60500.0;27000.0;Essence;Traction;Ariana;6cv;;2026-07-03;2026-07-13;;https://www.automobile.tn/fr/occasion/renault/clio/127672;;;
automobile.tn;Mercedes-Benz Classe E Avantgarde 200 1.8 CGI 16V BlueEFFICIENCY 184 cv Boîte auto;Mercedes-benz;Classe E;2011.0;51000.0;230000.0;Essence;Propulsion;Bizerte;11cv;;2026-07-03;2026-07-13;;https://www.automobile.tn/fr/occasion/mercedes-benz/classe-e/126960;;;
automobile.tn;Suzuki Celerio GL 1.0 L GL 68 cv Boîte auto;Suzuki;Celerio;2024.0;40000.0;33000.0;Essence;Traction;Ariana;4cv;;2026-07-03;2026-07-13;;https://www.automobile.tn/fr/occasion/suzuki/celerio/126229;;;
automobile.tn;GWM Haval H6 Luxury 1.5 T 143cv boite auto;Gwm;Haval H6;2020.0;65000.0;101000.0;Essence;Traction;Ben Arous;9cv;;2026-07-03;2026-07-13;;https://www.automobile.tn/fr/occasion/great-wall/h6/127980;;;
automobile.tn;Renault Fluence;Renault;Fluence;2011.0;28000.0;230000.0;Essence;Traction;Ariana;7cv;;2026-07-03;2026-07-13;;https://www.automobile.tn/fr/occasion/renault/fluence/127952;;;
automobile.tn;Mercedes-Benz Classe C Avantgarde 180 CGI 1.6 16V 7G-TRONIC+ 156 cv Boîte auto;Mercedes-benz;Classe C;2017.0;85000.0;97000.0;Essence;Propulsion;Ariana;8cv;;2026-07-03;2026-07-13;;https://www.automobile.tn/fr/occasion/mercedes-benz/classe-c/127676;;;
automobile.tn;Fiat Doblo Maxi 3 places Maxi 1.3 MJTD 16V Fourgon long 90 cv;Fiat;Doblo Maxi;2020.0;28000.0;233000.0;Diesel;Traction;Tunis;5cv;;2026-07-03;2026-07-13;;https://www.automobile.tn/fr/occasion/fiat/doblo-maxi/123941;;;
automobile.tn;Mazda 3 sedan Core+ Grade 1.5 L Skyactiv-G 112 cv;Mazda;3 sedan;2017.0;45000.0;136000.0;Essence;Traction;Ben Arous;6cv;;2026-07-03;2026-07-13;;https://www.automobile.tn/fr/occasion/mazda/3-sedan/127049;;;
automobile.tn;Volvo XC60 D5 2.4 D 20V DPF Geartronic 215 cv Boîte auto;Volvo;XC60;2010.0;45000.0;210000.0;Diesel;Intégrale;Tunis;13cv;;2026-07-03;2026-07-13;;https://www.automobile.tn/fr/occasion/volvo/xc60/125453;;;
automobile.tn;KIA Sportage GT-Line 1.6 CRDi VGT 16V 4x2 DCT7 136 cv Boîte auto;Kia;Sportage;2021.0;93000.0;105000.0;Diesel;Traction;Ben Arous;7cv;;2026-07-03;2026-07-13;;https://www.automobile.tn/fr/occasion/kia/sportage/127786;;;
automobile.tn;Mercedes-Benz GLC AMG 250 d 2.1 d 16V 4MATIC BlueTEC 9G-Tronic 204 cv Boîte auto;Mercedes-benz;GLC;2018.0;110000.0;165000.0;Diesel;Intégrale;Sfax;12cv;;2026-07-02;2026-07-13;;https://www.automobile.tn/fr/occasion/mercedes-benz/glc/126708;;;
automobile.tn;Fiat Fiorino 1.3 MJTD 16V Fourgon 75 cv;Fiat;Fiorino;2022.0;33000.0;96000.0;Diesel;Traction;Mahdia;5cv;;2026-07-02;2026-07-13;;https://www.automobile.tn/fr/occasion/fiat/fiorino/127241;;;
automobile.tn;Ford Transit Custom 2.2 L Diesel 100 cv;Ford;Transit Custom;2021.0;52000.0;367000.0;Diesel;Traction;Mahdia;7cv;;2026-07-02;2026-07-13;;https://www.automobile.tn/fr/occasion/ford/transit-custom/127275;;;
automobile.tn;KIA Rio 5p 1.4 L 100 cv Boîte auto;Kia;Rio 5p;2022.0;52000.0;79000.0;Essence;Traction;Ariana;6cv;;2026-07-02;2026-07-13;;https://www.automobile.tn/fr/occasion/kia/rio-5p/127975;;;
automobile.tn;Peugeot 208 Populaire 1.2 VTi 12V 68 cv;Peugeot;208;2019.0;26000.0;136000.0;Essence;Traction;Tunis;4cv;;2026-07-02;2026-07-13;;https://www.automobile.tn/fr/occasion/peugeot/208/127974;;;
automobile.tn;Fiat 500 Pop 1.2 MPi 8V 69 cv;Fiat;500;2019.0;38000.0;85000.0;Essence;Traction;Tunis;4cv;;2026-07-02;2026-07-13;;https://www.automobile.tn/fr/occasion/fiat/500/127539;;;
automobile.tn;KIA Picanto;Kia;Picanto;2011.0;22500.0;265000.0;Essence;Traction;Ariana;4cv;;2026-07-02;2026-07-13;;https://www.automobile.tn/fr/occasion/kia/picanto/127970;;;
automobile.tn;Volkswagen Golf 7 Join 1.0 TSI 12V Blue Motion 110 cv;Volkswagen;Golf 7;2019.0;65000.0;168000.0;Essence;Traction;Sousse;5cv;;2026-07-02;2026-07-13;;https://www.automobile.tn/fr/occasion/volkswagen/golf-7/126809;;;
automobile.tn;Mahindra KUV 100 K8 1.2 82cv;Mahindra;KUV 100;2018.0;27000.0;40000.0;Essence;Traction;Tunis;5cv;;2026-07-02;2026-07-13;;https://www.automobile.tn/fr/occasion/mahindra/kuv-100/127556;;;
automobile.tn;Fiat 500 1.2 L 69 cv Boîte auto;Fiat;500;2017.0;38800.0;99000.0;Essence;Traction;Tunis;4cv;;2026-07-02;2026-07-13;;https://www.automobile.tn/fr/occasion/fiat/500/127963;;;
automobile.tn;Toyota C-HR 1.2 T 16V 2WD CVT 116 cv Boîte auto;Toyota;C-HR;2019.0;70000.0;115000.0;Essence;Traction;Ariana;6cv;;2026-07-02;2026-07-13;;https://www.automobile.tn/fr/occasion/toyota/c-hr/127961;;;
automobile.tn;Jeep Compass Limited 2.2 CRD 16V DPF 4WD 163 cv;Jeep;Compass;2013.0;49900.0;220000.0;Diesel;Intégrale;Jendouba;8cv;;2026-07-02;2026-07-13;;https://www.automobile.tn/fr/occasion/jeep/compass/127956;;;
automobile.tn;Renault Megane Dynamique 1.5 dCi 110 cv;Renault;Megane;2009.0;25000.0;268000.0;Diesel;Traction;Sfax;6cv;;2026-07-02;2026-07-13;;https://www.automobile.tn/fr/occasion/renault/megane/127955;;;
automobile.tn;BMW X3 xLine 20i sDrive 1.6 i 16V 170 cv Boîte auto;Bmw;X3;2015.0;68000.0;185000.0;Essence;Intégrale;Sfax;9cv;;2026-07-02;2026-07-13;;https://www.automobile.tn/fr/occasion/bmw/x3/127954;;;
automobile.tn;KIA Cerato 1.6 L BVM 130 cv;Kia;Cerato;2014.0;37999.0;205000.0;Essence;Traction;Ariana;7cv;;2026-07-02;2026-07-13;;https://www.automobile.tn/fr/occasion/kia/cerato/127617;;;
automobile.tn;BMW Série 3 Access 316i 1.6 16V 136 cv Boîte auto;Bmw;Série 3;2014.0;49000.0;179000.0;Essence;Propulsion;Ariana;7cv;;2026-07-02;2026-07-13;;https://www.automobile.tn/fr/occasion/bmw/serie-3/127953;;;
automobile.tn;Toyota RAV 4 Hybride 2.5 VVT-iE 16V 218 Hybrid 2WD E-CVT 177 cv Boîte auto;Toyota;RAV 4;2021.0;115000.0;115000.0;Hybride essence;Traction;Ariana;9cv;;2026-07-02;2026-07-13;;https://www.automobile.tn/fr/occasion/toyota/rav-4/127949;;;
automobile.tn;Renault Captur;Renault;Captur;2022.0;58000.0;150000.0;Hybride rechargeable essence;Traction;Médenine;6cv;;2026-07-02;2026-07-13;;https://www.automobile.tn/fr/occasion/renault/captur/127948;;;
automobile.tn;Fiat 500 1.2 L 69 cv Boîte auto;Fiat;500;2016.0;39000.0;146000.0;Essence;Traction;Sfax;4cv;;2026-07-02;2026-07-13;;https://www.automobile.tn/fr/occasion/fiat/500/126997;;;
automobile.tn;Dacia Dokker Van 1.5 Lux 84 cv;Dacia;Dokker Van;2016.0;26500.0;260000.0;Diesel;Traction;Tunis;6cv;;2026-07-01;2026-07-13;;https://www.automobile.tn/fr/occasion/dacia/dokker-van/127945;;;
automobile.tn;Mercedes-Benz Classe C;Mercedes-benz;Classe C;2019.0;113000.0;170000.0;Diesel;Propulsion;Ariana;8cv;;2026-07-01;2026-07-13;;https://www.automobile.tn/fr/occasion/mercedes-benz/classe-c/125954;;;
automobile.tn;Mazda 2 Sedan Sélection 1.5 L Skyactiv 107 cv;Mazda;2 Sedan;2016.0;34000.0;274000.0;Essence;Traction;Sousse;6cv;;2026-07-01;2026-07-13;;https://www.automobile.tn/fr/occasion/mazda/2-sedan/127942;;;
automobile.tn;KIA Sportage Black Edition 1.6 GDi CVVT 16V 4x2 ISG 132 cv Boite Auto;Kia;Sportage;2022.0;85000.0;156000.0;Essence;Traction;Sidi Bouzid;8cv;;2026-07-01;2026-07-13;;https://www.automobile.tn/fr/occasion/kia/sportage/127941;;;
automobile.tn;Volkswagen Golf 7 Lounge 1.2 TSI 16V Blue Motion S&S 110 cv;Volkswagen;Golf 7;2015.0;47000.0;280000.0;Essence;Traction;Monastir;5cv;;2026-07-01;2026-07-13;;https://www.automobile.tn/fr/occasion/volkswagen/golf-7/127566;;;
automobile.tn;Mercedes-Benz Classe C AMG 180 1.5 i 16V EQ Boost 9G-TRONIC 170 cv Boîte auto;Mercedes-benz;Classe C;2022.0;142000.0;95000.0;Hybride léger essence;Propulsion;Ariana;9cv;;2026-07-01;2026-07-13;;https://www.automobile.tn/fr/occasion/mercedes-benz/classe-c/126926;;;
automobile.tn;Citroën C3 Live 1.2 VTi PureTech 12V 82 cv;Citroën;C3;2020.0;32000.0;76000.0;Essence;Traction;La Manouba;4cv;;2026-07-01;2026-07-13;;https://www.automobile.tn/fr/occasion/citroen/c3/127903;;;
automobile.tn;BMW Série 3 Sport Line 320i 2.0 16V 184 cv Boîte auto;Bmw;Série 3;2012.0;50000.0;252000.0;Essence;Propulsion;Tunis;10cv;;2026-07-01;2026-07-13;;https://www.automobile.tn/fr/occasion/bmw/serie-3/127935;;;
automobile.tn;BMW Série 1;Bmw;Série 1;2016.0;50000.0;149000.0;Essence;Propulsion;Tunis;7cv;;2026-07-01;2026-07-13;;https://www.automobile.tn/fr/occasion/bmw/serie-1-5p/126692;;;
automobile.tn;Renault Megane Dynamique;Renault;Megane;2010.0;29000.0;158000.0;Essence;Traction;Bizerte;7cv;;2026-07-01;2026-07-13;;https://www.automobile.tn/fr/occasion/renault/megane/127920;;;
automobile.tn;Alfa Romeo Giulietta 1.4 TB 16V TCT MultiAir S&S 170 cv Boîte auto;Alfa romeo;Giulietta;2019.0;46500.0;88000.0;Essence;Traction;Ben Arous;9cv;;2026-07-01;2026-07-13;;https://www.automobile.tn/fr/occasion/alfa-romeo/giulietta/127918;;;
automobile.tn;Mercedes-Benz Classe E Avantgarde 250 CDi 2.1 CDI 16V DPF 4MATIC 7G-TRONIC+ 204 cv Boîte auto;Mercedes-benz;Classe E;2014.0;60000.0;106000.0;Diesel;Traction;Nabeul;10cv;;2026-07-01;2026-07-13;;https://www.automobile.tn/fr/occasion/mercedes-benz/classe-e/127399;;;
automobile.tn;Mazda 2 Sedan Sélection 1.5 L Skyactiv 107 cv;Mazda;2 Sedan;2017.0;39000.0;157000.0;Essence;Traction;Ben Arous;6cv;;2026-07-01;2026-07-13;;https://www.automobile.tn/fr/occasion/mazda/2-sedan/123449;;;
automobile.tn;Volkswagen Golf 7 Confortline 1.6 TDI 16V Blue Motion S&S 110 cv;Volkswagen;Golf 7;2013.0;49999.0;233000.0;Diesel;Traction;Ariana;5cv;;2026-07-01;2026-07-13;;https://www.automobile.tn/fr/occasion/volkswagen/golf-7/127915;;;
automobile.tn;Volkswagen Tiguan R-Line 1.4 TSi 16V 245 e-Hybrid BMT DSG6 150 cv Boîte auto;Volkswagen;Tiguan;2022.0;130000.0;60000.0;Hybride rechargeable essence;Traction;Tunis;8cv;;2026-07-01;2026-07-13;;https://www.automobile.tn/fr/occasion/volkswagen/tiguan/126922;;;
automobile.tn;Mercedes-Benz CLA AMG 200 1.3 i 16V GPF 7G-DCT 163 cv Boîte auto;Mercedes-benz;CLA;2024.0;170000.0;9000.0;Essence;Propulsion;Tunis;9cv;;2026-07-13;2026-07-13;;https://www.automobile.tn/fr/occasion/mercedes-benz/cla/127545;;;
automobile.tn;DFSK Glory 500 MT;Dfsk;Glory 500;2025.0;63000.0;8500.0;Essence;Traction;Ariana;7cv;;2026-07-01;2026-07-13;;https://www.automobile.tn/fr/occasion/dfsk/glory-500/127912;;;
automobile.tn;Tata Xenon X2 Simple Cabine;Tata;Xenon X2 Simple Cabine;2023.0;45000.0;143000.0;Diesel;Propulsion;Gabès;7cv;;2026-07-01;2026-07-13;;https://www.automobile.tn/fr/occasion/tata/xenon-x2/127572;;;
automobile.tn;KIA Sportage LX GCC 2.0 Essence BVA 156ch 1.6 l T-GDI 7-DCT 180 cv Boîte auto;Kia;Sportage;2023.0;85000.0;63000.0;Essence;Traction;Mahdia;10cv;;2026-07-01;2026-07-13;;https://www.automobile.tn/fr/occasion/kia/sportage/127831;;;
automobile.tn;KIA Rio 5p GT-Line 1.2 i-CVVT 16V ISG 84 cv;Kia;Rio 5p;2021.0;59000.0;138000.0;Essence;Traction;Le Kef;5cv;;2026-07-01;2026-07-13;;https://www.automobile.tn/fr/occasion/kia/rio-5p/127911;;;
automobile.tn;BYD Song Plus Flagship 1.5 L DM-i 265 cv Boîte auto;Byd;Song Plus;2026.0;119000.0;3500.0;Hybride rechargeable essence;Traction;Bizerte;5cv;;2026-07-01;2026-07-13;;https://www.automobile.tn/fr/occasion/byd/song-plus/127910;;;
automobile.tn;Peugeot 208 Active 1.2 PureTech 12V S&S 75 cv;Peugeot;208;2022.0;42500.0;71000.0;Essence;Traction;Ariana;5cv;;2026-06-30;2026-07-13;;https://www.automobile.tn/fr/occasion/peugeot/208/127909;;;
automobile.tn;Mitsubishi L200 Double Cabine;Mitsubishi;L200 Double Cabine;2007.0;64000.0;290000.0;Diesel;Intégrale;Tunis;10cv;;2026-06-30;2026-07-13;;https://www.automobile.tn/fr/occasion/mitsubishi/l200-double-cabine/127908;;;
automobile.tn;Audi Q2 Design 30 1.0 TSI 12V S-Tronic 116 cv Boîte auto;Audi;Q2;2019.0;72000.0;105600.0;Essence;Traction;Ariana;6cv;;2026-06-30;2026-07-13;;https://www.automobile.tn/fr/occasion/audi/q2/127869;;;
automobile.tn;Toyota C-HR 1.2 L 116 cv Boîte auto;Toyota;C-HR;2020.0;72000.0;106000.0;Essence;Traction;Siliana;6cv;;2026-06-30;2026-07-13;;https://www.automobile.tn/fr/occasion/toyota/c-hr/127905;;;
automobile.tn;Peugeot 2008 Allure Toit Cielo 1.2 THP Puretech 12V S&S 110 cv;Peugeot;2008;2019.0;51500.0;117000.0;Essence;Traction;Ben Arous;5cv;;2026-06-30;2026-07-13;;https://www.automobile.tn/fr/occasion/peugeot/2008/127107;;;
automobile.tn;Mercedes-Benz Classe E Avantgarde 200 1.8 CGI 16V BlueEFFICIENCY 184 cv Boîte auto;Mercedes-benz;Classe E;2012.0;43000.0;350000.0;Essence;Propulsion;Bizerte;11cv;;2026-06-30;2026-07-13;;https://www.automobile.tn/fr/occasion/mercedes-benz/classe-e/126869;;;
automobile.tn;Ford Ecosport;Ford;Ecosport;2022.0;65500.0;37000.0;Essence;Intégrale;Ariana;7cv;;2026-06-30;2026-07-13;;https://www.automobile.tn/fr/occasion/ford/ecosport/126850;;;
automobile.tn;Dacia Logan Van 1.5 dCi 68 cv;Dacia;Logan Van;2011.0;12200.0;480000.0;Diesel;Traction;Ben Arous;6cv;;2026-06-30;2026-07-13;;https://www.automobile.tn/fr/occasion/dacia/logan-van/127846;;;
automobile.tn;Land Rover Discovery Sport HSE 2.2 TD4 16V 4x4 5PL 150 cv Boîte auto;Land rover;Discovery Sport;2015.0;85000.0;106000.0;Diesel;Intégrale;Tunis;9cv;;2026-06-30;2026-07-13;;https://www.automobile.tn/fr/occasion/land-rover/discovery-sport/127893;;;
automobile.tn;Mahindra KUV 100 K8 1.2 82cv;Mahindra;KUV 100;2019.0;31000.0;110000.0;Essence;Traction;Sfax;5cv;;2026-06-30;2026-07-13;;https://www.automobile.tn/fr/occasion/mahindra/kuv-100/127892;;;
automobile.tn;Geely GX3 1.5 L 107 cv;Geely;GX3;2021.0;50000.0;40500.0;Essence;Traction;Ariana;6cv;;2026-06-30;2026-07-13;;https://www.automobile.tn/fr/occasion/geely/gx3/126950;;;
automobile.tn;Mercedes-Benz CLA 200 d 2.0 d 16V 8G-DCT 150 cv Boîte auto;Mercedes-benz;CLA;2022.0;96000.0;134000.0;Diesel;Traction;Sfax;8cv;;2026-06-30;2026-07-13;;https://www.automobile.tn/fr/occasion/mercedes-benz/cla/127891;;;
automobile.tn;Opel Mokka Elegance Limited 1.2 12V Turbo 4x2 S&S 130 cv Boîte auto;Opel;Mokka;2022.0;76000.0;21000.0;Essence;Traction;Tunis;7cv;;2026-06-30;2026-07-13;;https://www.automobile.tn/fr/occasion/opel/mokka/127890;;;
automobile.tn;KIA Sportage GT-Line 1.6 CRDi VGT 16V 4x4 DCT7 136 cv Boîte auto;Kia;Sportage;2018.0;90000.0;110000.0;Diesel;Intégrale;Gafsa;7cv;;2026-06-30;2026-07-13;;https://www.automobile.tn/fr/occasion/kia/sportage/127888;;;
automobile.tn;Volkswagen Golf 8 Life 1.0 TSi 12V BMT 110 cv;Volkswagen;Golf 8;2021.0;86000.0;120000.0;Essence;Traction;Ariana;6cv;;2026-06-30;2026-07-13;;https://www.automobile.tn/fr/occasion/volkswagen/golf-8/125885;;;
automobile.tn;Skoda Kushaq Style 1.0 TSI 116 cv boite auto;Skoda;Kushaq;2023.0;74800.0;57000.0;Essence;Traction;Tunis;7cv;;2026-06-30;2026-07-13;;https://www.automobile.tn/fr/occasion/skoda/kushaq/127881;;;
automobile.tn;Nissan Qashqai Tekna 1.2 DIG-T 16V 2WD Xtronic CVT S&S 115 cv Boîte auto;Nissan;Qashqai;2020.0;66500.0;120000.0;Essence;Propulsion;Sousse;6cv;;2026-06-30;2026-07-13;;https://www.automobile.tn/fr/occasion/nissan/qashqai/126773;;;
automobile.tn;Ssangyong XLV 160 1.6 e-XGi 16V 2WD 128 cv;Ssangyong;XLV;2017.0;43500.0;138000.0;Essence;Traction;Ben Arous;7cv;;2026-06-30;2026-07-13;;https://www.automobile.tn/fr/occasion/ssangyong/xlv/123359;;;
automobile.tn;Hyundai Grand i10 Populaire 1.0 65cv populaire;Hyundai;Grand i10;2026.0;46000.0;0.0;Essence;Traction;Tunis;4cv;;2026-06-30;2026-07-13;;https://www.automobile.tn/fr/occasion/hyundai/grand-i10/127880;;;
automobile.tn;KIA Rio 5p GT-Line 1.2 i-CVVT 16V ISG 84 cv;Kia;Rio 5p;2022.0;60000.0;85000.0;Essence;Traction;Monastir;5cv;;2026-06-30;2026-07-13;;https://www.automobile.tn/fr/occasion/kia/rio-5p/126393;;;
automobile.tn;Renault Express Van 1.5 dCi S&S 95 cv;Renault;Express Van;2024.0;49000.0;9000.0;Diesel;Traction;Bizerte;5cv;;2026-06-30;2026-07-13;;https://www.automobile.tn/fr/occasion/renault/express-van/127548;;;
automobile.tn;Renault Symbol 1.2 75 cv;Renault;Symbol;2010.0;25000.0;280000.0;Essence;Traction;Tunis;5cv;;2026-06-30;2026-07-13;;https://www.automobile.tn/fr/occasion/renault/symbol/127878;;;
automobile.tn;MG 3 Hybrid+ Luxury;Mg;3 Hybrid+;2025.0;75500.0;14000.0;Hybride essence;Traction;Ariana;5cv;;2026-06-30;2026-07-13;;https://www.automobile.tn/fr/occasion/mg/3-hybride/127468;;;
automobile.tn;Mercedes-Benz Classe C 300 e 2.0 i 16V 313 EQ Power 9G-TRONIC 204 cv Boîte auto;Mercedes-benz;Classe C;2022.0;156000.0;71000.0;Hybride rechargeable essence;Traction;Sousse;11cv;;2026-06-30;2026-07-13;;https://www.automobile.tn/fr/occasion/mercedes-benz/classe-c/127087;;;
automobile.tn;Ford Focus Ghia 1.6 i 16V 100cv;Ford;Focus;2000.0;20000.0;127000.0;Essence;Intégrale;Tunis;7cv;;2026-06-30;2026-07-13;;https://www.automobile.tn/fr/occasion/ford/focus/127692;;;
automobile.tn;BMW Série 3 Luxury Line 318i 1.5 16V 136 cv Boîte auto;Bmw;Série 3;2017.0;61500.0;180000.0;Essence;Propulsion;Tunis;7cv;;2026-06-30;2026-07-13;;https://www.automobile.tn/fr/occasion/bmw/serie-3/127872;;;
automobile.tn;KIA Sportage GT-Line 1.6 T-GDi 16V 4x4 DCT7 177 cv Boîte auto;Kia;Sportage;2020.0;86000.0;132000.0;Essence;Intégrale;Ben Arous;11cv;;2026-06-30;2026-07-13;;https://www.automobile.tn/fr/occasion/kia/sportage/126606;;;
automobile.tn;Citroën C2 1.1 i 60cv;Citroën;C2;2007.0;19300.0;175000.0;Essence;Traction;Ben Arous;5cv;;2026-06-29;2026-07-13;;https://www.automobile.tn/fr/occasion/citroen/c2/127875;;;
automobile.tn;Mercedes-Benz Classe A AMG 180 d 1.5 d 8V 7G-DCT 116 cv Boîte auto;Mercedes-benz;Classe A;2020.0;90000.0;126500.0;Diesel;Traction;Médenine;7cv;;2026-06-29;2026-07-13;;https://www.automobile.tn/fr/occasion/mercedes-benz/classe-a/126800;;;
automobile.tn;Volkswagen Golf 7 IQ DRIVE 1.0 TSI GPF 12V Blue Motion 116 cv;Volkswagen;Golf 7;2020.0;69500.0;100000.0;Essence;Traction;Sfax;6cv;;2026-06-29;2026-07-13;;https://www.automobile.tn/fr/occasion/volkswagen/golf-7/127873;;;
automobile.tn;Skoda Kushaq Ambition 1.0 TSI 116 cv;Skoda;Kushaq;2024.0;73000.0;28000.0;Essence;Traction;Sfax;6cv;;2026-06-29;2026-07-13;;https://www.automobile.tn/fr/occasion/skoda/kushaq/127870;;;
automobile.tn;Mercedes-Benz GLC Coupé 300 e 2.0 i 16V 313 EQ Power 4MATIC 9G-TRONIC 204 cv Boîte auto;Mercedes-benz;GLC Coupé;2025.0;295000.0;12000.0;Hybride rechargeable essence;Intégrale;Ariana;11cv;;2026-06-29;2026-07-13;;https://www.automobile.tn/fr/occasion/mercedes-benz/glc-coupe/127868;;;
automobile.tn;Geely GX3 Pro 1.5 L CVT 103 cv Boîte auto;Geely;GX3 Pro;2024.0;55000.0;45730.0;Essence;Traction;Nabeul;5cv;;2026-06-29;2026-07-13;;https://www.automobile.tn/fr/occasion/geely/gx3-pro/127867;;;
automobile.tn;KIA Sportage GT-Line 1.6 T-GDi 16V 4x4 DCT7 177 cv Boîte auto;Kia;Sportage;2020.0;72000.0;155000.0;Essence;Intégrale;Tunis;11cv;;2026-06-29;2026-07-13;;https://www.automobile.tn/fr/occasion/kia/sportage/127866;;;
automobile.tn;Hyundai i20 High Grade 1.0 T-GDI 12V GPF DCT7 100 cv Boîte auto;Hyundai;i20;2022.0;67000.0;49000.0;Essence;Traction;Sousse;5cv;;2026-06-29;2026-07-13;;https://www.automobile.tn/fr/occasion/hyundai/i20/127864;;;
automobile.tn;Mercedes-Benz CLA Urban 180 1.6 i 16V Turbo 7G-DCT 122 cv Boîte auto;Mercedes-benz;CLA;2013.0;53000.0;190000.0;Essence;Traction;Tunis;7cv;;2026-06-29;2026-07-13;;https://www.automobile.tn/fr/occasion/mercedes-benz/cla/127862;;;
automobile.tn;Citroën C3 Edition Plus 1.5 BlueHDi 16V BVM6 S&S 102 cv;Citroën;C3;2022.0;49000.0;110000.0;Diesel;Intégrale;Sousse;7cv;;2026-06-29;2026-07-13;;https://www.automobile.tn/fr/occasion/citroen/c3/127861;;;
automobile.tn;Renault Megane Sedan 1.5 Blue dCi 115 cv;Renault;Megane Sedan;2021.0;56000.0;184000.0;Diesel;Intégrale;Sousse;7cv;;2026-06-29;2026-07-13;;https://www.automobile.tn/fr/occasion/renault/megane-sedan/127860;;;
automobile.tn;Volkswagen Golf 8 Drive 1.4 L TSI 150 cv Boîte auto;Volkswagen;Golf 8;2021.0;76000.0;170000.0;Essence;Traction;Sousse;8cv;;2026-06-29;2026-07-13;;https://www.automobile.tn/fr/occasion/volkswagen/golf-8/127858;;;
automobile.tn;Chevrolet Malibu;Chevrolet;Malibu;2011.0;26500.0;140000.0;Essence;Traction;Ben Arous;12cv;;2026-06-29;2026-07-13;;https://www.automobile.tn/fr/occasion/chevrolet/malibu/126905;;;
automobile.tn;BMW Série 2 Gran Coupé Pack Sport M Cuir 218i 1.5 i 12V Steptronic7 140 cv Boîte auto;Bmw;Série 2 Gran Coupé;2021.0;110000.0;67000.0;Essence;Traction;Tunis;8cv;;2026-06-29;2026-07-13;;https://www.automobile.tn/fr/occasion/bmw/serie-2-gran-coupe/127854;;;
automobile.tn;Toyota C-HR 1.2 L 116 cv Boîte auto;Toyota;C-HR;2020.0;69000.0;150000.0;Essence;Traction;Tunis;6cv;;2026-06-29;2026-07-13;;https://www.automobile.tn/fr/occasion/toyota/c-hr/127852;;;
automobile.tn;Alfa Romeo Mito 1.4 MPI 16V S&S 78 cv;Alfa romeo;Mito;2017.0;33500.0;169000.0;Essence;Traction;Ariana;5cv;;2026-06-29;2026-07-13;;https://www.automobile.tn/fr/occasion/alfa-romeo/mito/127824;;;
automobile.tn;Mazda 3 Propre 1.6 MZR 16V 105 cv;Mazda;3;2014.0;39000.0;196000.0;Essence;Traction;Gabès;6cv;;2026-06-29;2026-07-13;;https://www.automobile.tn/fr/occasion/mazda/3/110751;;;
automobile.tn;Seat Leon Dynamic 1.4 TSI 150 cv Boîte auto;Seat;Leon;2021.0;74000.0;63000.0;Essence;Traction;Ariana;8cv;;2026-06-29;2026-07-13;;https://www.automobile.tn/fr/occasion/seat/leon/126422;;;
automobile.tn;Nissan Qashqai Tekna High 1.2 DIG-T 16V 2WD Xtronic CVT S&S 115 cv Boîte auto;Nissan;Qashqai;2017.0;63000.0;123000.0;Essence;Traction;Ariana;6cv;;2026-06-29;2026-07-13;;https://www.automobile.tn/fr/occasion/nissan/qashqai/127829;;;
automobile.tn;BMW Série 1 Business Line 116i 1.5 i 12V DCT7 109 cv Boîte auto;Bmw;Série 1;2021.0;85000.0;50000.0;Essence;Traction;Sousse;6cv;;2026-06-28;2026-07-13;;https://www.automobile.tn/fr/occasion/bmw/serie-1-5p/127142;;;
automobile.tn;Seat Leon Référence 1.2 TSI 16V 110 cv;Seat;Leon;2014.0;44000.0;152000.0;Essence;Traction;Ben Arous;5cv;;2026-06-28;2026-07-13;;https://www.automobile.tn/fr/occasion/seat/leon/127845;;;
automobile.tn;Cupra Formentor Sport VZ e-hybrid 1.4 TSI 16V GPF 245 Plug n Hybrid DSG6 150 cv Boîte auto;Cupra;Formentor;2022.0;110000.0;65000.0;Hybride rechargeable essence;Traction;Mahdia;8cv;;2026-06-28;2026-07-13;;https://www.automobile.tn/fr/occasion/cupra/formentor/126333;;;
automobile.tn;Audi A3 1.9 TDi 16V FAP 105 cv;Audi;A3;2008.0;33000.0;120000.0;Diesel;Traction;Ariana;6cv;;2026-06-28;2026-07-13;;https://www.automobile.tn/fr/occasion/audi/a3/127843;;;
automobile.tn;Renault Clio Evolution 1.0 L TCe 100 100 cv;Renault;Clio;2024.0;72520.0;47000.0;Essence;Traction;Ariana;6cv;;2026-06-28;2026-07-13;;https://www.automobile.tn/fr/occasion/renault/clio/127660;;;
automobile.tn;Jeep Wrangler Sahara UNLIMITED 3.6 L V6 284 cv Boîte auto;Jeep;Wrangler;2025.0;197001.0;10000.0;Essence;Intégrale;Ariana;23cv;;2026-06-28;2026-07-13;;https://www.automobile.tn/fr/occasion/jeep/wrangler-2021/127841;;;
automobile.tn;Mercedes-Benz GLC Coupé 300 e 2.0 i 16V 320 EQ Power 4MATIC 9G-TRONIC 211 cv Boîte auto;Mercedes-benz;GLC Coupé;2020.0;158000.0;111700.0;Hybride rechargeable essence;Intégrale;Gabès;12cv;;2026-06-28;2026-07-13;;https://www.automobile.tn/fr/occasion/mercedes-benz/glc-coupe/127840;;;
automobile.tn;Mercedes-Benz Classe C AMG 180 CDi 1.6 CDI 16V 7G-TRONIC BlueTEC 116 cv Boîte auto;Mercedes-benz;Classe C;2015.0;75000.0;220000.0;Diesel;Propulsion;Tunis;7cv;;2026-06-28;2026-07-13;;https://www.automobile.tn/fr/occasion/mercedes-benz/classe-c/127382;;;
automobile.tn;KIA Rio 5p SX 1.2 i-CVVT 16V ISG 84 cv;Kia;Rio 5p;2020.0;52000.0;68000.0;Essence;Traction;Ariana;5cv;;2026-06-28;2026-07-13;;https://www.automobile.tn/fr/occasion/kia/rio-5p/127839;;;
automobile.tn;Citroën C3 1.4 i Airdream 75 cv;Citroën;C3;2009.0;22500.0;168800.0;Essence;Traction;Nabeul;5cv;;2026-06-28;2026-07-13;;https://www.automobile.tn/fr/occasion/citroen/c3/127838;;;
automobile.tn;Citroën Berlingo;Citroën;Berlingo;2020.0;37000.0;225000.0;Diesel;Traction;Sfax;5cv;;2026-06-28;2026-07-13;;https://www.automobile.tn/fr/occasion/citroen/berlingo-multispace/127837;;;
automobile.tn;Cupra Formentor Exclusive V e-hybrid 1.4 TSI 16V GPF 204 Plug in Hybrid DSG6 150 cv Boîte auto;Cupra;Formentor;2023.0;110000.0;12330.0;Hybride rechargeable essence;Traction;Sousse;8cv;;2026-06-28;2026-07-13;;https://www.automobile.tn/fr/occasion/cupra/formentor/127833;;;
automobile.tn;Volkswagen Tiguan Exclusive 1.4 TSi 16V 245 e-Hybrid BMT DSG6 150 cv Boîte auto;Volkswagen;Tiguan;2021.0;99900.0;81000.0;Hybride rechargeable essence;Intégrale;Ben Arous;8cv;;2026-06-28;2026-07-13;;https://www.automobile.tn/fr/occasion/volkswagen/tiguan/127798;;;
automobile.tn;Seat Ateca Xperience 1.4 L TSI 150 cv Boîte auto;Seat;Ateca;2023.0;109250.0;62600.0;Essence;Traction;Nabeul;8cv;;2026-06-28;2026-07-13;;https://www.automobile.tn/fr/occasion/seat/ateca/127832;;;
automobile.tn;KIA Sportage;Kia;Sportage;2023.0;115000.0;125000.0;Hybride rechargeable essence;Intégrale;Ben Arous;10cv;;2026-06-28;2026-07-13;;https://www.automobile.tn/fr/occasion/kia/sportage/127815;;;
automobile.tn;Citroën Berlingo Van 1000 Kg 1.6 L HDI 75 cv;Citroën;Berlingo Van;2021.0;55000.0;38000.0;Diesel;Traction;Ben Arous;5cv;;2026-06-28;2026-07-13;;https://www.automobile.tn/fr/occasion/citroen/berlingo-van/127830;;;
automobile.tn;Seat Leon Design 1.2 TSI 16V 110 cv;Seat;Leon;2019.0;46500.0;186000.0;Essence;Traction;Ben Arous;6cv;;2026-06-28;2026-07-13;;https://www.automobile.tn/fr/occasion/seat/leon/127826;;;
automobile.tn;Chevrolet Colorado;Chevrolet;Colorado;2021.0;80000.0;47000.0;Essence;Intégrale;Tunis;14cv;;2026-06-28;2026-07-13;;https://www.automobile.tn/fr/occasion/chevrolet/colorado/127825;;;
automobile.tn;Mercedes-Benz Classe E Exclusive Line Premium Plus 300 de 2.0 d 16V 313 EQ Power 4MATIC 9G-TRONIC 197 cv Boîte auto;Mercedes-benz;Classe E;2024.0;248000.0;5700.0;Hybride rechargeable diesel;Intégrale;Nabeul;11cv;;2026-06-28;2026-07-13;;https://www.automobile.tn/fr/occasion/mercedes-benz/classe-e/126698;;;
automobile.tn;Mercedes-Benz CLE Coupé AMG Line Premium Plus 300 e 2.0 i 16V 313 EQ Power 204 cv 9G-TRONIC Boîte Auto;Mercedes-benz;CLE Coupé;2025.0;245000.0;22000.0;Hybride rechargeable essence;Propulsion;Nabeul;11cv;;2026-06-28;2026-07-13;;https://www.automobile.tn/fr/occasion/mercedes-benz/cle-coupe/126699;;;
automobile.tn;Mercedes-Benz EQE Berline AMG Premium 300 245 cv Boîte auto;Mercedes-benz;EQE Berline;2023.0;178000.0;50000.0;Electrique;Propulsion;Nabeul;8cv;;2026-06-28;2026-07-13;;https://www.automobile.tn/fr/occasion/mercedes-benz/eqe-berline/124848;;;
automobile.tn;KIA Picanto Populaire 1.0 DPI 12V ISG 67 cv;Kia;Picanto;2019.0;35000.0;57600.0;Essence;Traction;Ben Arous;4cv;;2026-06-28;2026-07-13;;https://www.automobile.tn/fr/occasion/kia/picanto/126071;;;
automobile.tn;KIA Rio 5p GT-Line 1.2 i-CVVT 16V ISG 84 cv;Kia;Rio 5p;2022.0;65000.0;24300.0;Essence;Traction;Tunis;5cv;;2026-06-28;2026-07-13;;https://www.automobile.tn/fr/occasion/kia/rio-5p/127042;;;
automobile.tn;MG ZS Trophy 1.3 T 160 cv Boîte auto;Mg;ZS;2022.0;66000.0;70000.0;Essence;Traction;La Manouba;9cv;;2026-06-28;2026-07-13;;https://www.automobile.tn/fr/occasion/mg/zs/127818;;;
automobile.tn;Ford Fiesta Ghia 1.2 i 16V 75 cv;Ford;Fiesta;2008.0;20000.0;230000.0;Essence;Traction;Sfax;5cv;;2026-06-28;2026-07-13;;https://www.automobile.tn/fr/occasion/ford/fiesta/127783;;;
automobile.tn;Mercedes-Benz Classe C 180 Kompressor 1.6 i 16V BlueEFFICIENCY 156 cv;Mercedes-benz;Classe C;2009.0;40000.0;300000.0;Essence;Traction;Le Kef;9cv;;2026-06-27;2026-07-13;;https://www.automobile.tn/fr/occasion/mercedes-benz/classe-c/127817;;;
automobile.tn;Mercedes-Benz Classe E coupé AMG 350 3.5 V6 24V 7G-TRONIC BlueEFFICIENCY 306 cv Boîte auto;Mercedes-benz;Classe E coupé;2012.0;72500.0;200000.0;Essence;Propulsion;Ariana;20cv;;2026-06-27;2026-07-13;;https://www.automobile.tn/fr/occasion/mercedes-benz/classe-e-coupe/127816;;;
automobile.tn;Peugeot 2008 Active 1.2 VTi 12V 82 cv;Peugeot;2008;2015.0;34000.0;117000.0;Essence;Traction;Tunis;5cv;;2026-06-27;2026-07-13;;https://www.automobile.tn/fr/occasion/peugeot/2008/127810;;;
automobile.tn;Nissan Juke Tekna 1.0 DIG-T 12V 7DCT 117 cv Boîte auto;Nissan;Juke;2022.0;72000.0;45000.0;Essence;Traction;Tunis;6cv;;2026-06-27;2026-07-13;;https://www.automobile.tn/fr/occasion/nissan/juke/127809;;;
automobile.tn;Hyundai i20 GLS 1.2 i 16V 84 cv;Hyundai;i20;2021.0;45800.0;78563.0;Essence;Traction;Nabeul;5cv;;2026-06-27;2026-07-13;;https://www.automobile.tn/fr/occasion/hyundai/i20/127808;;;
automobile.tn;Mercedes-Benz CLA Urban 180 1.6 i 16V Turbo 7G-DCT 122 cv Boîte auto;Mercedes-benz;CLA;2019.0;65000.0;190000.0;Essence;Traction;Tunis;7cv;;2026-06-27;2026-07-13;;https://www.automobile.tn/fr/occasion/mercedes-benz/cla/127807;;;
automobile.tn;Toyota RAV 4 Hybride 2.5 VVT-iE 16V 218 Hybrid 2WD E-CVT 177 cv Boîte auto;Toyota;RAV 4;2021.0;114000.0;98000.0;Hybride essence;Traction;Tunis;9cv;;2026-06-27;2026-07-13;;https://www.automobile.tn/fr/occasion/toyota/rav-4/127459;;;
automobile.tn;Fiat Fiorino 1.3 MJTD 16V Fourgon 75 cv;Fiat;Fiorino;2022.0;41500.0;25500.0;Diesel;Traction;Ariana;5cv;;2026-06-27;2026-07-13;;https://www.automobile.tn/fr/occasion/fiat/fiorino/127806;;;
automobile.tn;BMW Série 1 Lounge 116i 1.5 i 12V DCT7 109 cv Boîte auto;Bmw;Série 1;2023.0;88000.0;109000.0;Essence;Traction;Ariana;6cv;;2026-06-27;2026-07-13;;https://www.automobile.tn/fr/occasion/bmw/serie-1-5p/126885;;;
automobile.tn;KIA Rio 5p Smart 1.2 i-CVVT 16V ISG 84 cv;Kia;Rio 5p;2022.0;58000.0;93500.0;Essence;Traction;Sfax;5cv;;2026-06-27;2026-07-13;;https://www.automobile.tn/fr/occasion/kia/rio-5p/127803;;;
automobile.tn;Volkswagen Tiguan Elegance 1.4 TSi 16V 245 e-Hybrid BMT DSG6 150 cv Boîte auto;Volkswagen;Tiguan;2022.0;105000.0;87000.0;Hybride rechargeable essence;Traction;Nabeul;8cv;;2026-06-27;2026-07-13;;https://www.automobile.tn/fr/occasion/volkswagen/tiguan/127632;;;
automobile.tn;Mercedes-Benz Classe C Avantgarde 180 CGI 1.8 16V CGI 7G-TRONIC+ BlueEFFICIENCY 156 cv Boîte auto;Mercedes-benz;Classe C;2012.0;54500.0;209500.0;Essence;Traction;Monastir;9cv;;2026-06-27;2026-07-13;;https://www.automobile.tn/fr/occasion/mercedes-benz/classe-c/127802;;;
automobile.tn;Mercedes-Benz GLE 250 d 2.1 d 16V 9G-TRONIC 204 cv Boîte auto;Mercedes-benz;GLE;2017.0;168000.0;110000.0;Diesel;Propulsion;Sousse;12cv;;2026-06-27;2026-07-13;;https://www.automobile.tn/fr/occasion/mercedes-benz/gle/127796;;;
automobile.tn;Citroën C4 Shine 1.5 BlueHDi 16V EAT8 130 cv Boîte auto;Citroën;C4;2021.0;65000.0;146000.0;Diesel;Traction;Ben Arous;7cv;;2026-06-27;2026-07-13;;https://www.automobile.tn/fr/occasion/citroen/c4/127795;;;
automobile.tn;KIA Rio Berline EX 1.4 i CVVT 16V 97 cv;Kia;Rio Berline;2011.0;28000.0;297000.0;Essence;Traction;Le Kef;6cv;;2026-06-27;2026-07-13;;https://www.automobile.tn/fr/occasion/kia/rio/127775;;;
automobile.tn;Toyota RAV 4 Hybride 2.5 VVT-iE 16V 222 Hybrid AWD-I E-CVT 177 cv Boîte auto;Toyota;RAV 4;2025.0;157000.0;18000.0;Hybride essence;Intégrale;Tunis;10cv;;2026-06-27;2026-07-13;;https://www.automobile.tn/fr/occasion/toyota/rav-4/127743;;;
automobile.tn;Land Rover Freelander;Land rover;Freelander;2013.0;65000.0;52267.0;Essence;Intégrale;Tunis;16cv;;2026-06-27;2026-07-13;;https://www.automobile.tn/fr/occasion/land-rover/freelander/124800;;;
automobile.tn;Land Rover Range Rover Evoque 2.2 TD4 16V DPF 4WD BVA6 150 cv Boîte auto;Land rover;Range Rover Evoque;2012.0;58800.0;320000.0;Diesel;Intégrale;Tunis;9cv;;2026-06-27;2026-07-13;;https://www.automobile.tn/fr/occasion/land-rover/range-rover-evoque/127793;;;
automobile.tn;Fiat Palio Fire 1.2 i 72cv;Fiat;Palio;2007.0;19800.0;110300.0;Essence;Traction;Sfax;4cv;;2026-06-27;2026-07-13;;https://www.automobile.tn/fr/occasion/fiat/palio/127792;;;
automobile.tn;Porsche Macan S S 3.0 V6 24V BI-Turbo AWD PDK 354 cv Boîte auto;Porsche;Macan;2018.0;205000.0;16500.0;Essence;Intégrale;Sousse;23cv;;2026-06-27;2026-07-13;;https://www.automobile.tn/fr/occasion/porsche/macan/121715;;;
automobile.tn;Audi Q3 Offroad 1.4 TFSi 16V S Tronic6 150 cv Boîte auto;Audi;Q3;2016.0;65000.0;169000.0;Essence;Traction;Tunis;8cv;;2026-06-27;2026-07-13;;https://www.automobile.tn/fr/occasion/audi/q3/127242;;;
automobile.tn;Tesla Model Y Long Range 347 cv Boîte auto;Tesla;Model Y;2024.0;134000.0;18200.0;Electrique;Propulsion;Ben Arous;9cv;;2026-06-27;2026-07-13;;https://www.automobile.tn/fr/occasion/tesla/model-y/126706;;;
automobile.tn;Suzuki Jimny 3 portes 1.3 i 16V 4WD 80 cv;Suzuki;Jimny 3 portes;1999.0;26000.0;175000.0;Essence;Intégrale;Tunis;6cv;;2026-06-27;2026-07-13;;https://www.automobile.tn/fr/occasion/suzuki/jimny/125776;;;
automobile.tn;Mazda 2 1.5 L Skyactiv 107 cv;Mazda;2;2017.0;36000.0;169000.0;Essence;Traction;Mahdia;6cv;;2026-06-27;2026-07-13;;https://www.automobile.tn/fr/occasion/mazda/2/127791;;;
automobile.tn;Hyundai Grand i10 GLS HG 1.2 87cv;Hyundai;Grand i10;2019.0;37500.0;98000.0;Essence;Traction;Ariana;5cv;;2026-06-27;2026-07-13;;https://www.automobile.tn/fr/occasion/hyundai/grand-i10/127790;;;
automobile.tn;Hyundai ix35 2.0 CRDi 16V DPF 4WD 184 cv Boîte auto;Hyundai;ix35;2014.0;46000.0;303748.0;Diesel;Intégrale;Ariana;11cv;;2026-06-26;2026-07-13;;https://www.automobile.tn/fr/occasion/hyundai/ix35/127387;;;
automobile.tn;Peugeot 206+;Peugeot;206+;2009.0;22000.0;250000.0;Essence;Traction;Tunis;4cv;;2026-06-26;2026-07-13;;https://www.automobile.tn/fr/occasion/peugeot/206-plus/127779;;;
automobile.tn;MG ZS Luxury 1.5 L 115 cv Boîte auto;Mg;ZS;2023.0;56000.0;135000.0;Essence;Traction;Nabeul;7cv;;2026-06-26;2026-07-13;;https://www.automobile.tn/fr/occasion/mg/zs/123689;;;
automobile.tn;Audi A3 Berline Advanced 35 1.5 TFSI 16V GPF S Tronic7 S&S 150 cv Boîte auto;Audi;A3 Berline;2023.0;112000.0;30000.0;Essence;Traction;Ariana;8cv;;2026-06-26;2026-07-13;;https://www.automobile.tn/fr/occasion/audi/a3-berline/126642;;;
automobile.tn;Mercedes-Benz Classe E AMG+ 300 e 2.0 i 16V 320 EQ Power 9G-TRONIC 211 cv Boîte auto;Mercedes-benz;Classe E;2021.0;179000.0;45000.0;Hybride rechargeable essence;Traction;Monastir;12cv;;2026-06-26;2026-07-13;;https://www.automobile.tn/fr/occasion/mercedes-benz/classe-e/126813;;;
automobile.tn;Fiat 500;Fiat;500;2015.0;35500.0;188000.0;Essence;Traction;Sousse;4cv;;2026-06-26;2026-07-13;;https://www.automobile.tn/fr/occasion/fiat/500/127618;;;
automobile.tn;Citroën Berlingo Pack Look ALU M 1.5 BlueHDi 16V FAP S&S 130 cv;Citroën;Berlingo;2021.0;85000.0;63000.0;Diesel;Traction;Monastir;7cv;;2026-06-26;2026-07-13;;https://www.automobile.tn/fr/occasion/citroen/berlingo-multispace/127764;;;
automobile.tn;Geely GC6 1.5 l 100 cv;Geely;GC6;2020.0;31000.0;90000.0;Essence;Traction;Tunis;6cv;;2026-06-26;2026-07-13;;https://www.automobile.tn/fr/occasion/geely/gc-6/127763;;;
automobile.tn;Toyota Yaris Populaire 1.0 VVTi 12V 72 cv;Toyota;Yaris;2020.0;38000.0;94000.0;Essence;Traction;Ariana;4cv;;2026-06-26;2026-07-13;;https://www.automobile.tn/fr/occasion/toyota/yaris/127762;;;
automobile.tn;KIA Sportage GT-Line 1.6 T-GDI 16V 265 PHEV 4x4 179 cv Boîte auto;Kia;Sportage;2022.0;145000.0;50000.0;Hybride rechargeable essence;Intégrale;Ariana;10cv;;2026-06-26;2026-07-13;;https://www.automobile.tn/fr/occasion/kia/sportage/126737;;;
automobile.tn;Citroën C3 Shine 1.2 VTi PureTech 12V 82 cv;Citroën;C3;2017.0;35800.0;132000.0;Essence;Traction;Ariana;4cv;;2026-06-26;2026-07-13;;https://www.automobile.tn/fr/occasion/citroen/c3/127761;;;
automobile.tn;Volkswagen Golf 7 Confortline;Volkswagen;Golf 7;2019.0;52500.0;169000.0;Essence;Traction;Sousse;6cv;;2026-06-26;2026-07-13;;https://www.automobile.tn/fr/occasion/volkswagen/golf-7/111219;;;
automobile.tn;Skoda Octavia Essence 1.0 TSI 12V DSG7 115 cv Boîte auto;Skoda;Octavia;2020.0;52500.0;230000.0;Essence;Intégrale;Sousse;6cv;;2026-06-26;2026-07-13;;https://www.automobile.tn/fr/occasion/skoda/octavia/119199;;;
automobile.tn;Renault Clio Dynamique 1.5 dCi FAP Energy S&S 110 cv;Renault;Clio;2020.0;49000.0;127000.0;Diesel;Traction;Ariana;4cv;;2026-06-26;2026-07-13;;https://www.automobile.tn/fr/occasion/renault/clio/125665;;;
automobile.tn;Volkswagen Tiguan Life 1.4 L TSI 150 cv Boîte auto;Volkswagen;Tiguan;2025.0;148000.0;2000.0;Essence;Traction;Ariana;8cv;;2026-06-26;2026-07-13;;https://www.automobile.tn/fr/occasion/volkswagen/tiguan/127758;;;
automobile.tn;Chery Tiggo 7 Pro 1.5 T DCT 152 cv Boîte auto;Chery;Tiggo 7 Pro;2019.0;60000.0;73000.0;Essence;Traction;Tunis;7cv;;2026-06-26;2026-07-13;;https://www.automobile.tn/fr/occasion/chery/tiggo-7/127757;;;
automobile.tn;Peugeot 308 Allure 1.2 THP Puretech 12V 110 cv;Peugeot;308;2018.0;37500.0;182000.0;Essence;Traction;Ben Arous;6cv;;2026-06-26;2026-07-13;;https://www.automobile.tn/fr/occasion/peugeot/308/125029;;;
automobile.tn;GWM Haval H6 Luxury 1.5 T 143cv boite auto;Gwm;Haval H6;2018.0;51000.0;120000.0;Essence;Traction;Ben Arous;9cv;;2026-06-26;2026-07-13;;https://www.automobile.tn/fr/occasion/great-wall/h6/127755;;;
automobile.tn;Hyundai Tucson Top Grade 1.6 TGDI 16V 2WD DCT7 177 cv Boîte auto;Hyundai;Tucson;2018.0;88000.0;98000.0;Essence;Traction;Sousse;11cv;;2026-06-26;2026-07-13;;https://www.automobile.tn/fr/occasion/hyundai/tucson/124421;;;
automobile.tn;Volkswagen Golf 7 Trendline 1.2 TSI 16V S&S 110 cv;Volkswagen;Golf 7;2015.0;42500.0;251000.0;Essence;Traction;Ariana;5cv;;2026-06-25;2026-07-13;;https://www.automobile.tn/fr/occasion/volkswagen/golf-7/127687;;;
automobile.tn;Jeep Renegade Limited 1.4 Turbo 4x2 140 cv Boîte auto;Jeep;Renegade;2021.0;64000.0;125000.0;Essence;Traction;Tunis;8cv;;2026-06-25;2026-07-13;;https://www.automobile.tn/fr/occasion/jeep/renegade/127748;;;
automobile.tn;Peugeot 308 Active 1.2 VTi 12V 82 cv;Peugeot;308;2015.0;35000.0;172751.0;Essence;Traction;Tunis;5cv;;2026-06-25;2026-07-13;;https://www.automobile.tn/fr/occasion/peugeot/308/127538;;;
automobile.tn;Peugeot 407;Peugeot;407;2005.0;29000.0;150000.0;Essence;Traction;Gafsa;9cv;;2026-06-25;2026-07-13;;https://www.automobile.tn/fr/occasion/peugeot/407/127742;;;
automobile.tn;Citroën C3 Feel Pack 1.2 VTi PureTech 12V 83 cv;Citroën;C3;2020.0;41900.0;74000.0;Essence;Traction;Bizerte;4cv;;2026-06-25;2026-07-13;;https://www.automobile.tn/fr/occasion/citroen/c3/127344;;;
automobile.tn;Suzuki S-Presso GL 1.0 L 68 cv;Suzuki;S-Presso;2021.0;29000.0;93000.0;Essence;Traction;Gafsa;4cv;;2026-06-25;2026-07-13;;https://www.automobile.tn/fr/occasion/suzuki/s-presso/125586;;;
automobile.tn;Hyundai Grand Santa Fe Full Options AWD 3.0 GDI 24V AWD 264 cv Boîte auto;Hyundai;Grand Santa Fe;2016.0;110000.0;63000.0;Essence;Intégrale;Bizerte;17cv;;2026-06-25;2026-07-13;;https://www.automobile.tn/fr/occasion/hyundai/grand-santa-fe/127737;;;
automobile.tn;Alfa Romeo Giulia Super 2.0 T4 MAir 16V AT8 200 cv Boîte auto;Alfa romeo;Giulia;2022.0;105000.0;55000.0;Essence;Propulsion;Tunis;11cv;;2026-06-25;2026-07-13;;https://www.automobile.tn/fr/occasion/alfa-romeo/giulia/127736;;;
automobile.tn;KIA Picanto LX 1.2 DPI 16V BVR5 ISG 84 cv Boîte auto;Kia;Picanto;2021.0;44000.0;40000.0;Essence;Traction;Ariana;4cv;;2026-06-25;2026-07-13;;https://www.automobile.tn/fr/occasion/kia/picanto/127733;;;
automobile.tn;Mercedes-Benz GLA 250e 1.3 i 16V 218 EQ Power 8G-DCT 158 cv Boîte auto;Mercedes-benz;GLA;2020.0;105000.0;176000.0;Hybride rechargeable essence;Traction;Ariana;7cv;;2026-06-25;2026-07-13;;https://www.automobile.tn/fr/occasion/mercedes-benz/gla/127287;;;
automobile.tn;BMW Série 3 Access 320i 170 ch 170 cv Boîte auto;Bmw;Série 3;2023.0;97000.0;195000.0;Essence;Propulsion;Nabeul;10cv;;2026-06-25;2026-07-13;;https://www.automobile.tn/fr/occasion/bmw/serie-3/127639;;;
automobile.tn;Volkswagen Golf 7 Smartline 1.0 TSI 12V Blue Motion DSG7 S&S 115 cv Boîte Auto;Volkswagen;Golf 7;2013.0;58900.0;57000.0;Essence;Traction;Nabeul;6cv;;2026-06-25;2026-07-13;;https://www.automobile.tn/fr/occasion/volkswagen/golf-7/127731;;;
automobile.tn;Hyundai Grand i10 High Grade 1.2 83cv;Hyundai;Grand i10;2020.0;37000.0;146000.0;Essence;Traction;Le Kef;5cv;;2026-06-25;2026-07-13;;https://www.automobile.tn/fr/occasion/hyundai/grand-i10/127729;;;
automobile.tn;Audi A5 Sportback S-Line 1.8 TFSi 16V Multitronic 177 cv Boîte auto;Audi;A5 Sportback;2016.0;68500.0;140000.0;Essence;Traction;Ben Arous;10cv;;2026-06-25;2026-07-13;;https://www.automobile.tn/fr/occasion/audi/a5-sportback/126129;;;
automobile.tn;Audi Q3 Advanced Plus 35 TFSI S-tronic 150 cv Boîte auto;Audi;Q3;2021.0;98000.0;130000.0;Essence;Traction;Ariana;9cv;;2026-06-25;2026-07-13;;https://www.automobile.tn/fr/occasion/audi/q3/127724;;;
automobile.tn;Geely GX3 1.5 L 107 cv;Geely;GX3;2021.0;47000.0;58000.0;Essence;Traction;Sfax;6cv;;2026-06-25;2026-07-13;;https://www.automobile.tn/fr/occasion/geely/gx3/126821;;;
automobile.tn;MG e-HS Luxury 1.5 T-GDI 16V 258 Plug in Hybrid 162 cv Boîte auto;Mg;e-HS;2023.0;92000.0;78000.0;Hybride rechargeable essence;Intégrale;Ariana;8cv;;2026-06-25;2026-07-13;;https://www.automobile.tn/fr/occasion/mg/ehs/126934;;;
automobile.tn;Mercedes-Benz GLC AMG 300 e 2.0 i 16V 320 EQ Power 4MATIC 9G-TRONIC 211 cv Boîte auto;Mercedes-benz;GLC;2021.0;139500.0;150000.0;Hybride rechargeable essence;Intégrale;Ariana;12cv;;2026-06-25;2026-07-13;;https://www.automobile.tn/fr/occasion/mercedes-benz/glc/126935;;;
automobile.tn;Volkswagen T-Cross Confortline 1.0 TSI 12V GPF 116 cv;Volkswagen;T-Cross;2023.0;65000.0;34000.0;Essence;Traction;Tunis;6cv;;2026-06-25;2026-07-13;;https://www.automobile.tn/fr/occasion/volkswagen/t-cross/127716;;;
automobile.tn;Hyundai Tucson 1.6 T-GDI PHEV Premium 4WD 1.6 TGDi 16V 265 Plug in Hybrid 4WD 179 cv Boîte auto;Hyundai;Tucson;2022.0;95000.0;106000.0;Hybride rechargeable essence;Intégrale;Mahdia;7cv;;2026-06-25;2026-07-13;;https://www.automobile.tn/fr/occasion/hyundai/tucson/127625;;;
automobile.tn;MG GT Luxury 1.5 l CVT 115 cv Boîte auto;Mg;GT;2024.0;80000.0;37000.0;Essence;Traction;Ben Arous;7cv;;2026-06-24;2026-07-13;;https://www.automobile.tn/fr/occasion/mg/gt/127715;;;
automobile.tn;Ford Focus Titanium 1.0 SCTi 12V EcoBoost S&S 125 cv;Ford;Focus;2016.0;35000.0;191000.0;Essence;Traction;Ariana;6cv;;2026-06-24;2026-07-13;;https://www.automobile.tn/fr/occasion/ford/focus/127053;;;
automobile.tn;KIA Picanto Populaire 1.0 DPI 12V ISG 67 cv;Kia;Picanto;2021.0;39500.0;57000.0;Essence;Traction;Tunis;4cv;;2026-06-24;2026-07-13;;https://www.automobile.tn/fr/occasion/kia/picanto/126947;;;
automobile.tn;Ford Focus Trend Sport 1.0 SCTi 12V EcoBoost S&S 125 cv;Ford;Focus;2016.0;42500.0;107000.0;Essence;Traction;Ariana;6cv;;2026-06-24;2026-07-13;;https://www.automobile.tn/fr/occasion/ford/focus/127633;;;
automobile.tn;Geely GX3 1.5 L CVT 107 cv Boîte auto;Geely;GX3;2021.0;47500.0;51700.0;Essence;Traction;Ariana;6cv;;2026-06-24;2026-07-13;;https://www.automobile.tn/fr/occasion/geely/gx3/126986;;;
automobile.tn;Isuzu D-Max Double Cabine;Isuzu;D-Max Double Cabine;2022.0;75000.0;54000.0;Diesel;Propulsion;Tunis;8cv;;2026-06-24;2026-07-13;;https://www.automobile.tn/fr/occasion/isuzu/d-max-dc/127710;;;
automobile.tn;BMW Série 5;Bmw;Série 5;2021.0;165000.0;70000.0;Essence;Traction;Tunis;10cv;;2026-06-24;2026-07-13;;https://www.automobile.tn/fr/occasion/bmw/serie-5/125452;;;
automobile.tn;Geely GX3 1.5 L 107 cv;Geely;GX3;2021.0;47000.0;88000.0;Essence;Traction;Sfax;6cv;;2026-06-24;2026-07-13;;https://www.automobile.tn/fr/occasion/geely/gx3/127706;;;
automobile.tn;Ford Fiesta Titanium 1.2 i 16V 75 cv;Ford;Fiesta;2005.0;17000.0;330000.0;Essence;Traction;Ben Arous;5cv;;2026-06-24;2026-07-13;;https://www.automobile.tn/fr/occasion/ford/fiesta/127677;;;
automobile.tn;Suzuki Jimny 3 portes GL AllGrip 1.5 VVT 16V 4WD 102 cv;Suzuki;Jimny 3 portes;2019.0;73000.0;182000.0;Essence;Intégrale;Ariana;6cv;;2026-06-24;2026-07-13;;https://www.automobile.tn/fr/occasion/suzuki/jimny/126631;;;
automobile.tn;Ssangyong Tivoli Classic 160 1.6 e-XGi 16V 2WD 128 cv;Ssangyong;Tivoli;2016.0;39000.0;160000.0;Essence;Traction;Ariana;7cv;;2026-06-24;2026-07-13;;https://www.automobile.tn/fr/occasion/ssangyong/tivoli/127098;;;
automobile.tn;Chery Tiggo 2 Confort 1.5 106 cv;Chery;Tiggo 2;2020.0;43000.0;46000.0;Essence;Traction;Ben Arous;6cv;;2026-06-24;2026-07-13;;https://www.automobile.tn/fr/occasion/chery/tiggo-2/127699;;;
automobile.tn;Volkswagen Golf 7 Smartline 1.2 TSI 16V S&S 110 cv;Volkswagen;Golf 7;2016.0;58000.0;128000.0;Essence;Traction;Ariana;5cv;;2026-06-24;2026-07-13;;https://www.automobile.tn/fr/occasion/volkswagen/golf-7/127059;;;
automobile.tn;Mercedes-Benz Classe C Avantgarde 180 CGI 1.6 16V 7G-TRONIC+ 156 cv Boîte auto;Mercedes-benz;Classe C;2018.0;90000.0;125000.0;Essence;Propulsion;Tunis;8cv;;2026-06-24;2026-07-13;;https://www.automobile.tn/fr/occasion/mercedes-benz/classe-c/126496;;;
automobile.tn;Peugeot 3008 Allure 1.2 THP Puretech 12V EAT6 S&S 130 cv Boîte auto;Peugeot;3008;2020.0;67000.0;76000.0;Essence;Traction;Tunis;7cv;;2026-06-24;2026-07-13;;https://www.automobile.tn/fr/occasion/peugeot/3008/127385;;;
automobile.tn;Chery Tiggo 8 1.5 T DCT 147 cv Boîte auto;Chery;Tiggo 8;2022.0;68000.0;49000.0;Essence;Traction;Tunis;9cv;;2026-06-24;2026-07-13;;https://www.automobile.tn/fr/occasion/chery/tiggo-8/127595;;;
automobile.tn;Dacia Duster 1.5 dCi 4x4 90 cv;Dacia;Duster;2012.0;39000.0;300000.0;Diesel;Intégrale;Tunis;5cv;;2026-06-24;2026-07-13;;https://www.automobile.tn/fr/occasion/dacia/duster/127694;;;
automobile.tn;Citroën C15 D 1.9 D Fourgon 60cv;Citroën;C15;2004.0;8000.0;400000.0;Diesel;Propulsion;Jendouba;7cv;;2026-06-24;2026-07-13;;https://www.automobile.tn/fr/occasion/citroen/c15/127693;;;
automobile.tn;Ford Focus Trend Sport 1.5 SCTi 12V EcoBoost 150 cv Boîte auto;Ford;Focus;2021.0;80000.0;70000.0;Essence;Traction;Monastir;8cv;;2026-06-24;2026-07-13;;https://www.automobile.tn/fr/occasion/ford/focus/127682;;;
automobile.tn;Mercedes-Benz CLA AMG Edition 1 250 e 1.3 i 16V GPF 218 PHEV 160 cv Boîte auto;Mercedes-benz;CLA;2024.0;170000.0;4500.0;Hybride rechargeable essence;Traction;Mahdia;9cv;;2026-06-24;2026-07-13;;https://www.automobile.tn/fr/occasion/mercedes-benz/cla/127039;;;
automobile.tn;Ford Ecosport Titanium 1.0 SCTi EcoBoost 12V S&S 125 cv Boîte auto;Ford;Ecosport;2018.0;55000.0;75600.0;Essence;Traction;Ariana;7cv;;2026-06-24;2026-07-13;;https://www.automobile.tn/fr/occasion/ford/ecosport/127691;;;
automobile.tn;Mercedes-Benz CLA Urban 180 1.6 i 16V Turbo 7G-DCT 122 cv Boîte auto;Mercedes-benz;CLA;2017.0;73000.0;195000.0;Essence;Traction;Nabeul;7cv;;2026-06-23;2026-07-13;;https://www.automobile.tn/fr/occasion/mercedes-benz/cla/127352;;;
automobile.tn;Seat Leon Style 1.2 TSI 16V S&S 110 cv;Seat;Leon;2019.0;64000.0;115000.0;Essence;Traction;Ariana;6cv;;2026-06-23;2026-07-13;;https://www.automobile.tn/fr/occasion/seat/leon/127684;;;
automobile.tn;Hyundai Tucson High Grade 1.6 TGDi 16V 265 Plug in Hybrid 4WD 179 cv Boîte auto;Hyundai;Tucson;2022.0;120000.0;40000.0;Hybride rechargeable essence;Intégrale;Ben Arous;10cv;;2026-06-23;2026-07-13;;https://www.automobile.tn/fr/occasion/hyundai/tucson/127397;;;
automobile.tn;MG HS Trophy 1.5 162 cv Boîte auto;Mg;HS;2022.0;80000.0;73000.0;Essence;Traction;Ariana;9cv;;2026-06-23;2026-07-13;;https://www.automobile.tn/fr/occasion/mg/hs/125765;;;
automobile.tn;Audi A4 1.8 TFSi 16V 120 cv;Audi;A4;2010.0;34000.0;200000.0;Essence;Traction;Ben Arous;7cv;;2026-06-23;2026-07-13;;https://www.automobile.tn/fr/occasion/audi/a4/127649;;;
automobile.tn;Renault Captur 1.5 Blue dCi DPF S&S 115 cv;Renault;Captur;2021.0;62000.0;150000.0;Diesel;Traction;Sousse;5cv;;2026-06-23;2026-07-13;;https://www.automobile.tn/fr/occasion/renault/captur/127678;;;
automobile.tn;Renault Symbol Confort 1.2 75 cv;Renault;Symbol;2021.0;39500.0;48000.0;Essence;Traction;Tunis;5cv;;2026-06-23;2026-07-13;;https://www.automobile.tn/fr/occasion/renault/symbol/125229;;;
automobile.tn;Ford Focus Titanium 1.0 SCTi 12V EcoBoost S&S 125 cv;Ford;Focus;2017.0;39500.0;145000.0;Essence;Traction;Sfax;6cv;;2026-06-23;2026-07-13;;https://www.automobile.tn/fr/occasion/ford/focus/126899;;;
automobile.tn;Skoda Kamiq Ambition 1.0 TSI 12V GPF DSG7 116 cv Boîte auto;Skoda;Kamiq;2023.0;71500.0;47000.0;Essence;Traction;Tunis;6cv;;2026-06-23;2026-07-13;;https://www.automobile.tn/fr/occasion/skoda/kamiq/127630;;;
automobile.tn;Mercedes-Benz Classe E Avantgarde 200 Kompressor 1.8 i 16V 163 cv Boîte auto;Mercedes-benz;Classe E;2003.0;23500.0;240000.0;Essence;Intégrale;Monastir;10cv;;2026-06-23;2026-07-13;;https://www.automobile.tn/fr/occasion/mercedes-benz/classe-e/127127;;;
automobile.tn;Chery QQ Populaire 1.0 69 cv;Chery;QQ;2018.0;20500.0;86000.0;Essence;Traction;Ben Arous;4cv;;2026-06-23;2026-07-13;;https://www.automobile.tn/fr/occasion/chery/qq/127292;;;
automobile.tn;Audi A4 Design Luxe 1.4 TFSi 16V S-Tronic7 150 cv Boîte auto;Audi;A4;2017.0;62000.0;220000.0;Essence;Traction;Sfax;8cv;;2026-06-23;2026-07-13;;https://www.automobile.tn/fr/occasion/audi/a4/125696;;;
automobile.tn;Seat Leon SC Référence 1.2 TSI 16V S&S 110 cv;Seat;Leon SC;2018.0;44000.0;270000.0;Essence;Traction;Ben Arous;6cv;;2026-06-23;2026-07-13;;https://www.automobile.tn/fr/occasion/seat/leon-sc/127667;;;
automobile.tn;Mercedes-Benz CLA 250 e 1.3 i 16V GPF 218 PHEV 160 cv Boîte auto;Mercedes-benz;CLA;2022.0;125000.0;59000.0;Hybride rechargeable essence;Traction;Sidi Bouzid;6cv;;2026-06-23;2026-07-13;;https://www.automobile.tn/fr/occasion/mercedes-benz/cla/127663;;;
automobile.tn;Ford Fiesta Trend 1.25 i 16V 82 cv;Ford;Fiesta;2011.0;26000.0;204000.0;Essence;Traction;Tunis;5cv;;2026-06-23;2026-07-13;;https://www.automobile.tn/fr/occasion/ford/fiesta/127662;;;
automobile.tn;Citroën Berlingo M 1.5 BlueHDi 16V FAP S&S 102 cv;Citroën;Berlingo;2021.0;49000.0;145000.0;Diesel;Intégrale;Sousse;5cv;;2026-06-23;2026-07-13;;https://www.automobile.tn/fr/occasion/citroen/berlingo-multispace/127659;;;
automobile.tn;Ford Kuga SE 1.5 SCTi EcoBoost 16V 4x2 S&S 150 cv;Ford;Kuga;2019.0;62000.0;160000.0;Essence;Traction;Sfax;8cv;;2026-06-23;2026-07-13;;https://www.automobile.tn/fr/occasion/ford/kuga/127658;;;
automobile.tn;Ford Fiesta 1.25 i 16V 60 cv;Ford;Fiesta;2010.0;25000.0;178818.0;Essence;Traction;Sousse;5cv;;2026-06-23;2026-07-13;;https://www.automobile.tn/fr/occasion/ford/fiesta/127657;;;
automobile.tn;Volkswagen Golf 8 Style 1.0 TSi 12V BMT 110 cv;Volkswagen;Golf 8;2021.0;78000.0;45000.0;Essence;Traction;Sousse;6cv;;2026-06-22;2026-07-13;;https://www.automobile.tn/fr/occasion/volkswagen/golf-8/124634;;;
automobile.tn;Renault Fluence;Renault;Fluence;2011.0;28000.0;266000.0;Essence;Traction;Ariana;7cv;;2026-06-22;2026-07-13;;https://www.automobile.tn/fr/occasion/renault/fluence/127652;;;
automobile.tn;Mercedes-Benz Classe C coupé AMG 43 AMG 3.0 i V6 24V 4MATIC 9G-TRONIC 390 cv Boîte auto;Mercedes-benz;Classe C coupé;2020.0;245000.0;58900.0;Essence;Intégrale;Nabeul;29cv;;2026-06-22;2026-07-13;;https://www.automobile.tn/fr/occasion/mercedes-benz/classe-c-coupe/126811;;;
automobile.tn;BMW Série 1 Lounge 116i 1.5 i 12V DCT7 109 cv Boîte auto;Bmw;Série 1;2022.0;95000.0;37000.0;Essence;Traction;Tunis;6cv;;2026-06-22;2026-07-13;;https://www.automobile.tn/fr/occasion/bmw/serie-1-5p/127646;;;
automobile.tn;Mercedes-Benz Classe E Avantgarde 200 1.8 CGI 16V BlueEFFICIENCY 184 cv Boîte auto;Mercedes-benz;Classe E;2010.0;55000.0;220000.0;Essence;Propulsion;Tunis;11cv;;2026-06-22;2026-07-13;;https://www.automobile.tn/fr/occasion/mercedes-benz/classe-e/127330;;;
automobile.tn;Ssangyong Tivoli Sport Duo 160 1.6 e-XGi 16V 2WD 128 cv Boîte auto;Ssangyong;Tivoli;2016.0;39980.0;306000.0;Essence;Traction;Sousse;7cv;;2026-06-22;2026-07-13;;https://www.automobile.tn/fr/occasion/ssangyong/tivoli/127644;;;
automobile.tn;Citroën C4 Cactus Feel 1.2 VTi 12V 82 cv;Citroën;C4 Cactus;2016.0;38000.0;110000.0;Essence;Traction;Tunis;5cv;;2026-06-22;2026-07-13;;https://www.automobile.tn/fr/occasion/citroen/c4-cactus/127640;;;
automobile.tn;Mazda 3 sedan High Grade 1.5 L Skyactiv-G 112 cv;Mazda;3 sedan;2017.0;47000.0;176000.0;Essence;Traction;Nabeul;6cv;;2026-06-22;2026-07-13;;https://www.automobile.tn/fr/occasion/mazda/3-sedan/127637;;;
automobile.tn;Peugeot 2008 Allure Toit Cielo 1.2 VTi 12V 82 cv;Peugeot;2008;2018.0;44000.0;149000.0;Essence;Traction;Tunis;6cv;;2026-06-22;2026-07-13;;https://www.automobile.tn/fr/occasion/peugeot/2008/126647;;;
automobile.tn;Fiat 500 1.2 L 69 cv Boîte auto;Fiat;500;2018.0;38000.0;88000.0;Essence;Traction;Ariana;4cv;;2026-06-22;2026-07-13;;https://www.automobile.tn/fr/occasion/fiat/500/123776;;;
automobile.tn;Audi A3 Sportback S-Line Plus 30 1.5 TFSI 16V g-tron S Tronic7 S&S 131 cv Boîte auto;Audi;A3 Sportback;2021.0;106000.0;53000.0;Essence;Intégrale;Tunis;8cv;;2026-06-22;2026-07-13;;https://www.automobile.tn/fr/occasion/audi/a3-sportback/124472;;;
automobile.tn;Volkswagen Caddy Prestige 1.6 TDI 16V 102 cv;Volkswagen;Caddy;2020.0;50000.0;203000.0;Diesel;Traction;Ben Arous;5cv;;2026-06-22;2026-07-13;;https://www.automobile.tn/fr/occasion/volkswagen/caddy/127631;;;
automobile.tn;Seat Tarraco Xcellence 1.4 TSI 16V GPF 4x2 DSG7 S&S 150 cv Boîte auto;Seat;Tarraco;2020.0;90000.0;122000.0;Essence;Traction;Ben Arous;9cv;;2026-06-22;2026-07-13;;https://www.automobile.tn/fr/occasion/seat/tarraco/125702;;;
automobile.tn;MG 3 Confort Plus 1.5 L 112 cv Boîte auto;Mg;3;2021.0;48000.0;40000.0;Essence;Traction;Tunis;7cv;;2026-06-22;2026-07-13;;https://www.automobile.tn/fr/occasion/mg/3/126495;;;
automobile.tn;MG HS Trophy 2.0 220 cv Boîte auto;Mg;HS;2021.0;93000.0;47000.0;Essence;Intégrale;Tunis;15cv;;2026-06-22;2026-07-13;;https://www.automobile.tn/fr/occasion/mg/hs/126456;;;
automobile.tn;Hyundai i20 High Grade 1.2 L 76 cv;Hyundai;i20;2025.0;68000.0;15000.0;Essence;Traction;Sfax;4cv;;2026-06-22;2026-07-13;;https://www.automobile.tn/fr/occasion/hyundai/i20/127629;;;
automobile.tn;Seat Ibiza Xcellence 1.0 L TSI 115 cv Boîte auto;Seat;Ibiza;2023.0;70000.0;55000.0;Essence;Traction;Tunis;6cv;;2026-06-22;2026-07-13;;https://www.automobile.tn/fr/occasion/seat/ibiza/127626;;;
automobile.tn;Peugeot Landtrek Double Cabine 1.9 d 150 cv double cabine 4x2;Peugeot;Landtrek Double Cabine;2024.0;41000.0;111000.0;Diesel;Propulsion;Nabeul;6cv;;2026-06-22;2026-07-13;;https://www.automobile.tn/fr/occasion/peugeot/landtrek-double-cabine/127430;;;
automobile.tn;Volkswagen Tiguan Exclusive 2.0 TFSi 16V 4Motion 170 cv;Volkswagen;Tiguan;2010.0;35000.0;256000.0;Essence;Intégrale;Sousse;11cv;;2026-06-21;2026-07-13;;https://www.automobile.tn/fr/occasion/volkswagen/tiguan/127623;;;
automobile.tn;KIA Rio 5p GT-Line 1.2 i-CVVT 16V ISG 84 cv;Kia;Rio 5p;2023.0;67500.0;17000.0;Essence;Traction;Tunis;5cv;;2026-06-21;2026-07-13;;https://www.automobile.tn/fr/occasion/kia/rio-5p/127621;;;
automobile.tn;Toyota Agya Populaire 1.0 L 65 cv;Toyota;Agya;2021.0;35500.0;40350.0;Essence;Traction;Ariana;4cv;;2026-06-21;2026-07-13;;https://www.automobile.tn/fr/occasion/toyota/agya/127620;;;
automobile.tn;Mercedes-Benz Classe A AMG 180 1.3 Ti 16V 136 cv;Mercedes-benz;Classe A;2019.0;97000.0;70500.0;Essence;Traction;Tunis;7cv;;2026-06-21;2026-07-13;;https://www.automobile.tn/fr/occasion/mercedes-benz/classe-a/127619;;;
automobile.tn;Suzuki Jimny 3 portes GL AllGrip 1.5 VVT 16V 4WD 102 cv;Suzuki;Jimny 3 portes;2019.0;72000.0;65000.0;Essence;Intégrale;Tunis;6cv;;2026-06-21;2026-07-13;;https://www.automobile.tn/fr/occasion/suzuki/jimny/127616;;;
automobile.tn;Ford Ecosport Titanium 1.0 SCTi EcoBoost 12V S&S 125 cv;Ford;Ecosport;2019.0;50000.0;88000.0;Essence;Traction;Tunis;7cv;;2026-06-21;2026-07-13;;https://www.automobile.tn/fr/occasion/ford/ecosport/127615;;;
automobile.tn;Peugeot Landtrek Simple Cabine 1.9 d 150 cv simple cabine 4x2;Peugeot;Landtrek Simple Cabine;2021.0;58000.0;59800.0;Diesel;Propulsion;Monastir;6cv;;2026-06-21;2026-07-13;;https://www.automobile.tn/fr/occasion/peugeot/landtrek-simple-cabine/127614;;;
automobile.tn;Porsche Macan 4 4 EV 408 cv Boîte auto;Porsche;Macan;2025.0;320000.0;16000.0;Electrique;Intégrale;Tunis;7cv;;2026-06-21;2026-07-13;;https://www.automobile.tn/fr/occasion/porsche/macan/127613;;;
automobile.tn;Mercedes-Benz Classe S;Mercedes-benz;Classe S;2014.0;195000.0;112000.0;Hybride diesel;Propulsion;Tunis;11cv;;2026-06-21;2026-07-13;;https://www.automobile.tn/fr/occasion/mercedes-benz/classe-s/127611;;;
automobile.tn;Audi A3 Sportback 40 1.4 TFSIe 16V 204 Plug in Hybrid S Tronic6 150 cv Boîte auto;Audi;A3 Sportback;2022.0;90000.0;44000.0;Hybride rechargeable essence;Traction;Sousse;8cv;;2026-06-21;2026-07-13;;https://www.automobile.tn/fr/occasion/audi/a3-sportback/127493;;;
automobile.tn;Jeep Renegade Limited 1.4 Turbo 4x2 140 cv Boîte auto;Jeep;Renegade;2020.0;73000.0;85000.0;Essence;Traction;Ariana;8cv;;2026-06-21;2026-07-13;;https://www.automobile.tn/fr/occasion/jeep/renegade/126741;;;
automobile.tn;Toyota RAV 4 2.0 L 4x2 146 cv Boîte auto;Toyota;RAV 4;2016.0;75000.0;230000.0;Essence;Traction;Tunis;9cv;;2026-06-21;2026-07-13;;https://www.automobile.tn/fr/occasion/toyota/rav-4/127610;;;
automobile.tn;Volkswagen Golf 8 Drive 1.0 TSi 12V BMT 110 cv;Volkswagen;Golf 8;2021.0;75000.0;100000.0;Essence;Traction;Kairouan;6cv;;2026-06-21;2026-07-13;;https://www.automobile.tn/fr/occasion/volkswagen/golf-8/127607;;;
automobile.tn;KIA Rio 5p SX 1.2 i-CVVT 16V 84 cv;Kia;Rio 5p;2019.0;54000.0;68000.0;Essence;Traction;Ariana;5cv;;2026-06-21;2026-07-13;;https://www.automobile.tn/fr/occasion/kia/rio-5p/127606;;;
automobile.tn;Ford Focus Titanium 1.0 SCTi 12V EcoBoost S&S 125 cv;Ford;Focus;2016.0;41000.0;130000.0;Essence;Traction;Tunis;6cv;;2026-06-21;2026-07-13;;https://www.automobile.tn/fr/occasion/ford/focus/127426;;;
automobile.tn;MG e-HS Luxury Plus 1.5 T-GDI 16V 258 Plug in Hybrid 162 cv Boîte auto;Mg;e-HS;2023.0;73000.0;105000.0;Hybride rechargeable essence;Traction;Médenine;8cv;;2026-06-21;2026-07-13;;https://www.automobile.tn/fr/occasion/mg/ehs/127138;;;
automobile.tn;Volkswagen Tiguan Elegance 1.4 L TSI 150 cv Boîte auto;Volkswagen;Tiguan;2022.0;112000.0;78000.0;Essence;Traction;Ben Arous;8cv;;2026-06-21;2026-07-13;;https://www.automobile.tn/fr/occasion/volkswagen/tiguan/127604;;;
automobile.tn;Citroën C4 Cactus Feel 1.2 e-THP 12V 110 cv;Citroën;C4 Cactus;2018.0;40000.0;67000.0;Essence;Traction;Ben Arous;5cv;;2026-06-21;2026-07-13;;https://www.automobile.tn/fr/occasion/citroen/c4-cactus/127603;;;
automobile.tn;Volkswagen Tiguan 2.0 TDi 16V 4Motion DSG7 150 cv Boîte auto;Volkswagen;Tiguan;2018.0;125000.0;110000.0;Diesel;Intégrale;Sidi Bouzid;8cv;;2026-06-20;2026-07-13;;https://www.automobile.tn/fr/occasion/volkswagen/tiguan/127558;;;
automobile.tn;KIA Sportage Toit Ouvrant 1.7 CRDi VGT 16V 4x2 115 cv;Kia;Sportage;2014.0;58000.0;230000.0;Diesel;Traction;Sousse;7cv;;2026-06-20;2026-07-13;;https://www.automobile.tn/fr/occasion/kia/sportage/127601;;;
automobile.tn;MG e-HS Luxury Plus 1.5 T-GDI 16V 258 Plug in Hybrid 162 cv Boîte auto;Mg;e-HS;2023.0;90500.0;42000.0;Hybride rechargeable essence;Traction;Sousse;8cv;;2026-06-20;2026-07-13;;https://www.automobile.tn/fr/occasion/mg/ehs/123799;;;
automobile.tn;Mini Cooper 3 portes Pack Chili Cooper S 1.6 i 16V Turbo 184 cv;Mini;Cooper 3 portes;2013.0;33200.0;230000.0;Essence;Traction;Sousse;4cv;;2026-06-20;2026-07-13;;https://www.automobile.tn/fr/occasion/mini/3-portes/127597;;;
automobile.tn;Peugeot 408 GT;Peugeot;408 GT;2024.0;135000.0;19000.0;Essence;Traction;Sousse;13cv;;2026-06-20;2026-07-13;;https://www.automobile.tn/fr/occasion/peugeot/408-gt/127593;;;
automobile.tn;Toyota Yaris Cross Hybride Bi-ton 2025 1.5 HSD 12V 116 Hybrid E-CVT 90 cv Boîte auto;Toyota;Yaris Cross Hybride;2022.0;73900.0;100000.0;Hybride essence;Intégrale;Tunis;6cv;;2026-06-20;2026-07-13;;https://www.automobile.tn/fr/occasion/toyota/yaris-cross/126856;;;
automobile.tn;Volkswagen Golf 8 Life 1.4 L TSI 150 cv Boîte auto;Volkswagen;Golf 8;2023.0;105000.0;50000.0;Essence;Traction;Ben Arous;8cv;;2026-06-20;2026-07-13;;https://www.automobile.tn/fr/occasion/volkswagen/golf-8/118210;;;
automobile.tn;KIA XCeed 1.5 T-GDI 16V GPF DCT7 ISG 159 cv Boîte auto;Kia;XCeed;2022.0;95000.0;17000.0;Essence;Traction;Ariana;9cv;;2026-06-20;2026-07-13;;https://www.automobile.tn/fr/occasion/kia/xceed/127581;;;
automobile.tn;Seat Ateca Xperience 1.4 L TSI 150 cv Boîte auto;Seat;Ateca;2023.0;85000.0;84000.0;Essence;Traction;Bizerte;8cv;;2026-06-20;2026-07-13;;https://www.automobile.tn/fr/occasion/seat/ateca/127580;;;
automobile.tn;Audi A3 Berline Attraction Plus 1.2 TSI 16V S&S 105 cv;Audi;A3 Berline;2014.0;45500.0;160000.0;Essence;Traction;La Manouba;5cv;;2026-06-20;2026-07-13;;https://www.automobile.tn/fr/occasion/audi/a3-berline/127433;;;
automobile.tn;Seat Ibiza Style 1.2 i 12V 60 cv;Seat;Ibiza;2011.0;26600.0;220000.0;Essence;Traction;Ariana;5cv;;2026-06-20;2026-07-13;;https://www.automobile.tn/fr/occasion/seat/ibiza/127575;;;
automobile.tn;Jeep Compass Limited 1.3 16V Turbo MultiAir 2WD DCT6 S&S 150 cv Boîte auto;Jeep;Compass;2022.0;120120.0;60000.0;Essence;Traction;Sfax;8cv;;2026-06-20;2026-07-13;;https://www.automobile.tn/fr/occasion/jeep/compass/123701;;;
automobile.tn;BMW Série 1 114d 1.5 d 12V 95 cv;Bmw;Série 1;2017.0;49000.0;250000.0;Diesel;Traction;Mahdia;5cv;;2026-06-20;2026-07-13;;https://www.automobile.tn/fr/occasion/bmw/serie-1-5p/127570;;;
automobile.tn;Citroën C3 Live 1.2 VTi PureTech 12V 82 cv;Citroën;C3;2020.0;35000.0;61000.0;Essence;Traction;Siliana;4cv;;2026-06-19;2026-07-13;;https://www.automobile.tn/fr/occasion/citroen/c3/125362;;;
automobile.tn;Ford Focus Connected Pack Confort 1.0 SCTi 12V EcoBoost 125 cv;Ford;Focus;2019.0;57000.0;139000.0;Essence;Traction;Siliana;6cv;;2026-06-19;2026-07-13;;https://www.automobile.tn/fr/occasion/ford/focus/127569;;;
automobile.tn;Mercedes-Benz Classe E AMG 180 1.5 Ti 16V 9G-TRONIC 156 cv Boîte auto;Mercedes-benz;Classe E;2022.0;120000.0;49000.0;Essence;Intégrale;Tunis;12cv;;2026-06-19;2026-07-13;;https://www.automobile.tn/fr/occasion/mercedes-benz/classe-e/126942;;;
automobile.tn;KIA Rio 5p EX 1.2 i-CVVT 16V 84 cv;Kia;Rio 5p;2020.0;49500.0;158000.0;Essence;Traction;Tunis;5cv;;2026-06-19;2026-07-13;;https://www.automobile.tn/fr/occasion/kia/rio-5p/127563;;;
automobile.tn;Honda CR-V 2.4 L CVT 188 cv Boîte auto;Honda;CR-V;2016.0;68500.0;120000.0;Essence;Intégrale;Ben Arous;11cv;;2026-06-19;2026-07-13;;https://www.automobile.tn/fr/occasion/honda/cr-v/126437;;;
automobile.tn;Ssangyong Tivoli Confort 160 1.6 e-XGi 16V 2WD 128 cv Boîte auto;Ssangyong;Tivoli;2016.0;44000.0;175000.0;Essence;Traction;Ariana;8cv;;2026-06-19;2026-07-13;;https://www.automobile.tn/fr/occasion/ssangyong/tivoli/127561;;;
automobile.tn;Land Rover Defender 110 X-Dynamic SE D200 SD4 2.0 TDCI 4WD 200 cv Boîte auto;Land rover;Defender 110;2021.0;340000.0;97500.0;Diesel;Intégrale;Tunis;12cv;;2026-06-19;2026-07-13;;https://www.automobile.tn/fr/occasion/land-rover/defender/121513;;;
automobile.tn;KIA Sportage EX 1.6 l T-GDI 7-DCT 180 cv Boîte auto;Kia;Sportage;2022.0;115000.0;100000.0;Essence;Traction;Ben Arous;10cv;;2026-06-19;2026-07-13;;https://www.automobile.tn/fr/occasion/kia/sportage/127414;;;
automobile.tn;Mercedes-Benz Classe A 180 d 2.0d 16V 8G-DCT 116 cv Boîte auto;Mercedes-benz;Classe A;2018.0;90000.0;107500.0;Diesel;Traction;Sfax;6cv;;2026-06-19;2026-07-13;;https://www.automobile.tn/fr/occasion/mercedes-benz/classe-a/125869;;;
automobile.tn;Renault Kadjar Intens Tce 130 cv Boite Auto;Renault;Kadjar;2018.0;54500.0;149000.0;Essence;Traction;Ben Arous;7cv;;2026-06-19;2026-07-13;;https://www.automobile.tn/fr/occasion/renault/kadjar/125777;;;
automobile.tn;Mercedes-Benz Classe E 200 2.0 CGI 16V 7G-TRONIC+ 184 cv Boîte auto;Mercedes-benz;Classe E;2014.0;70000.0;311652.0;Essence;Propulsion;Sfax;8cv;;2026-06-19;2026-07-13;;https://www.automobile.tn/fr/occasion/mercedes-benz/classe-e/127326;;;
automobile.tn;KIA Sportage Black Edition 1.6 GDi CVVT 16V 4x2 135 cv;Kia;Sportage;2015.0;54000.0;190000.0;Essence;Traction;Nabeul;8cv;;2026-06-19;2026-07-13;;https://www.automobile.tn/fr/occasion/kia/sportage/127555;;;
automobile.tn;Mercedes-Benz Classe C Avantgarde 180 1.6 i 16V 9G-TRONIC 156 cv Boîte auto;Mercedes-benz;Classe C;2017.0;85000.0;170000.0;Essence;Propulsion;Tunis;8cv;;2026-06-19;2026-07-13;;https://www.automobile.tn/fr/occasion/mercedes-benz/classe-c/127554;;;
automobile.tn;Peugeot 3008 Allure 1.2 THP Puretech 12V EAT6 S&S 130 cv Boîte auto;Peugeot;3008;2019.0;60000.0;120000.0;Essence;Traction;Ben Arous;7cv;;2026-06-19;2026-07-13;;https://www.automobile.tn/fr/occasion/peugeot/3008/126047;;;
automobile.tn;Mercedes-Benz CLA AMG 250 e 1.3 i 16V GPF 218 PHEV 160 cv Boîte auto;Mercedes-benz;CLA;2021.0;134000.0;74000.0;Hybride rechargeable essence;Traction;Sousse;8cv;;2026-06-19;2026-07-13;;https://www.automobile.tn/fr/occasion/mercedes-benz/cla/126430;;;
automobile.tn;Ford Ranger Double Cabine XLT;Ford;Ranger;2015.0;63000.0;300000.0;Diesel;Intégrale;Ariana;7cv;;2026-06-19;2026-07-13;;https://www.automobile.tn/fr/occasion/ford/ranger/127551;;;
automobile.tn;Audi Q3 Sportback S-Line 45e 1.4 TFSI 16V GPF 245 PHEV DSG6 150 cv Boîte auto;Audi;Q3 Sportback;2022.0;125000.0;104000.0;Hybride rechargeable essence;Traction;Sfax;8cv;;2026-06-19;2026-07-13;;https://www.automobile.tn/fr/occasion/audi/q3-sportback/127550;;;
automobile.tn;Fiat Palio Fire;Fiat;Palio;2010.0;18800.0;245000.0;Essence;Traction;Tunis;4cv;;2026-06-19;2026-07-13;;https://www.automobile.tn/fr/occasion/fiat/palio/127547;;;
automobile.tn;Volvo XC60 D3 Drive 2.0 TDi 20V DPF Geartronic6 163 cv Boîte auto;Volvo;XC60;2012.0;52000.0;252000.0;Diesel;Traction;Ariana;10cv;;2026-06-19;2026-07-13;;https://www.automobile.tn/fr/occasion/volvo/xc60/126639;;;
automobile.tn;Geely GX3 1.5 L 107 cv;Geely;GX3;2021.0;45000.0;67000.0;Essence;Traction;Ariana;6cv;;2026-06-19;2026-07-13;;https://www.automobile.tn/fr/occasion/geely/gx3/127546;;;
automobile.tn;Mercedes-Benz Classe A Urban 180 1.6 Ti 16V 7G-DCT 122 cv Boîte auto;Mercedes-benz;Classe A;2015.0;47000.0;170000.0;Essence;Traction;Tunis;6cv;;2026-06-19;2026-07-13;;https://www.automobile.tn/fr/occasion/mercedes-benz/classe-a/126844;;;
automobile.tn;Mercedes-Benz GLC Pack Off Road 300 e 2.0 i 16V 320 EQ Power 4MATIC 9G-TRONIC 211 cv Boîte auto;Mercedes-benz;GLC;2021.0;160000.0;62000.0;Hybride rechargeable essence;Intégrale;Béja;12cv;;2026-06-19;2026-07-13;;https://www.automobile.tn/fr/occasion/mercedes-benz/glc/126888;;;
automobile.tn;Dongfeng Shine Max Hybride;Dongfeng;Shine Max Hybride;2025.0;82000.0;9500.0;Hybride essence;Traction;Ariana;9cv;;2026-06-19;2026-07-13;;https://www.automobile.tn/fr/occasion/dongfeng/shine-max/127400;;;
automobile.tn;BMW X1 Sport Line 18i sDrive 1.5 i 12V Steptronic 136 cv Boîte auto;Bmw;X1;2018.0;79000.0;130000.0;Essence;Traction;Tunis;7cv;;2026-06-19;2026-07-13;;https://www.automobile.tn/fr/occasion/bmw/x1/127544;;;
automobile.tn;BMW Série 3 Access 316i 1.6 i 16V 116 cv;Bmw;Série 3;2010.0;47000.0;215000.0;Essence;Traction;Sousse;7cv;;2026-06-19;2026-07-13;;https://www.automobile.tn/fr/occasion/bmw/serie-3/127543;;;
automobile.tn;Citroën C3;Citroën;C3;2013.0;21000.0;793000.0;Diesel;Traction;Bizerte;4cv;;2026-06-19;2026-07-13;;https://www.automobile.tn/fr/occasion/citroen/c3/127542;;;
automobile.tn;Toyota RAV 4 Active 2.0 D-4D 16V 2WD 143 cv;Toyota;RAV 4;2018.0;110000.0;10850.0;Diesel;Intégrale;Tunis;7cv;;2026-06-18;2026-07-13;;https://www.automobile.tn/fr/occasion/toyota/rav-4/122687;;;
automobile.tn;Citroën C3 Live 1.2 VTi PureTech 12V 82 cv;Citroën;C3;2020.0;33000.0;107000.0;Essence;Traction;Tunis;4cv;;2026-06-18;2026-07-13;;https://www.automobile.tn/fr/occasion/citroen/c3/127534;;;
automobile.tn;Volkswagen Golf 5 Confort;Volkswagen;Golf 5;2008.0;33000.0;283000.0;Essence;Traction;Ariana;5cv;;2026-06-18;2026-07-13;;https://www.automobile.tn/fr/occasion/volkswagen/golf-5/127533;;;
automobile.tn;Hyundai Creta GLS 1.6 l 123 cv Boîte auto;Hyundai;Creta;2020.0;69000.0;128000.0;Essence;Traction;Tunis;7cv;;2026-06-18;2026-07-13;;https://www.automobile.tn/fr/occasion/hyundai/creta/127532;;;
automobile.tn;BMW Série 1 Pack M 118d 2.0 d 16V 122cv;Bmw;Série 1;2005.0;25500.0;398000.0;Diesel;Propulsion;Tunis;7cv;;2026-06-18;2026-07-13;;https://www.automobile.tn/fr/occasion/bmw/serie-1-5p/127531;;;
automobile.tn;Seat Leon Xcellence 1.4 TSI 150 cv Boîte auto;Seat;Leon;2022.0;84500.0;101000.0;Essence;Traction;Tunis;8cv;;2026-06-18;2026-07-13;;https://www.automobile.tn/fr/occasion/seat/leon/126220;;;
automobile.tn;Renault Megane 1.2 TCe 16V 130 cv;Renault;Megane;2020.0;45900.0;107000.0;Essence;Traction;Tunis;7cv;;2026-06-18;2026-07-13;;https://www.automobile.tn/fr/occasion/renault/megane/124809;;;
automobile.tn;Seat Leon Design 1.2 TSI 16V 110 cv;Seat;Leon;2020.0;58000.0;119000.0;Essence;Traction;Sfax;6cv;;2026-06-18;2026-07-13;;https://www.automobile.tn/fr/occasion/seat/leon/127528;;;
automobile.tn;KIA XCeed 1.5 T-GDI 16V GPF DCT7 ISG 159 cv Boîte auto;Kia;XCeed;2022.0;99000.0;17000.0;Essence;Traction;Tunis;9cv;;2026-06-18;2026-07-13;;https://www.automobile.tn/fr/occasion/kia/xceed/127525;;;
automobile.tn;Mitsubishi Attrage Populaire 1.2 L BVM 78 cv;Mitsubishi;Attrage;2024.0;41000.0;39900.0;Essence;Traction;Tunis;4cv;;2026-06-18;2026-07-13;;https://www.automobile.tn/fr/occasion/mitsubishi/attrage/127521;;;
automobile.tn;Citroën C4;Citroën;C4;2015.0;30000.0;221569.0;Essence;Propulsion;Nabeul;6cv;;2026-06-18;2026-07-13;;https://www.automobile.tn/fr/occasion/citroen/c4/127520;;;
automobile.tn;BMW Série 3 Business Line 318i 1.5 16V 136 cv;Bmw;Série 3;2016.0;59000.0;180000.0;Essence;Propulsion;Béja;7cv;;2026-06-18;2026-07-13;;https://www.automobile.tn/fr/occasion/bmw/serie-3/125825;;;
automobile.tn;Dongfeng S50 Luxury 1.6 L CVT 122 cv Boîte auto;Dongfeng;S50;2021.0;43000.0;125000.0;Essence;Traction;Sfax;7cv;;2026-06-18;2026-07-13;;https://www.automobile.tn/fr/occasion/dongfeng/s50/127516;;;
automobile.tn;KIA Stonic;Kia;Stonic;2021.0;65000.0;49000.0;Essence;Traction;Sfax;4cv;;2026-06-18;2026-07-13;;https://www.automobile.tn/fr/occasion/kia/stonic/126553;;;
automobile.tn;Volkswagen Jetta Highline 1.2 TSi 105 cv;Volkswagen;Jetta;2011.0;35000.0;293000.0;Essence;Traction;Sfax;6cv;;2026-06-18;2026-07-13;;https://www.automobile.tn/fr/occasion/volkswagen/jetta/124478;;;
automobile.tn;KIA Rio 5p SX 1.2 i-CVVT 16V 85 cv;Kia;Rio 5p;2021.0;60000.0;24935.0;Essence;Traction;Jendouba;5cv;;2026-06-18;2026-07-13;;https://www.automobile.tn/fr/occasion/kia/rio-5p/127512;;;
automobile.tn;KIA Rio 5p GT-Line 1.2 i-CVVT 16V ISG 84 cv;Kia;Rio 5p;2021.0;54000.0;111000.0;Essence;Traction;Tunis;5cv;;2026-06-18;2026-07-13;;https://www.automobile.tn/fr/occasion/kia/rio-5p/127505;;;
automobile.tn;Ssangyong Tivoli Confort 160 1.6 e-XGi 16V 2WD 128 cv Boîte auto;Ssangyong;Tivoli;2015.0;48000.0;46000.0;Essence;Traction;Tunis;8cv;;2026-06-18;2026-07-13;;https://www.automobile.tn/fr/occasion/ssangyong/tivoli/127465;;;
automobile.tn;Ford Focus Trend 1.0 SCTi 12V EcoBoost S&S 125 cv;Ford;Focus;2015.0;33000.0;190000.0;Essence;Traction;Ben Arous;6cv;;2026-06-17;2026-07-13;;https://www.automobile.tn/fr/occasion/ford/focus/127500;;;
automobile.tn;Peugeot 5008 GT Gt line 1.5 BlueHDi EAT8 S&S 130 cv Boîte auto;Peugeot;5008 GT;2021.0;97500.0;167000.0;Diesel;Traction;Ben Arous;7cv;;2026-06-17;2026-07-13;;https://www.automobile.tn/fr/occasion/peugeot/5008-gt-line/127495;;;
automobile.tn;Audi Q3 Sportback S-Line 35 1.5 TFSI 16V GPF DSG7 150 cv Boîte auto;Audi;Q3 Sportback;2020.0;125000.0;110000.0;Essence;Traction;Tunis;9cv;;2026-06-17;2026-07-13;;https://www.automobile.tn/fr/occasion/audi/q3-sportback/127492;;;
automobile.tn;Renault Kadjar Intens 1.2 Tce 16V FWD 131 cv;Renault;Kadjar;2019.0;49000.0;157000.0;Essence;Traction;Ariana;7cv;;2026-06-17;2026-07-13;;https://www.automobile.tn/fr/occasion/renault/kadjar/127488;;;
automobile.tn;Fiat Tipo 5 portes Entry 1.4L 95 cv;Fiat;Tipo 5 portes;2021.0;45000.0;155000.0;Essence;Traction;Kasserine;5cv;;2026-06-17;2026-07-13;;https://www.automobile.tn/fr/occasion/fiat/tipo/127487;;;
automobile.tn;BMW X1 Business Line 18i sDrive 1.5 i 12V Steptronic 136 cv Boîte auto;Bmw;X1;2017.0;72900.0;99000.0;Essence;Traction;Tunis;7cv;;2026-06-17;2026-07-13;;https://www.automobile.tn/fr/occasion/bmw/x1/126830;;;
automobile.tn;Alfa Romeo Mito 1.4 MPI 16V S&S 78 cv;Alfa romeo;Mito;2010.0;24000.0;245000.0;Essence;Traction;Tunis;5cv;;2026-06-17;2026-07-13;;https://www.automobile.tn/fr/occasion/alfa-romeo/mito/126551;;;
automobile.tn;Audi Q5 Design Luxe 2.0 TFSI 16V Quattro S Tronic7 211 cv Boîte auto;Audi;Q5;2010.0;60000.0;274000.0;Essence;Intégrale;Tunis;13cv;;2026-06-17;2026-07-13;;https://www.automobile.tn/fr/occasion/audi/q5/127484;;;
automobile.tn;Volkswagen Golf 7 1.4 TSI 16V Blue Motion S&S 122 cv;Volkswagen;Golf 7;2013.0;43100.0;264000.0;Essence;Traction;Ben Arous;5cv;;2026-06-17;2026-07-13;;https://www.automobile.tn/fr/occasion/volkswagen/golf-7/127482;;;
automobile.tn;Volkswagen Passat Confort 1.9 TDi FAP 105 cv;Volkswagen;Passat;2008.0;35008.0;200000.0;Diesel;Traction;Monastir;7cv;;2026-06-17;2026-07-13;;https://www.automobile.tn/fr/occasion/volkswagen/passat/127479;;;
automobile.tn;BMW Série 3 Luxury Line 316i 1.6 16V 136 cv;Bmw;Série 3;2014.0;61000.0;123000.0;Essence;Propulsion;Tunis;7cv;;2026-06-17;2026-07-13;;https://www.automobile.tn/fr/occasion/bmw/serie-3/126488;;;
automobile.tn;Hyundai Grand i10 High Grade 1.2 83cv boite auto;Hyundai;Grand i10;2021.0;45000.0;110000.0;Essence;Traction;Sfax;5cv;;2026-06-17;2026-07-13;;https://www.automobile.tn/fr/occasion/hyundai/grand-i10/127472;;;
automobile.tn;Volkswagen T-roc Life 1.0 TSI 12V BMT 110 cv;Volkswagen;T-roc;2022.0;81000.0;59000.0;Essence;Traction;Nabeul;6cv;;2026-06-17;2026-07-13;;https://www.automobile.tn/fr/occasion/volkswagen/t-roc/127471;;;
automobile.tn;Audi Q3 Sportback Black Series 45e 1.4 TFSI 16V GPF 245 PHEV DSG6 150 cv Boîte auto;Audi;Q3 Sportback;2021.0;115000.0;102000.0;Hybride rechargeable essence;Traction;Nabeul;9cv;;2026-06-17;2026-07-13;;https://www.automobile.tn/fr/occasion/audi/q3-sportback/127470;;;
automobile.tn;Ford Ecosport Titanium 1.0 SCTi EcoBoost 12V S&S 125 cv;Ford;Ecosport;2020.0;60000.0;62000.0;Essence;Traction;Tunis;7cv;;2026-06-17;2026-07-13;;https://www.automobile.tn/fr/occasion/ford/ecosport/127469;;;
automobile.tn;Ssangyong Tivoli Classic 160 1.6 e-XGi 16V 2WD 128 cv;Ssangyong;Tivoli;2017.0;39000.0;372000.0;Essence;Traction;Ben Arous;7cv;;2026-06-16;2026-07-13;;https://www.automobile.tn/fr/occasion/ssangyong/tivoli/127132;;;
automobile.tn;Volkswagen Passat Confortline 1.9 TDi 105cv;Volkswagen;Passat;2006.0;35000.0;340000.0;Diesel;Traction;La Manouba;6cv;;2026-06-16;2026-07-13;;https://www.automobile.tn/fr/occasion/volkswagen/passat/127464;;;
automobile.tn;Peugeot 2008 Active 1.2 THP Puretech 12V S&S 110 cv;Peugeot;2008;2020.0;35000.0;140000.0;Essence;Traction;Ariana;6cv;;2026-06-16;2026-07-13;;https://www.automobile.tn/fr/occasion/peugeot/2008/127463;;;
automobile.tn;Toyota Yaris France 1.0 12V 72 cv;Toyota;Yaris;2023.0;51000.0;33000.0;Essence;Traction;Tunis;4cv;;2026-06-16;2026-07-13;;https://www.automobile.tn/fr/occasion/toyota/yaris/127461;;;
automobile.tn;Renault Symbol Confort 1.2 75 cv;Renault;Symbol;2014.0;19700.0;335000.0;Essence;Traction;Kairouan;5cv;;2026-06-16;2026-07-13;;https://www.automobile.tn/fr/occasion/renault/symbol/127457;;;
automobile.tn;Chery Tiggo 7 Pro 1.5 T CVT 147 cv Boîte auto;Chery;Tiggo 7 Pro;2021.0;59000.0;73000.0;Essence;Traction;Béja;9cv;;2026-06-16;2026-07-13;;https://www.automobile.tn/fr/occasion/chery/tiggo-7/127419;;;
automobile.tn;MG e-HS Luxury Plus 1.5 T-GDI 16V 258 Plug in Hybrid 162 cv Boîte auto;Mg;e-HS;2023.0;79500.0;93000.0;Hybride rechargeable essence;Traction;Ariana;8cv;;2026-06-16;2026-07-13;;https://www.automobile.tn/fr/occasion/mg/ehs/127453;;;
automobile.tn;Land Rover Range Rover Evoque Pure 2.2 TD4 16V DPF 4WD BVA6 150 cv Boîte auto;Land rover;Range Rover Evoque;2018.0;160000.0;32875.0;Diesel;Intégrale;Sfax;8cv;;2026-06-16;2026-07-13;;https://www.automobile.tn/fr/occasion/land-rover/range-rover-evoque/109905;;;
automobile.tn;KIA Rio 5p GX 1.2 i-CVVT 16V ISG 84 cv;Kia;Rio 5p;2020.0;55000.0;63500.0;Essence;Traction;Tunis;5cv;;2026-06-16;2026-07-13;;https://www.automobile.tn/fr/occasion/kia/rio-5p/127417;;;
automobile.tn;Hyundai Creta;Hyundai;Creta;2021.0;77000.0;33500.0;Essence;Propulsion;Nabeul;6cv;;2026-06-16;2026-07-13;;https://www.automobile.tn/fr/occasion/hyundai/creta/127447;;;
automobile.tn;Mercedes-Benz Classe A Urban 180 Turbo 1.6 i 16V Turbo 7G-DCT 122 cv Boîte auto;Mercedes-benz;Classe A;2013.0;50000.0;165000.0;Essence;Traction;Ben Arous;6cv;;2026-06-16;2026-07-13;;https://www.automobile.tn/fr/occasion/mercedes-benz/classe-a/127446;;;
automobile.tn;BMW Série 5 520d 2.0 d 16V 163cv Boîte auto;Bmw;Série 5;2007.0;35000.0;400000.0;Diesel;Propulsion;Ben Arous;10cv;;2026-06-16;2026-07-13;;https://www.automobile.tn/fr/occasion/bmw/serie-5/127445;;;
automobile.tn;Honda City LX 1.5 L CVT 120 cv Boîte auto;Honda;City;2021.0;65000.0;27600.0;Essence;Traction;Monastir;6cv;;2026-06-16;2026-07-13;;https://www.automobile.tn/fr/occasion/honda/city/127444;;;
automobile.tn;Citroën C3 Edition Plus 1.6 BlueHDi S&S 75 cv;Citroën;C3;2017.0;34000.0;155000.0;Diesel;Traction;Ariana;4cv;;2026-06-16;2026-07-13;;https://www.automobile.tn/fr/occasion/citroen/c3/127440;;;
automobile.tn;BMW Série 4 Gran Coupé Business Line 418i 1.5 i 12V Steptronic8 136 cv Boîte auto;Bmw;Série 4 Gran Coupé;2016.0;74000.0;86500.0;Essence;Propulsion;Tunis;7cv;;2026-06-16;2026-07-13;;https://www.automobile.tn/fr/occasion/bmw/serie-4-gran-coupe/126441;;;
automobile.tn;Volvo S80 D3 2.0 d DPF 20V Geartronic S&S 163 cv Boîte auto;Volvo;S80;2012.0;33500.0;353215.0;Diesel;Traction;Ariana;9cv;;2026-06-16;2026-07-13;;https://www.automobile.tn/fr/occasion/volvo/s80/127438;;;
automobile.tn;Mercedes-Benz CL AMG 500 4.7 i V8 32V 7G-Tronic BlueEFFICIENCY 435 cv Boîte auto;Mercedes-benz;CL;2014.0;210000.0;85000.0;Essence;Propulsion;Tunis;33cv;;2026-06-16;2026-07-13;;https://www.automobile.tn/fr/occasion/mercedes-benz/cl/126754;;;
automobile.tn;Suzuki Baleno GLX;Suzuki;Baleno;2017.0;48000.0;124200.0;Essence;Traction;Gafsa;5cv;;2026-06-16;2026-07-13;;https://www.automobile.tn/fr/occasion/suzuki/baleno/122617;;;
automobile.tn;Seat Ibiza Reference 1.0 L 75 cv;Seat;Ibiza;2017.0;38000.0;120000.0;Essence;Traction;Tunis;4cv;;2026-06-16;2026-07-13;;https://www.automobile.tn/fr/occasion/seat/ibiza/127434;;;
automobile.tn;KIA Rio Berline SX 1.4 L 100 cv;Kia;Rio Berline;2020.0;53500.0;70000.0;Essence;Traction;Ben Arous;6cv;;2026-06-16;2026-07-13;;https://www.automobile.tn/fr/occasion/kia/rio/126970;;;
automobile.tn;Volkswagen Golf 3 1.9 TDi 110cv;Volkswagen;Golf 3;1994.0;15000.0;999999.0;Diesel;Traction;Ben Arous;6cv;;2026-06-16;2026-07-13;;https://www.automobile.tn/fr/occasion/volkswagen/golf-3/127431;;;
automobile.tn;Mercedes-Benz Classe E AMG 220 d 2.0 d 16V 4MATIC 9G-TRONIC 163 cv Boîte auto;Mercedes-benz;Classe E;2017.0;105000.0;147000.0;Diesel;Intégrale;Sousse;8cv;;2026-06-16;2026-07-13;;https://www.automobile.tn/fr/occasion/mercedes-benz/classe-e/127429;;;
automobile.tn;Volkswagen Golf 6 Match 1.2 TSi 105 cv;Volkswagen;Golf 6;2011.0;40000.0;213000.0;Essence;Traction;Tunis;7cv;;2026-06-15;2026-07-13;;https://www.automobile.tn/fr/occasion/volkswagen/golf-6/127423;;;
automobile.tn;MG HS Trophy 1.5 162 cv Boîte auto;Mg;HS;2023.0;89000.0;25500.0;Essence;Traction;Ariana;9cv;;2026-06-15;2026-07-13;;https://www.automobile.tn/fr/occasion/mg/hs/126321;;;
automobile.tn;Land Rover Range Rover Evoque;Land rover;Range Rover Evoque;2014.0;95000.0;114000.0;Diesel;Traction;Tunis;11cv;;2026-06-15;2026-07-13;;https://www.automobile.tn/fr/occasion/land-rover/range-rover-evoque/124382;;;
automobile.tn;Land Rover Range Rover Sport;Land rover;Range Rover Sport;2018.0;158000.0;110000.0;Diesel;Traction;Tunis;16cv;;2026-06-15;2026-07-13;;https://www.automobile.tn/fr/occasion/land-rover/range-rover-sport/124303;;;
automobile.tn;Mercedes-Benz Classe E Plug-in Hybride Exclusive;Mercedes-benz;Classe E Plug-in Hybride;2022.0;150000.0;46000.0;Hybride rechargeable essence;Propulsion;Tunis;8cv;;2026-06-15;2026-07-13;;https://www.automobile.tn/fr/occasion/mercedes-benz/classe-e-plug-in-hybride/127418;;;
automobile.tn;Renault Grand Scenic Série spéciale Pépite 1.5 dCi FAP eco2 110 cv;Renault;Grand Scenic;2011.0;36000.0;95000.0;Diesel;Traction;Tunis;6cv;;2026-06-15;2026-07-13;;https://www.automobile.tn/fr/occasion/renault/grand-scenic/127415;;;
automobile.tn;Renault Megane GT line 1.6 dCi 16V 130 cv;Renault;Megane;2017.0;61000.0;180000.0;Diesel;Traction;Monastir;6cv;;2026-06-15;2026-07-13;;https://www.automobile.tn/fr/occasion/renault/megane/127413;;;
automobile.tn;Citroën Jumper 30 L2H2 11.5 m3 335 L2 2.2 HDi 16V Châssis cabine moyen 120 cv;Citroën;Jumper;2012.0;30000.0;240000.0;Diesel;Traction;Tunis;9cv;;2026-06-15;2026-07-13;;https://www.automobile.tn/fr/occasion/citroen/jumper/124776;;;
automobile.tn;Tata Xenon X2 Double Cabine 4x4;Tata;Xenon X2 Double Cabine 4x4;2019.0;25000.0;270000.0;Diesel;Propulsion;Ariana;7cv;;2026-06-15;2026-07-13;;https://www.automobile.tn/fr/occasion/tata/xenon-x2-double-cabine-4x4/125303;;;
automobile.tn;Volkswagen Golf 8 GTE GTE 1.4 TSi 16V 245 Plug in Hybrid DSG6 150 cv Boîte auto;Volkswagen;Golf 8;2021.0;90000.0;87000.0;Hybride rechargeable essence;Traction;Tunis;6cv;;2026-06-15;2026-07-13;;https://www.automobile.tn/fr/occasion/volkswagen/golf-8/127281;;;
automobile.tn;KIA Rio 5p EX 1.2 i-CVVT 16V 84 cv;Kia;Rio 5p;2020.0;43000.0;230000.0;Essence;Traction;Tozeur;5cv;;2026-06-15;2026-07-13;;https://www.automobile.tn/fr/occasion/kia/rio-5p/127408;;;
automobile.tn;KIA Sportage GT-Line 1.6 T-GDI 16V 230 Hybrid 4x2 179 cv Boîte auto;Kia;Sportage;2024.0;110000.0;58000.0;Hybride essence;Traction;Ariana;10cv;;2026-06-15;2026-07-13;;https://www.automobile.tn/fr/occasion/kia/sportage/127186;;;
automobile.tn;KIA XCeed 1.5 T-GDI 16V GPF DCT7 ISG 159 cv Boîte auto;Kia;XCeed;2022.0;89000.0;32000.0;Essence;Traction;Bizerte;9cv;;2026-06-15;2026-07-13;;https://www.automobile.tn/fr/occasion/kia/xceed/125399;;;
automobile.tn;Ford Fusion SE 1.5 L EcoBoost 160 cv Boîte auto;Ford;Fusion;2021.0;89000.0;29000.0;Essence;Traction;Bizerte;9cv;;2026-06-15;2026-07-13;;https://www.automobile.tn/fr/occasion/ford/fusion/124081;;;
automobile.tn;Mercedes-Benz GLC Coupé AMG 300 e 2.0 i 16V 313 EQ Power 4MATIC 9G-TRONIC 204 cv Boîte auto;Mercedes-benz;GLC Coupé;2025.0;275000.0;32000.0;Hybride rechargeable essence;Intégrale;Sousse;11cv;;2026-07-13;2026-07-13;;https://www.automobile.tn/fr/occasion/mercedes-benz/glc-coupe/127261;;;
automobile.tn;Présentation de la cote automobile.tn;;;;;;;;Tunisie;;;;2026-07-13;;https://www.automobile.tn/fr/occasion/mg/rx5/127234;;;
automobile.tn;Dacia Dokker Van Lux Tolée Plus 1.5 Lux 84 cv;Dacia;Dokker Van;2020.0;37000.0;80000.0;Diesel;Traction;Tunis;6cv;;2026-06-15;2026-07-13;;https://www.automobile.tn/fr/occasion/dacia/dokker-van/127295;;;
automobile.tn;Ford Focus sedan Trend Sport 1.0 SCTi 12V EcoBoost S&S 125 cv;Ford;Focus sedan;2017.0;40000.0;190000.0;Essence;Traction;Sfax;6cv;;2026-06-14;2026-07-13;;https://www.automobile.tn/fr/occasion/ford/focus-berline/126961;;;
automobile.tn;Mercedes-Benz Classe A Progressive 180 1.3 Ti 16V 7G-DCT 136 cv Boîte auto;Mercedes-benz;Classe A;2020.0;85000.0;105000.0;Essence;Traction;Ariana;7cv;;2026-06-14;2026-07-13;;https://www.automobile.tn/fr/occasion/mercedes-benz/classe-a/125419;;;
automobile.tn;Mercedes-Benz Classe C AMG 180 1.5 i 16V EQ Boost 9G-TRONIC 170 cv Boîte auto;Mercedes-benz;Classe C;2023.0;162000.0;52000.0;Hybride léger essence;Propulsion;Tunis;9cv;;2026-06-14;2026-07-13;;https://www.automobile.tn/fr/occasion/mercedes-benz/classe-c/121555;;;
automobile.tn;Mercedes-Benz GLE 350 e 2.0 Ti 16V 333 EQ Power 4MATIC 9G-TRONIC 211 cv Boîte auto;Mercedes-benz;GLE;2022.0;230000.0;45000.0;Hybride rechargeable essence;Intégrale;Tunis;12cv;;2026-06-14;2026-07-13;;https://www.automobile.tn/fr/occasion/mercedes-benz/gle/127388;;;
automobile.tn;Chery Tiggo 2 Confort 1.5 106 cv;Chery;Tiggo 2;2020.0;38000.0;150000.0;Essence;Traction;Nabeul;6cv;;2026-06-14;2026-07-13;;https://www.automobile.tn/fr/occasion/chery/tiggo-2/126863;;;
automobile.tn;BMW Série 3 Pack M Sport 320i 1.6 i 16V Steptronic8 170 cv Boîte auto;Bmw;Série 3;2021.0;175000.0;70000.0;Essence;Propulsion;Tunis;9cv;;2026-06-14;2026-07-13;;https://www.automobile.tn/fr/occasion/bmw/serie-3/127366;;;
automobile.tn;Mini Cooper 3 portes One 1.6 i 16V 75 cv;Mini;Cooper 3 portes;2013.0;28500.0;212000.0;Essence;Traction;Tunis;4cv;;2026-06-14;2026-07-13;;https://www.automobile.tn/fr/occasion/mini/3-portes/127322;;;
automobile.tn;GWM Haval H6 Luxury 1.5 T 143cv boite auto;Gwm;Haval H6;2017.0;49200.0;213000.0;Essence;Traction;Sousse;9cv;;2026-06-14;2026-07-13;;https://www.automobile.tn/fr/occasion/great-wall/h6/123302;;;
automobile.tn;Mercedes-Benz GLC Hatchback 250 2.0 i 16V 4MATIC BlueTEC 9G-Tronic 211 cv Boîte auto;Mercedes-benz;GLC;2017.0;110000.0;61000.0;Essence;Intégrale;Tunis;12cv;;2026-06-14;2026-07-13;;https://www.automobile.tn/fr/occasion/mercedes-benz/glc/125333;;;
automobile.tn;BMW X5;Bmw;X5;2007.0;66000.0;270000.0;Diesel;Intégrale;Tunis;15cv;;2026-06-14;2026-07-13;;https://www.automobile.tn/fr/occasion/bmw/x5/120030;;;
automobile.tn;Mazda 3 sedan Core+ Grade 1.5 L Skyactiv-G 112 cv;Mazda;3 sedan;2021.0;65000.0;150000.0;Essence;Traction;Tunis;6cv;;2026-06-14;2026-07-13;;https://www.automobile.tn/fr/occasion/mazda/3-sedan/126765;;;
automobile.tn;Seat Leon Emotion 1.4 TSI 150 cv Boîte auto;Seat;Leon;2022.0;93000.0;14000.0;Essence;Traction;Tunis;8cv;;2026-06-14;2026-07-13;;https://www.automobile.tn/fr/occasion/seat/leon/124077;;;
automobile.tn;Volkswagen Passat;Volkswagen;Passat;2010.0;30000.0;285000.0;Essence;Traction;Tunis;7cv;;2026-06-14;2026-07-13;;https://www.automobile.tn/fr/occasion/volkswagen/passat/127380;;;
automobile.tn;Mercedes-Benz Classe C Business 180 CGI 1.6 16V 7G-TRONIC+ 156 cv Boîte auto;Mercedes-benz;Classe C;2017.0;82000.0;102000.0;Essence;Propulsion;Ariana;8cv;;2026-06-14;2026-07-13;;https://www.automobile.tn/fr/occasion/mercedes-benz/classe-c/122979;;;
automobile.tn;Peugeot 301;Peugeot;301;2014.0;22500.0;165000.0;Essence;Traction;Tunis;5cv;;2026-06-14;2026-07-13;;https://www.automobile.tn/fr/occasion/peugeot/301/127378;;;
automobile.tn;Hyundai Tucson Executive 1.7 CRDi 16V 2WD S&S 116 cv;Hyundai;Tucson;2017.0;62000.0;190000.0;Diesel;Traction;Le Kef;6cv;;2026-06-14;2026-07-13;;https://www.automobile.tn/fr/occasion/hyundai/tucson/127308;;;
automobile.tn;Ford Ranger Double Cabine Limited;Ford;Ranger;2018.0;95000.0;310000.0;Diesel;Intégrale;Sousse;7cv;;2026-06-14;2026-07-13;;https://www.automobile.tn/fr/occasion/ford/ranger/123313;;;
automobile.tn;MG One Luxury+;Mg;One;2024.0;94500.0;33000.0;Essence;Traction;Tunis;10cv;;2026-06-14;2026-07-13;;https://www.automobile.tn/fr/occasion/mg/one/127267;;;
automobile.tn;Mazda 6;Mazda;6;2014.0;45000.0;164125.0;Essence;Traction;Tunis;9cv;;2026-06-14;2026-07-13;;https://www.automobile.tn/fr/occasion/mazda/6/127341;;;
automobile.tn;Land Rover Range Rover Evoque Dynamic 2.0 TD4 16V 4WD BVA9 150 cv Boîte auto;Land rover;Range Rover Evoque;2015.0;69000.0;190000.0;Diesel;Intégrale;Sfax;9cv;;2026-06-13;2026-07-13;;https://www.automobile.tn/fr/occasion/land-rover/range-rover-evoque/126927;;;
automobile.tn;Ford Transit Custom 2.2 L Diesel 100 cv;Ford;Transit Custom;2023.0;85000.0;20000.0;Diesel;Traction;Sousse;7cv;;2026-06-13;2026-07-13;;https://www.automobile.tn/fr/occasion/ford/transit-custom/127373;;;
automobile.tn;Mercedes-Benz Classe S;Mercedes-benz;Classe S;2008.0;70000.0;169000.0;Essence;Traction;Ben Arous;15cv;;2026-06-13;2026-07-13;;https://www.automobile.tn/fr/occasion/mercedes-benz/classe-s/127306;;;
automobile.tn;Jaguar X-Type 2.0 i V6 159cv;Jaguar;X-Type;2002.0;23000.0;281000.0;Essence;Intégrale;Ariana;10cv;;2026-06-13;2026-07-13;;https://www.automobile.tn/fr/occasion/jaguar/x-type/127371;;;
automobile.tn;Toyota C-HR 1.2 L 116 cv Boîte auto;Toyota;C-HR;2023.0;85000.0;70000.0;Essence;Traction;Tunis;6cv;;2026-06-13;2026-07-13;;https://www.automobile.tn/fr/occasion/toyota/c-hr/127367;;;
automobile.tn;Hyundai Tucson High Grade;Hyundai;Tucson;2021.0;130000.0;96000.0;Diesel;Traction;Ben Arous;6cv;;2026-06-13;2026-07-13;;https://www.automobile.tn/fr/occasion/hyundai/tucson/127365;;;
automobile.tn;Hyundai Grand i10 Sedan 1.2 L 87 cv;Hyundai;Grand i10 Sedan;2019.0;34000.0;123000.0;Essence;Traction;Ben Arous;5cv;;2026-06-13;2026-07-13;;https://www.automobile.tn/fr/occasion/hyundai/grand-i10-sedan/126270;;;
automobile.tn;Mercedes-Benz Classe S Limousine 320 L 3.2 i 18V 224 cv Boîte auto;Mercedes-benz;Classe S;1999.0;30000.0;307000.0;Essence;Traction;Ariana;16cv;;2026-06-13;2026-07-13;;https://www.automobile.tn/fr/occasion/mercedes-benz/classe-s/123341;;;
automobile.tn;Hyundai Tucson Executive 1.6 l T-GDI 7-DCT 4WD 180 cv Boîte auto;Hyundai;Tucson;2022.0;118000.0;85000.0;Essence;Intégrale;Gabès;10cv;;2026-06-13;2026-07-13;;https://www.automobile.tn/fr/occasion/hyundai/tucson/127358;;;
automobile.tn;GWM Haval H6 1.5 T 150cv boite auto;Gwm;Haval H6;2022.0;89000.0;60000.0;Essence;Traction;Sousse;8cv;;2026-07-13;2026-07-13;;https://www.automobile.tn/fr/occasion/great-wall/h6/125909;;;
automobile.tn;Toyota Yaris Hybride France 1.5 VVTI 12V 116 HSD Hybrid E-CVT 90 cv Boîte auto;Toyota;Yaris Hybride;2024.0;65000.0;15000.0;Hybride essence;Traction;Ariana;4cv;;2026-06-13;2026-07-13;;https://www.automobile.tn/fr/occasion/toyota/yaris-hybride/126131;;;
automobile.tn;BMW Série 1 Access Ecran 116d 1.6 d 16V DPF EfficientDynamics Edition 116 cv;Bmw;Série 1;2014.0;48000.0;250000.0;Diesel;Propulsion;Sfax;6cv;;2026-06-13;2026-07-13;;https://www.automobile.tn/fr/occasion/bmw/serie-1-5p/127116;;;
automobile.tn;MG ZS Luxe 1.5 L 114 cv Boîte auto;Mg;ZS;2020.0;59400.0;99000.0;Essence;Traction;Médenine;7cv;;2026-06-13;2026-07-13;;https://www.automobile.tn/fr/occasion/mg/zs/126805;;;
automobile.tn;Audi Q2 Design 30 1.0 TSI 12V S-Tronic 116 cv Boîte auto;Audi;Q2;2020.0;79000.0;75000.0;Essence;Traction;Tunis;6cv;;2026-06-13;2026-07-13;;https://www.automobile.tn/fr/occasion/audi/q2/126589;;;
automobile.tn;Nissan Micra Acenta 1.2 i 12V 80 cv;Nissan;Micra;2016.0;33000.0;42000.0;Essence;Traction;Ben Arous;5cv;;2026-06-13;2026-07-13;;https://www.automobile.tn/fr/occasion/nissan/micra/127354;;;
automobile.tn;Renault Clio Dynamique 0.9 TCe 12V eco2 S&S 90 cv;Renault;Clio;2015.0;36000.0;114211.0;Essence;Traction;Ariana;5cv;;2026-06-13;2026-07-13;;https://www.automobile.tn/fr/occasion/renault/clio/126084;;;
automobile.tn;Fiat Tipo Berline Entry 1.4 i 16V 95 cv;Fiat;Tipo Berline;2017.0;37000.0;160000.0;Essence;Traction;La Manouba;6cv;;2026-06-12;2026-07-13;;https://www.automobile.tn/fr/occasion/fiat/tipo-berline/127353;;;
automobile.tn;GWM Haval H2 Luxury 1.5 T 143 cv Boîte auto;Gwm;Haval H2;2019.0;52000.0;140200.0;Essence;Traction;Ben Arous;9cv;;2026-06-12;2026-07-13;;https://www.automobile.tn/fr/occasion/great-wall/h2/127351;;;
automobile.tn;Fiat Tipo Berline Entry Plus;Fiat;Tipo Berline;2020.0;44000.0;59000.0;Essence;Traction;Sfax;5cv;;2026-06-12;2026-07-13;;https://www.automobile.tn/fr/occasion/fiat/tipo-berline/127346;;;
automobile.tn;Toyota Corolla Dynamic 1.2 T 16V CVT 116 cv Boîte auto;Toyota;Corolla;2021.0;67200.0;99000.0;Essence;Traction;Sousse;6cv;;2026-06-12;2026-07-13;;https://www.automobile.tn/fr/occasion/toyota/corolla-5p/127340;;;
automobile.tn;BMW Série 3 Business Line Premium 320i 1.6 i 16V Steptronic8 170 cv Boîte auto;Bmw;Série 3;2021.0;120000.0;80000.0;Essence;Propulsion;Ariana;9cv;;2026-07-13;2026-07-13;;https://www.automobile.tn/fr/occasion/bmw/serie-3/119774;;;
automobile.tn;Suzuki Grand Vitara 2.0 i 16V Break 4WD 128 cv;Suzuki;Grand Vitara;1998.0;25000.0;273000.0;Essence;Intégrale;Ariana;11cv;;2026-06-12;2026-07-13;;https://www.automobile.tn/fr/occasion/suzuki/grand-vitara/126431;;;
automobile.tn;Fiat 500 Gucci 1.2 MPi 8V 69 cv;Fiat;500;2016.0;45000.0;124000.0;Essence;Traction;Bizerte;4cv;;2026-06-12;2026-07-13;;https://www.automobile.tn/fr/occasion/fiat/500/127328;;;
automobile.tn;Opel Mokka Elegance 1.2 12V Turbo 4x2 S&S 130 cv Boîte auto;Opel;Mokka;2023.0;78000.0;67000.0;Essence;Traction;Sfax;7cv;;2026-06-12;2026-07-13;;https://www.automobile.tn/fr/occasion/opel/mokka/127327;;;
automobile.tn;Volkswagen Golf 7 Lounge 1.2 TSI 16V Blue Motion S&S 86 cv;Volkswagen;Golf 7;2015.0;56000.0;175000.0;Essence;Traction;Tunis;5cv;;2026-06-12;2026-07-13;;https://www.automobile.tn/fr/occasion/volkswagen/golf-7/126392;;;
automobile.tn;DS 3 Chic 1.2 VTi Puretech 12V S&S 82 cv;Ds;3;2016.0;36000.0;94540.0;Essence;Traction;Tunis;5cv;;2026-06-12;2026-07-13;;https://www.automobile.tn/fr/occasion/ds/3/126971;;;
automobile.tn;Mercedes-Benz Classe A AMG 180 1.3 Ti 16V 7G-DCT 136 cv Boîte auto;Mercedes-benz;Classe A;2019.0;105000.0;78000.0;Essence;Traction;Tunis;8cv;;2026-06-12;2026-07-13;;https://www.automobile.tn/fr/occasion/mercedes-benz/classe-a/127321;;;
automobile.tn;Mahindra KUV 100 K8 1.2 82cv;Mahindra;KUV 100;2021.0;29500.0;68000.0;Essence;Traction;Ben Arous;5cv;;2026-06-12;2026-07-13;;https://www.automobile.tn/fr/occasion/mahindra/kuv-100/126722;;;
automobile.tn;GWM Haval H6 1.5 T 150cv boite auto;Gwm;Haval H6;2022.0;93000.0;46000.0;Essence;Traction;Sfax;8cv;;2026-06-12;2026-07-13;;https://www.automobile.tn/fr/occasion/great-wall/h6/127315;;;
automobile.tn;Mazda 3 1.6 MZR 16V 105 cv;Mazda;3;2015.0;36500.0;350000.0;Essence;Traction;La Manouba;6cv;;2026-06-11;2026-07-13;;https://www.automobile.tn/fr/occasion/mazda/3/127313;;;
automobile.tn;Volkswagen Passat R-Line 1.4 TSI 16V BMT DSG7 150 cv Boîte auto;Volkswagen;Passat;2019.0;87000.0;89000.0;Essence;Traction;Tunis;8cv;;2026-06-11;2026-07-13;;https://www.automobile.tn/fr/occasion/volkswagen/passat/127228;;;
automobile.tn;Peugeot Landtrek Simple Cabine 1.9 d 150 cv simple cabine 4x2;Peugeot;Landtrek Simple Cabine;2021.0;53000.0;118000.0;Diesel;Propulsion;Tunis;6cv;;2026-06-11;2026-07-13;;https://www.automobile.tn/fr/occasion/peugeot/landtrek-simple-cabine/127309;;;
automobile.tn;Citroën C4 Seduction 1.6 HDi FAP 92 cv;Citroën;C4;2012.0;19000.0;500000.0;Diesel;Traction;Ben Arous;5cv;;2026-06-11;2026-07-13;;https://www.automobile.tn/fr/occasion/citroen/c4/127307;;;
automobile.tn;Peugeot Landtrek Double Cabine 1.9 d 150 cv double cabine 4x2;Peugeot;Landtrek Double Cabine;2021.0;56000.0;144000.0;Diesel;Propulsion;Monastir;6cv;;2026-06-11;2026-07-13;;https://www.automobile.tn/fr/occasion/peugeot/landtrek-double-cabine/127302;;;
automobile.tn;Volkswagen Golf 7 Confortline 1.2 TSI 16V Blue Motion DSG7 S&S 105 cv Boîte Auto;Volkswagen;Golf 7;2013.0;51850.0;114000.0;Essence;Traction;Sousse;5cv;;2026-06-11;2026-07-13;;https://www.automobile.tn/fr/occasion/volkswagen/golf-7/124393;;;
automobile.tn;MG HS Luxury 1.5 162 cv Boîte auto;Mg;HS;2020.0;77800.0;36200.0;Essence;Traction;Sousse;10cv;;2026-06-11;2026-07-13;;https://www.automobile.tn/fr/occasion/mg/hs/127296;;;
automobile.tn;Renault Megane 1.2 TCe 16V 130 cv;Renault;Megane;2019.0;52000.0;115500.0;Essence;Traction;Ariana;7cv;;2026-06-11;2026-07-13;;https://www.automobile.tn/fr/occasion/renault/megane/126500;;;
automobile.tn;Porsche Cayenne MAGNUM 3.6 DFI V6 24V Tiptronic S 300 cv Boîte auto;Porsche;Cayenne;2011.0;120000.0;108000.0;Essence;Intégrale;Ben Arous;22cv;;2026-06-11;2026-07-13;;https://www.automobile.tn/fr/occasion/porsche/cayenne/126322;;;
automobile.tn;Peugeot 208 Active Pack 1.2 PureTech 12V S&S 75 cv;Peugeot;208;2021.0;36000.0;99000.0;Essence;Traction;Nabeul;5cv;;2026-06-11;2026-07-13;;https://www.automobile.tn/fr/occasion/peugeot/208/127293;;;
automobile.tn;Volkswagen Passat Trendline 1.4 TSI 16V 125 cv;Volkswagen;Passat;2016.0;48000.0;270000.0;Essence;Traction;Tunis;7cv;;2026-06-11;2026-07-13;;https://www.automobile.tn/fr/occasion/volkswagen/passat/127291;;;
automobile.tn;Mercedes-Benz GLC Coupé AMG 220 d 2.1 d 16V 4MATIC 9G-Tronic 163 cv Boîte auto;Mercedes-benz;GLC Coupé;2017.0;108000.0;213000.0;Diesel;Intégrale;Ariana;9cv;;2026-06-11;2026-07-13;;https://www.automobile.tn/fr/occasion/mercedes-benz/glc-coupe/126489;;;
automobile.tn;Ford Focus Titanium 1.6 Ti VCT 16V 125 cv;Ford;Focus;2013.0;34000.0;240000.0;Essence;Traction;Ariana;7cv;;2026-06-11;2026-07-13;;https://www.automobile.tn/fr/occasion/ford/focus/126205;;;
automobile.tn;Lancia Ypsilon Essence Gaz 1.2 i 60cv;Lancia;Ypsilon;2010.0;32000.0;130000.0;Essence;Traction;Ariana;4cv;;2026-06-11;2026-07-13;;https://www.automobile.tn/fr/occasion/lancia/ypsilon/127282;;;
automobile.tn;Skoda Octavia Ambition;Skoda;Octavia;2019.0;48000.0;159000.0;Essence;Traction;Sfax;8cv;;2026-06-10;2026-07-13;;https://www.automobile.tn/fr/occasion/skoda/octavia/126789;;;
automobile.tn;Volkswagen Caddy Business 2.0 L TDI 110 cv;Volkswagen;Caddy;2023.0;78000.0;75000.0;Diesel;Traction;Tunis;7cv;;2026-06-10;2026-07-13;;https://www.automobile.tn/fr/occasion/volkswagen/caddy/127280;;;
automobile.tn;Peugeot Landtrek Double Cabine Premium 1.9 d 150 cv double cabine 4x4;Peugeot;Landtrek Double Cabine;2025.0;93900.0;36000.0;Diesel;Intégrale;Ariana;6cv;;2026-06-10;2026-07-13;;https://www.automobile.tn/fr/occasion/peugeot/landtrek-double-cabine/126761;;;
automobile.tn;Suzuki Dzire GLX 1.2 L 85 cv;Suzuki;Dzire;2018.0;32900.0;154000.0;Essence;Traction;Tunis;5cv;;2026-06-10;2026-07-13;;https://www.automobile.tn/fr/occasion/suzuki/dzire/127279;;;
automobile.tn;Volkswagen Golf 7 Smartline 1.2 TSI 16V 110 cv;Volkswagen;Golf 7;2018.0;52000.0;223000.0;Essence;Traction;La Manouba;6cv;;2026-06-10;2026-07-13;;https://www.automobile.tn/fr/occasion/volkswagen/golf-7/127273;;;
automobile.tn;Chery Tiggo 2 Confort 1.5 106 cv;Chery;Tiggo 2;2020.0;40900.0;75000.0;Essence;Traction;Ben Arous;6cv;;2026-06-10;2026-07-13;;https://www.automobile.tn/fr/occasion/chery/tiggo-2/127264;;;
automobile.tn;Porsche Macan S 3.0 TDI V6 24V AWD PDK 258 cv Boîte auto;Porsche;Macan;2016.0;168000.0;190000.0;Diesel;Intégrale;Ariana;16cv;;2026-06-10;2026-07-13;;https://www.automobile.tn/fr/occasion/porsche/macan/127262;;;
automobile.tn;Volkswagen Golf 8 Style 1.4 eHybrid OPF 204ch DSG6 Boite Auto;Volkswagen;Golf 8;2022.0;82000.0;80000.0;Hybride rechargeable essence;Traction;Médenine;8cv;;2026-06-10;2026-07-13;;https://www.automobile.tn/fr/occasion/volkswagen/golf-8/127117;;;
automobile.tn;Audi Q3 Advanced Line 45e 1.4 TFSI 16V GPF 245 PHEV DSG6 150 cv Boîte auto;Audi;Q3;2022.0;129000.0;44000.0;Hybride rechargeable essence;Traction;Sousse;8cv;;2026-06-10;2026-07-13;;https://www.automobile.tn/fr/occasion/audi/q3/126719;;;
automobile.tn;Nissan Qashqai High 1.2 DIG-T 16V 2WD Xtronic CVT S&S 115 cv Boîte auto;Nissan;Qashqai;2019.0;65000.0;103000.0;Essence;Traction;Sousse;6cv;;2026-06-10;2026-07-13;;https://www.automobile.tn/fr/occasion/nissan/qashqai/126717;;;
automobile.tn;KIA Rio 5p GT-Line 1.2 i-CVVT 16V ISG 84 cv;Kia;Rio 5p;2021.0;59000.0;102000.0;Essence;Traction;Tunis;5cv;;2026-06-10;2026-07-13;;https://www.automobile.tn/fr/occasion/kia/rio-5p/127259;;;
automobile.tn;Seat Leon Style 1.2 TSI 16V S&S 110 cv;Seat;Leon;2019.0;56400.0;184000.0;Essence;Traction;Tunis;6cv;;2026-06-10;2026-07-13;;https://www.automobile.tn/fr/occasion/seat/leon/126882;;;
automobile.tn;Peugeot Rifter Active Pack;Peugeot;Rifter;2022.0;81000.0;61778.0;Diesel;Traction;Médenine;5cv;;2026-06-10;2026-07-13;;https://www.automobile.tn/fr/occasion/peugeot/rifter/127256;;;
automobile.tn;Mercedes-Benz CLK Avantgarde 200K 1.8 i 16V 184 cv Boîte auto;Mercedes-benz;CLK;2003.0;45000.0;179718.0;Essence;Propulsion;Tunis;9cv;;2026-06-10;2026-07-13;;https://www.automobile.tn/fr/occasion/mercedes-benz/clk/127253;;;
automobile.tn;Suzuki Fronx GL;Suzuki;Fronx;2024.0;76500.0;23000.0;Essence;Traction;Tunis;6cv;;2026-06-09;2026-07-13;;https://www.automobile.tn/fr/occasion/suzuki/fronx/127246;;;
automobile.tn;Audi Q3 Ambiente 1.4 TFSi 16V S Tronic6 150 cv Boîte auto;Audi;Q3;2017.0;74000.0;143044.0;Essence;Traction;Tunis;8cv;;2026-06-09;2026-07-13;;https://www.automobile.tn/fr/occasion/audi/q3/126017;;;
automobile.tn;Mercedes-Benz CLA AMG 180 1.3 i 16V GPF 7G-DCT 136 cv Boîte auto;Mercedes-benz;CLA;2020.0;102000.0;88000.0;Essence;Traction;Sfax;7cv;;2026-06-09;2026-07-13;;https://www.automobile.tn/fr/occasion/mercedes-benz/cla/127082;;;
automobile.tn;Ssangyong Tivoli Classy Secure 1.2 T-GDi 12V 2WD 128 cv;Ssangyong;Tivoli;2022.0;62000.0;55000.0;Essence;Traction;Ariana;6cv;;2026-06-09;2026-07-13;;https://www.automobile.tn/fr/occasion/ssangyong/tivoli/127238;;;
automobile.tn;Renault Megane Sedan GrandCoupe 1.2 TCe 16V 130 cv;Renault;Megane Sedan;2022.0;49000.0;83500.0;Essence;Traction;Tunis;7cv;;2026-06-09;2026-07-13;;https://www.automobile.tn/fr/occasion/renault/megane-sedan/127237;;;
automobile.tn;Volkswagen Golf 7 1.2 TSI 16V S&S 105 cv;Volkswagen;Golf 7;2013.0;43500.0;160000.0;Essence;Traction;Ariana;5cv;;2026-06-09;2026-07-13;;https://www.automobile.tn/fr/occasion/volkswagen/golf-7/127236;;;
automobile.tn;MG HS Luxury 1.5 162 cv Boîte auto;Mg;HS;2020.0;60000.0;162000.0;Essence;Traction;Tunis;10cv;;2026-06-09;2026-07-13;;https://www.automobile.tn/fr/occasion/mg/hs/126384;;;
automobile.tn;Volkswagen Golf 8 GTE 1.4 TSi 16V 245 Plug in Hybrid DSG6 150 cv Boîte auto;Volkswagen;Golf 8;2022.0;115000.0;98180.0;Hybride rechargeable essence;Traction;Ariana;8cv;;2026-06-09;2026-07-13;;https://www.automobile.tn/fr/occasion/volkswagen/golf-8/127152;;;
automobile.tn;BMW Série 5 Confort Luxury 520i 1.6i 16V 170 cv Boîte auto;Bmw;Série 5;2016.0;96000.0;73000.0;Essence;Propulsion;Sousse;9cv;;2026-06-09;2026-07-13;;https://www.automobile.tn/fr/occasion/bmw/serie-5/127233;;;
automobile.tn;Volkswagen Passat Highline 1.6 TDI 16V BlueMotion DSG7 120 cv Boîte auto;Volkswagen;Passat;2020.0;95000.0;134000.0;Diesel;Traction;Sousse;6cv;;2026-06-09;2026-07-13;;https://www.automobile.tn/fr/occasion/volkswagen/passat/126304;;;
automobile.tn;Seat Arona Xcellence 1.6 L 110 cv Boîte auto;Seat;Arona;2021.0;64000.0;162715.0;Essence;Traction;La Manouba;6cv;;2026-06-09;2026-07-13;;https://www.automobile.tn/fr/occasion/seat/arona/127226;;;
automobile.tn;Peugeot 3008 Allure 1.6 THP 16V EAT6 S&S 165 cv Boîte auto;Peugeot;3008;2019.0;59000.0;182000.0;Essence;Traction;Bizerte;6cv;;2026-06-09;2026-07-13;;https://www.automobile.tn/fr/occasion/peugeot/3008/126693;;;
automobile.tn;Volkswagen Golf 7 Join 1.0 TSI GPF 12V Blue Motion 116 cv;Volkswagen;Golf 7;2018.0;75000.0;110000.0;Essence;Intégrale;Kairouan;6cv;;2026-06-08;2026-07-13;;https://www.automobile.tn/fr/occasion/volkswagen/golf-7/126163;;;
automobile.tn;Toyota RAV 4 2.2 D CAT 16V 4WD 150 cv Boîte auto;Toyota;RAV 4;2015.0;72000.0;230000.0;Diesel;Intégrale;Sfax;9cv;;2026-06-08;2026-07-13;;https://www.automobile.tn/fr/occasion/toyota/rav-4/127113;;;
automobile.tn;Peugeot Landtrek Double Cabine Premium 1.9 d 150 cv double cabine 4x4;Peugeot;Landtrek Double Cabine;2025.0;95000.0;35000.0;Diesel;Intégrale;Tunis;7cv;;2026-06-08;2026-07-13;;https://www.automobile.tn/fr/occasion/peugeot/landtrek-double-cabine/126610;;;
automobile.tn;Ford Fiesta Titanium 1.25 i 16V 82 cv;Ford;Fiesta;2015.0;30000.0;269000.0;Essence;Traction;Ben Arous;5cv;;2026-06-08;2026-07-13;;https://www.automobile.tn/fr/occasion/ford/fiesta/127212;;;
automobile.tn;Seat Ateca Xperience 1.4 L TSI 150 cv Boîte auto;Seat;Ateca;2022.0;94000.0;48000.0;Essence;Traction;Tunis;8cv;;2026-06-08;2026-07-13;;https://www.automobile.tn/fr/occasion/seat/ateca/126815;;;
automobile.tn;KIA Sportage GT-Line 1.7 CRDi VGT 16V 4x2 DCT7 141 cv Boîte auto;Kia;Sportage;2018.0;74000.0;153000.0;Diesel;Traction;Ariana;7cv;;2026-06-08;2026-07-13;;https://www.automobile.tn/fr/occasion/kia/sportage/127211;;;
automobile.tn;Opel Mokka Elegance 1.6 4x2 16V S&S 115 cv;Opel;Mokka;2014.0;38500.0;202000.0;Essence;Traction;Tunis;7cv;;2026-06-08;2026-07-13;;https://www.automobile.tn/fr/occasion/opel/mokka/127210;;;
automobile.tn;KIA Picanto Populaire 1.0 MPi 12V 69 cv;Kia;Picanto;2017.0;34000.0;76000.0;Essence;Traction;Ariana;4cv;;2026-06-08;2026-07-13;;https://www.automobile.tn/fr/occasion/kia/picanto/127206;;;
automobile.tn;MG 5 Confort 1.5 L 120 cv;Mg;5;2021.0;47000.0;59307.0;Essence;Traction;Tunis;6cv;;2026-06-08;2026-07-13;;https://www.automobile.tn/fr/occasion/mg/5/126893;;;
automobile.tn;Mercedes-Benz 190;Mercedes-benz;190;2003.0;30000.0;300000.0;Diesel;Traction;Mahdia;7cv;;2026-06-08;2026-07-13;;https://www.automobile.tn/fr/occasion/mercedes-benz/190/126105;;;
automobile.tn;Ford Fusion SE 1.5 L EcoBoost 160 cv Boîte auto;Ford;Fusion;2020.0;45000.0;111993.0;Essence;Traction;Tunis;9cv;;2026-06-08;2026-07-13;;https://www.automobile.tn/fr/occasion/ford/fusion/125276;;;
automobile.tn;Renault Megane 1.2 TCe 16V EDC7 130 cv Boîte auto;Renault;Megane;2020.0;52000.0;98278.0;Essence;Traction;Ariana;7cv;;2026-06-08;2026-07-13;;https://www.automobile.tn/fr/occasion/renault/megane/125522;;;
automobile.tn;BMW X1 Lounge 18i sDrive 1.5 i 12V DKG7 156 cv Boîte auto;Bmw;X1;2023.0;155000.0;2100.0;Essence;Traction;Ariana;9cv;;2026-06-08;2026-07-13;;https://www.automobile.tn/fr/occasion/bmw/x1/127196;;;
automobile.tn;Mercedes-Benz Classe A 180 Turbo 1.6 i 16V Turbo 122 cv;Mercedes-benz;Classe A;2014.0;53000.0;204000.0;Essence;Traction;Tunis;7cv;;2026-06-08;2026-07-13;;https://www.automobile.tn/fr/occasion/mercedes-benz/classe-a/127189;;;
automobile.tn;Ford Focus Titanium 1.0 SCTi 12V EcoBoost Powershift S&S 125 cv Boîte auto;Ford;Focus;2017.0;38000.0;160000.0;Essence;Traction;Tunis;7cv;;2026-06-08;2026-07-13;;https://www.automobile.tn/fr/occasion/ford/focus/127004;;;
automobile.tn;Mini Cooper 3 portes;Mini;Cooper 3 portes;2015.0;43000.0;91000.0;Essence;Propulsion;Tunis;6cv;;2026-06-08;2026-07-13;;https://www.automobile.tn/fr/occasion/mini/3-portes/127135;;;
automobile.tn;Fiat 500 Gucci 1.2 MPi 8V 69 cv;Fiat;500;2014.0;33000.0;129000.0;Essence;Traction;Ariana;4cv;;2026-06-08;2026-07-13;;https://www.automobile.tn/fr/occasion/fiat/500/127182;;;
automobile.tn;Peugeot 2008 Allure 1.2 THP Puretech 12V EAT6 S&S 130 cv Boîte auto;Peugeot;2008;2021.0;66000.0;124000.0;Essence;Traction;Ariana;7cv;;2026-06-08;2026-07-13;;https://www.automobile.tn/fr/occasion/peugeot/2008/127180;;;
automobile.tn;Land Rover Discovery Sport HSE 2.0 Si4 16V 4x4 5PL 240 cv Boîte auto;Land rover;Discovery Sport;2017.0;65000.0;212000.0;Essence;Intégrale;Tunis;15cv;;2026-06-08;2026-07-13;;https://www.automobile.tn/fr/occasion/land-rover/discovery-sport/127179;;;
automobile.tn;Ford Ranger Raptor Raptor 2.0 EcoBlue 16V Pickup Double Cabine 4x4 213 cv Boîte auto;Ford;Ranger Raptor;2020.0;165000.0;115000.0;Diesel;Intégrale;Tunis;7cv;;2026-06-08;2026-07-13;;https://www.automobile.tn/fr/occasion/ford/ranger-raptor/124379;;;
automobile.tn;Peugeot 208 1.2 THP Puretech 12V S&S 110 cv;Peugeot;208;2018.0;32500.0;115000.0;Essence;Traction;La Manouba;5cv;;2026-06-08;2026-07-13;;https://www.automobile.tn/fr/occasion/peugeot/208/125962;;;
automobile.tn;Mercedes-Benz CLA AMG 200 1.3 i 16V GPF 7G-DCT 163 cv Boîte auto;Mercedes-benz;CLA;2020.0;130000.0;90000.0;Essence;Traction;Ariana;9cv;;2026-06-08;2026-07-13;;https://www.automobile.tn/fr/occasion/mercedes-benz/cla/124623;;;
automobile.tn;GWM Haval H6 Luxury 1.5 T 143cv boite auto;Gwm;Haval H6;2020.0;69000.0;108000.0;Essence;Traction;Tunis;9cv;;2026-06-08;2026-07-13;;https://www.automobile.tn/fr/occasion/great-wall/h6/126931;;;
automobile.tn;Citroën C-Elysée Attraction 1.2 Puretech 12V 83 cv;Citroën;C-Elysée;2018.0;24500.0;166000.0;Essence;Traction;La Manouba;5cv;;2026-06-08;2026-07-13;;https://www.automobile.tn/fr/occasion/citroen/c-elysee/127176;;;
automobile.tn;Mercedes-Benz Classe C AMG 200 CDi 2.1 CDI 16V 9G-TRONIC BlueTEC 136 cv Boîte auto;Mercedes-benz;Classe C;2015.0;85000.0;196000.0;Diesel;Traction;Sousse;8cv;;2026-06-07;2026-07-13;;https://www.automobile.tn/fr/occasion/mercedes-benz/classe-c/127172;;;
automobile.tn;KIA Sportage 2.0 GDi VVT 16V 4x4 166 cv Boîte auto;Kia;Sportage;2015.0;50000.0;220000.0;Essence;Intégrale;Kairouan;11cv;;2026-06-07;2026-07-13;;https://www.automobile.tn/fr/occasion/kia/sportage/127169;;;
automobile.tn;Volkswagen Golf 8 Style 1.5 eTSi 16V BMT DSG7 150 cv Boîte auto;Volkswagen;Golf 8;2020.0;100000.0;120000.0;Hybride léger essence;Traction;Gabès;7cv;;2026-06-07;2026-07-13;;https://www.automobile.tn/fr/occasion/volkswagen/golf-8/127166;;;
automobile.tn;GWM Haval Jolion 1.5 T 143 cv Boîte auto;Gwm;Haval Jolion;2021.0;71500.0;47000.0;Essence;Traction;Ariana;9cv;;2026-06-07;2026-07-13;;https://www.automobile.tn/fr/occasion/great-wall/jolion/127164;;;
automobile.tn;Ford Focus Trend Sport 1.0 SCTi 12V EcoBoost S&S 125 cv;Ford;Focus;2017.0;30000.0;301000.0;Essence;Traction;Gafsa;6cv;;2026-06-07;2026-07-13;;https://www.automobile.tn/fr/occasion/ford/focus/127163;;;
automobile.tn;KIA Sportage 1.6 GDi CVVT 16V 4x2 132 cv Boite Auto;Kia;Sportage;2020.0;96000.0;83250.0;Essence;Traction;Bizerte;8cv;;2026-06-07;2026-07-13;;https://www.automobile.tn/fr/occasion/kia/sportage/127161;;;
automobile.tn;Volkswagen Golf 6 Match 1.2 TSi 105 cv;Volkswagen;Golf 6;2012.0;39500.0;350000.0;Essence;Traction;Sousse;6cv;;2026-06-07;2026-07-13;;https://www.automobile.tn/fr/occasion/volkswagen/golf-6/127160;;;
automobile.tn;BMW Série 5 520d 2.0 d 163cv Boîte auto;Bmw;Série 5;2006.0;42000.0;267000.0;Diesel;Propulsion;Mahdia;10cv;;2026-06-07;2026-07-13;;https://www.automobile.tn/fr/occasion/bmw/serie-5/127159;;;
automobile.tn;Land Rover Range Rover Velar P250 2.0 Si4 16V 4WD 250 cv Boîte auto;Land rover;Range Rover Velar;2019.0;168000.0;100000.0;Essence;Intégrale;Tunis;16cv;;2026-06-07;2026-07-13;;https://www.automobile.tn/fr/occasion/land-rover/range-rover-velar/127158;;;
automobile.tn;Mercedes-Benz Classe E 250 CDi 2.1 CDI 16V DPF BlueTEC 9G-TRONIC 204 cv Boîte auto;Mercedes-benz;Classe E;2016.0;115000.0;70000.0;Diesel;Intégrale;Monastir;13cv;;2026-06-07;2026-07-13;;https://www.automobile.tn/fr/occasion/mercedes-benz/classe-e/127156;;;
automobile.tn;KIA Rio 5p SX 1.2 i-CVVT 16V 84 cv;Kia;Rio 5p;2020.0;51000.0;151000.0;Essence;Traction;La Manouba;5cv;;2026-06-07;2026-07-13;;https://www.automobile.tn/fr/occasion/kia/rio-5p/127153;;;
automobile.tn;Peugeot 206+;Peugeot;206+;2012.0;27500.0;230000.0;Essence;Traction;Mahdia;5cv;;2026-06-07;2026-07-13;;https://www.automobile.tn/fr/occasion/peugeot/206-plus/127151;;;
automobile.tn;Peugeot 3008 Premium 1.6 VTi 16V 120 cv;Peugeot;3008;2012.0;34000.0;195879.0;Essence;Traction;Nabeul;7cv;;2026-06-07;2026-07-13;;https://www.automobile.tn/fr/occasion/peugeot/3008/125961;;;
automobile.tn;KIA Rio 5p 1.2 i-CVVT 16V 84 cv;Kia;Rio 5p;2019.0;50000.0;95000.0;Essence;Traction;Ariana;5cv;;2026-06-07;2026-07-13;;https://www.automobile.tn/fr/occasion/kia/rio-5p/127150;;;
automobile.tn;Nissan Juke Tekna Perso 1.6 L 4X2 117 cv;Nissan;Juke;2017.0;38000.0;200000.0;Essence;Traction;Ariana;6cv;;2026-06-07;2026-07-13;;https://www.automobile.tn/fr/occasion/nissan/juke/127147;;;
automobile.tn;Peugeot 208 Populaire 1.2 VTi 12V 68 cv;Peugeot;208;2019.0;25400.0;217000.0;Essence;Traction;Tunis;4cv;;2026-06-07;2026-07-13;;https://www.automobile.tn/fr/occasion/peugeot/208/126818;;;
automobile.tn;Citroën C4 Feel 1.4 VTi 16V 95 cv;Citroën;C4;2012.0;32000.0;170000.0;Essence;Traction;Tunis;6cv;;2026-06-07;2026-07-13;;https://www.automobile.tn/fr/occasion/citroen/c4/127144;;;
automobile.tn;Citroën C5 Aircross Live;Citroën;C5 Aircross;2023.0;78000.0;30000.0;Essence;Traction;Le Kef;7cv;;2026-06-06;2026-07-13;;https://www.automobile.tn/fr/occasion/citroen/c5-aircross/127140;;;
automobile.tn;MG One Luxury+;Mg;One;2025.0;98000.0;13000.0;Essence;Traction;Ariana;10cv;;2026-06-06;2026-07-13;;https://www.automobile.tn/fr/occasion/mg/one/126990;;;
automobile.tn;Citroën C4 Seduction 1.6 HDi FAP 92 cv;Citroën;C4;2012.0;28000.0;500000.0;Diesel;Traction;Ben Arous;5cv;;2026-06-06;2026-07-13;;https://www.automobile.tn/fr/occasion/citroen/c4/127093;;;
automobile.tn;Nissan Qashqai 1.2 DIG-T 16V 2WD Xtronic CVT S&S 115 cv Boîte auto;Nissan;Qashqai;2017.0;62000.0;134766.0;Essence;Traction;Tunis;6cv;;2026-06-06;2026-07-13;;https://www.automobile.tn/fr/occasion/nissan/qashqai/127129;;;
automobile.tn;Ssangyong Tivoli iLOVIT 1.5 T-GDi 16V 2WD 163 cv Boîte auto;Ssangyong;Tivoli;2022.0;73000.0;74000.0;Essence;Traction;Ben Arous;8cv;;2026-06-06;2026-07-13;;https://www.automobile.tn/fr/occasion/ssangyong/tivoli/127121;;;
automobile.tn;Nissan Qashqai 1.6 dCi 16V 2WD S&S 130 cv;Nissan;Qashqai;2016.0;65000.0;300000.0;Diesel;Intégrale;Monastir;7cv;;2026-06-06;2026-07-13;;https://www.automobile.tn/fr/occasion/nissan/qashqai/127120;;;
automobile.tn;Volkswagen Golf 7 Join 1.0 TSI 12V Blue Motion 110 cv;Volkswagen;Golf 7;2019.0;71000.0;125000.0;Essence;Traction;Sfax;5cv;;2026-06-06;2026-07-13;;https://www.automobile.tn/fr/occasion/volkswagen/golf-7/126191;;;
automobile.tn;Présentation de la cote automobile.tn;;;;;;;;Tunisie;;;;2026-07-13;;https://www.automobile.tn/fr/occasion/suzuki/celerio/127115;;;
automobile.tn;Présentation de la cote automobile.tn;;;;;;;;Tunisie;;;;2026-07-13;;https://www.automobile.tn/fr/occasion/seat/ibiza/127112;;;
automobile.tn;Présentation de la cote automobile.tn;;;;;;;;Tunisie;;;;2026-07-13;;https://www.automobile.tn/fr/occasion/mg/zs/127111;;;
automobile.tn;Présentation de la cote automobile.tn;;;;;;;;Tunisie;;;;2026-07-13;;https://www.automobile.tn/fr/occasion/porsche/cayenne/127109;;;
automobile.tn;Présentation de la cote automobile.tn;;;;;;;;Tunisie;;;;2026-07-13;;https://www.automobile.tn/fr/occasion/byd/sealion-7/125921;;;
automobile.tn;Présentation de la cote automobile.tn;;;;;;;;Tunisie;;;;2026-07-13;;https://www.automobile.tn/fr/occasion/chery/tiggo-4/127075;;;
automobile.tn;Présentation de la cote automobile.tn;;;;;;;;Tunisie;;;;2026-07-13;;https://www.automobile.tn/fr/occasion/nissan/juke/127104;;;
automobile.tn;Présentation de la cote automobile.tn;;;;;;;;Tunisie;;;;2026-07-13;;https://www.automobile.tn/fr/occasion/hyundai/veloster/127103;;;
automobile.tn;Présentation de la cote automobile.tn;;;;;;;;Tunisie;;;;2026-07-13;;https://www.automobile.tn/fr/occasion/skoda/kamiq/124849;;;
automobile.tn;Présentation de la cote automobile.tn;;;;;;;;Tunisie;;;;2026-07-13;;https://www.automobile.tn/fr/occasion/bmw/serie-1-5p/127100;;;
automobile.tn;Présentation de la cote automobile.tn;;;;;;;;Tunisie;;;;2026-07-13;;https://www.automobile.tn/fr/occasion/renault/clio/122166;;;
automobile.tn;Présentation de la cote automobile.tn;;;;;;;;Tunisie;;;;2026-07-13;;https://www.automobile.tn/fr/occasion/audi/q5/124465;;;
automobile.tn;Présentation de la cote automobile.tn;;;;;;;;Tunisie;;;;2026-07-13;;https://www.automobile.tn/fr/occasion/land-rover/range-rover-sport/126472;;;
automobile.tn;Présentation de la cote automobile.tn;;;;;;;;Tunisie;;;;2026-07-13;;https://www.automobile.tn/fr/occasion/volkswagen/golf-7/126491;;;
automobile.tn;Présentation de la cote automobile.tn;;;;;;;;Tunisie;;;;2026-07-13;;https://www.automobile.tn/fr/occasion/hyundai/grand-i10-sedan/126137;;;
automobile.tn;Présentation de la cote automobile.tn;;;;;;;;Tunisie;;;;2026-07-13;;https://www.automobile.tn/fr/occasion/mahindra/kuv-100/126141;;;
automobile.tn;Présentation de la cote automobile.tn;;;;;;;;Tunisie;;;;2026-07-13;;https://www.automobile.tn/fr/occasion/hyundai/tucson/126245;;;
automobile.tn;Volkswagen Käfer;Volkswagen;Käfer;1972.0;15000.0;1000.0;Essence;Propulsion;Tunis;7cv;;2026-07-12;2026-07-13;;https://www.automobile.tn/fr/occasion/volkswagen/kafer/128240;;;
automobile.tn;Volkswagen Polo Sedan Trendline 1.4 L 85 cv;Volkswagen;Polo Sedan;2020.0;44000.0;142000.0;Essence;Traction;Tunis;6cv;;2026-07-11;2026-07-13;;https://www.automobile.tn/fr/occasion/volkswagen/polo-sedan/128223;;;
automobile.tn;Volkswagen Golf 7 Style Plus 1.0 TSI 12V Blue Motion 86 cv;Volkswagen;Golf 7;2017.0;57000.0;214000.0;Essence;Traction;Ben Arous;6cv;;2026-07-10;2026-07-13;;https://www.automobile.tn/fr/occasion/volkswagen/golf-7/128215;;;
automobile.tn;KIA Stonic GT-Line 1.0 T-GDi 12V GPF mHEV ISG 100 cv;Kia;Stonic;2024.0;78000.0;60000.0;Hybride léger essence;Traction;Sfax;6cv;;2026-07-10;2026-07-13;;https://www.automobile.tn/fr/occasion/kia/stonic/128199;;;
automobile.tn;Peugeot 2008;Peugeot;2008;2019.0;80000.0;120000.0;Diesel;Traction;Gabès;5cv;;2026-07-08;2026-07-13;;https://www.automobile.tn/fr/occasion/peugeot/2008/128121;;;
automobile.tn;Fiat Doblo Maxi 3 places Maxi 1.3 MJTD 16V Fourgon long 90 cv;Fiat;Doblo Maxi;2020.0;33000.0;120000.0;Diesel;Traction;Tunis;5cv;;2026-07-07;2026-07-13;;https://www.automobile.tn/fr/occasion/fiat/doblo-maxi/128095;;;
automobile.tn;Mercedes-Benz GLC Pack Off Road 300 de 2.0 de 16V 306 EQ Power 4MATIC 9G-TRONIC 194 cv Boîte auto;Mercedes-benz;GLC;2021.0;250000.0;120000.0;Hybride rechargeable diesel;Intégrale;Sfax;12cv;;2026-07-06;2026-07-13;;https://www.automobile.tn/fr/occasion/mercedes-benz/glc/128068;;;
automobile.tn;Volkswagen Amarok Highline Double Cabine 2.0 TDi 16V 4Motion Auto 180 cv Boîte auto;Volkswagen;Amarok;2019.0;140000.0;180000.0;Diesel;Intégrale;Sfax;10cv;;2026-07-06;2026-07-13;;https://www.automobile.tn/fr/occasion/volkswagen/amarok/128063;;;
automobile.tn;Peugeot 3008 Allure 1.2 THP Puretech 12V EAT6 S&S 130 cv Boîte auto;Peugeot;3008;2017.0;65000.0;170000.0;Essence;Traction;Tunis;9cv;;2026-07-05;2026-07-13;;https://www.automobile.tn/fr/occasion/peugeot/3008/123090;;;
automobile.tn;Mahindra KUV 100 K6+ 1.2 82cv;Mahindra;KUV 100;2018.0;26500.0;40400.0;Essence;Traction;Tunis;5cv;;2026-07-02;2026-07-13;;https://www.automobile.tn/fr/occasion/mahindra/kuv-100/127966;;;
automobile.tn;Volkswagen Golf 7 Smartline 1.2 TSI 16V S&S 110 cv;Volkswagen;Golf 7;2016.0;54000.0;134000.0;Essence;Traction;Ariana;5cv;;2026-06-27;2026-07-13;;https://www.automobile.tn/fr/occasion/volkswagen/golf-7/127797;;;
automobile.tn;Citroën Berlingo Utilitaire Business PM;Citroën;Berlingo Utilitaire;2018.0;35000.0;160000.0;Diesel;Traction;Ariana;5cv;;2026-06-26;2026-07-13;;https://www.automobile.tn/fr/occasion/citroen/berlingo-utilitaire/127780;;;
automobile.tn;Mitsubishi Mirage GLX 1.2 L 78 cv;Mitsubishi;Mirage;2017.0;30000.0;75000.0;Essence;Traction;Sfax;4cv;;2026-06-25;2026-07-13;;https://www.automobile.tn/fr/occasion/mitsubishi/mirage/127717;;;
automobile.tn;GWM Haval Jolion 1.5 T 143 cv Boîte auto;Gwm;Haval Jolion;2023.0;78000.0;40000.0;Essence;Traction;Ariana;9cv;;2026-06-24;2026-07-13;;https://www.automobile.tn/fr/occasion/great-wall/jolion/127697;;;
automobile.tn;Toyota RAV 4;Toyota;RAV 4;2001.0;25008.0;380000.0;Diesel;Intégrale;Tunis;8cv;;2026-06-23;2026-07-13;;https://www.automobile.tn/fr/occasion/toyota/rav-4/127685;;;
automobile.tn;Volkswagen Caddy;Volkswagen;Caddy;2010.0;25000.0;230000.0;Diesel;Traction;Tunis;8cv;;2026-06-23;2026-07-13;;https://www.automobile.tn/fr/occasion/volkswagen/caddy/127680;;;
automobile.tn;Volkswagen Golf 7 Style Plus 1.6 TDI 16V 105 cv;Volkswagen;Golf 7;2018.0;58000.0;240000.0;Diesel;Traction;Ben Arous;6cv;;2026-06-22;2026-07-13;;https://www.automobile.tn/fr/occasion/volkswagen/golf-7/127643;;;
automobile.tn;Chery Tiggo 7 Pro 1.5 T CVT 147 cv Boîte auto;Chery;Tiggo 7 Pro;2025.0;99550.0;36000.0;Essence;Traction;Ariana;9cv;;2026-06-22;2026-07-13;;https://www.automobile.tn/fr/occasion/chery/tiggo-7/126264;;;
automobile.tn;MG 5 Confort Plus 1.5 L 120 cv;Mg;5;2024.0;53410.0;30000.0;Essence;Traction;Mahdia;6cv;;2026-06-18;2026-07-13;;https://www.automobile.tn/fr/occasion/mg/5/127496;;;
automobile.tn;Mahindra KUV 100 K6+ 1.2 82cv;Mahindra;KUV 100;2018.0;25000.0;125000.0;Essence;Traction;Ben Arous;5cv;;2026-06-09;2026-07-13;;https://www.automobile.tn/fr/occasion/mahindra/kuv-100/127232;;;
automobile.tn;Seat Ibiza 1.0 i 12V 75 cv;Seat;Ibiza;2019.0;38500.0;101000.0;Essence;Traction;Ariana;4cv;;2026-06-06;2026-07-13;;https://www.automobile.tn/fr/occasion/seat/ibiza/127139;;;
automobile.tn;Présentation de la cote automobile.tn;;;;;;;;Tunisie;;;;2026-07-13;;https://www.automobile.tn/fr/occasion/jac/t8-dc/126911;;;
automobile.tn;BMW Série 3 Pack M Sport 318i 1.5 16V 136 cv Boîte auto;Bmw;Série 3;2018.0;1234.0;118000.0;Essence;;Tunis;7cv;;2026-07-14;2026-07-14;;https://www.automobile.tn/fr/occasion/bmw/serie-3/128336;;;
automobile.tn;KIA Sportage GT-Line 1.6 T-GDI 16V 265 PHEV 4x4 179 cv Boîte auto;Kia;Sportage;2026.0;179000.0;0.0;Hybride rechargeable essence;;Ariana;10cv;;2026-07-14;2026-07-14;;https://www.automobile.tn/fr/occasion/kia/sportage/128303;;;
automobile.tn;Toyota C-HR 1.2 L 116 cv Boîte auto;Toyota;C-HR;2020.0;75000.0;86752.0;Essence;;Ariana;6cv;;2026-07-14;2026-07-14;;https://www.automobile.tn/fr/occasion/toyota/c-hr/128274;;;
automobile.tn;Volkswagen Golf 8 Style 1.5 TGI CNG 16V DSG7 131 cv Boîte auto;Volkswagen;Golf 8;2021.0;89000.0;130143.0;Essence;;Ariana;8cv;;2026-07-14;2026-07-14;;https://www.automobile.tn/fr/occasion/volkswagen/golf-8/128273;;;
automobile.tn;Volkswagen T-roc;Volkswagen;T-roc;2021.0;83000.0;60727.0;Essence;;Ariana;6cv;;2026-07-14;2026-07-14;;https://www.automobile.tn/fr/occasion/volkswagen/t-roc/128272;;;
automobile.tn;KIA Rio 5p GX 1.2 i-CVVT 16V ISG 84 cv;Kia;Rio 5p;2022.0;51000.0;55023.0;Essence;;Ariana;5cv;;2026-07-14;2026-07-14;;https://www.automobile.tn/fr/occasion/kia/rio-5p/128335;;;
automobile.tn;KIA Picanto GT-Line 1.2 DPI 16V BVR5 ISG 84 cv Boîte auto;Kia;Picanto;2023.0;51000.0;35527.0;Essence;;Ariana;4cv;;2026-07-14;2026-07-14;;https://www.automobile.tn/fr/occasion/kia/picanto/128334;;;
automobile.tn;Hyundai i10;Hyundai;i10;2024.0;54000.0;30100.0;Essence;;Ariana;5cv;;2026-07-14;2026-07-14;;https://www.automobile.tn/fr/occasion/hyundai/i10/128333;;;
automobile.tn;Volkswagen Tiguan;Volkswagen;Tiguan;2025.0;160000.0;39246.0;Hybride léger essence;;Sfax;8cv;;2026-07-14;2026-07-14;;https://www.automobile.tn/fr/occasion/volkswagen/tiguan/128332;;;
automobile.tn;Fiat 500;Fiat;500;2016.0;32000.0;139000.0;Essence;;Nabeul;4cv;;2026-07-14;2026-07-14;;https://www.automobile.tn/fr/occasion/fiat/500/128331;;;
automobile.tn;Renault Rafale;Renault;Rafale;2025.0;145000.0;14230.0;Hybride essence;;Sfax;8cv;;2026-07-14;2026-07-14;;https://www.automobile.tn/fr/occasion/renault/rafale/128330;;;
automobile.tn;Audi A3 S-Line;Audi;A3;2026.0;145000.0;2195.0;Hybride léger essence;;Sfax;8cv;;2026-07-14;2026-07-14;;https://www.automobile.tn/fr/occasion/audi/a3/128329;;;
automobile.tn;Audi A4 Ambition Luxe 1.8 TFSi 16V Multitronic 160 cv Boîte auto;Audi;A4;2008.0;32500.0;335000.0;Essence;;Ariana;10cv;;2026-07-14;2026-07-14;;https://www.automobile.tn/fr/occasion/audi/a4/128328;;;
automobile.tn;Volvo S80;Volvo;S80;2013.0;32000.0;270000.0;Diesel;;Ariana;9cv;;2026-07-14;2026-07-14;;https://www.automobile.tn/fr/occasion/volvo/s80/128327;;;
automobile.tn;Volkswagen Golf 8 GTE GTE 1.4 TSi 16V 245 Plug in Hybrid DSG6 150 cv Boîte auto;Volkswagen;Golf 8;2020.0;110000.0;49000.0;Hybride rechargeable essence;;Tunis;8cv;;2026-07-14;2026-07-14;;https://www.automobile.tn/fr/occasion/volkswagen/golf-8/128326;;;
automobile.tn;Volkswagen Polo Sedan Trendline 1.4 L 85 cv;Volkswagen;Polo Sedan;2016.0;34500.0;260000.0;Essence;;Ariana;5cv;;2026-07-14;2026-07-14;;https://www.automobile.tn/fr/occasion/volkswagen/polo-sedan/128325;;;
automobile.tn;Toyota Land Cruiser 300 GXR 3.3 L V6 Bi-Turbo Diesel 4WD 306 cv Boîte auto;Toyota;Land Cruiser 300;2025.0;260100.0;0.0;Diesel;;Kébili;21cv;;2026-07-14;2026-07-14;;https://www.automobile.tn/fr/occasion/toyota/land-cruiser-300/128324;;;
automobile.tn;Skoda Fabia Monte Carlo 1.0 MPI 12V 80 cv;Skoda;Fabia;2022.0;46000.0;202.0;Essence;;Tunis;4cv;;2026-07-14;2026-07-14;;https://www.automobile.tn/fr/occasion/skoda/fabia/128323;;;
automobile.tn;Mercedes-Benz CLA AMG 250 e 1.3 i 16V GPF 218 PHEV 160 cv Boîte auto;Mercedes-Benz;CLA;2025.0;183000.0;7300.0;Hybride rechargeable essence;;Tunis;9cv;;2026-07-14;2026-07-14;;https://www.automobile.tn/fr/occasion/mercedes-benz/cla/128322;;;
automobile.tn;Nissan Qashqai Tekna 1.2 DIG-T 16V 2WD Xtronic CVT S&S 115 cv Boîte auto;Nissan;Qashqai;2020.0;65000.0;120000.0;Essence;;Sousse;6cv;;2026-07-14;2026-07-14;;https://www.automobile.tn/fr/occasion/nissan/qashqai/128321;;;
automobile.tn;BMW X1 Sport Line 18i sDrive 1.5 i 12V Steptronic 136 cv Boîte auto;Bmw;X1;2017.0;75000.0;213000.0;Essence;;Tunis;5cv;;2026-07-14;2026-07-14;;https://www.automobile.tn/fr/occasion/bmw/x1/128320;;;
automobile.tn;Peugeot 2008 Allure Toit Cielo 1.2 VTi 12V 82 cv;Peugeot;2008;2016.0;34000.0;168000.0;Essence;;Tunis;5cv;;2026-07-14;2026-07-14;;https://www.automobile.tn/fr/occasion/peugeot/2008/128319;;;
automobile.tn;Renault Kadjar Intens 1.2 Tce 16V FWD 131 cv;Renault;Kadjar;2019.0;58900.0;116000.0;Essence;;Ariana;7cv;;2026-07-14;2026-07-14;;https://www.automobile.tn/fr/occasion/renault/kadjar/128318;;;
automobile.tn;Ford Focus Trend Sport 1.0 SCTi 12V EcoBoost S&S 125 cv;Ford;Focus;2016.0;38000.0;126000.0;Essence;;Sousse;6cv;;2026-07-14;2026-07-14;;https://www.automobile.tn/fr/occasion/ford/focus/128316;;;
automobile.tn;Hyundai Tucson 1.6 TGDi 16V 230 Hybrid 2WD 179 cv Boîte auto;Hyundai;Tucson;2022.0;93000.0;186662.0;Hybride essence;;Ariana;10cv;;2026-07-14;2026-07-14;;https://www.automobile.tn/fr/occasion/hyundai/tucson/128315;;;
automobile.tn;Hyundai Grand i10 High Grade 1.2 83cv boite auto;Hyundai;Grand i10;2020.0;42000.0;138000.0;Essence;;Ben Arous;5cv;;2026-07-14;2026-07-14;;https://www.automobile.tn/fr/occasion/hyundai/grand-i10/128301;;;
automobile.tn;Volkswagen Golf 3 1HGAAZ 1.9 D 65cv;Volkswagen;Golf 3;1996.0;14500.0;234000.0;Diesel;;Sousse;6cv;;2026-07-14;2026-07-14;;https://www.automobile.tn/fr/occasion/volkswagen/golf-3/128314;;;
automobile.tn;Mercedes-Benz CLA;Mercedes-Benz;CLA;2017.0;72000.0;174000.0;Essence;;Ariana;7cv;;2026-07-14;2026-07-14;;https://www.automobile.tn/fr/occasion/mercedes-benz/cla/128313;;;
automobile.tn;BMW X1 xLine 25e xDrive 1.5 i 12V 245 Plug-in-Hybrid DKG7 136 cv Boîte auto;Bmw;X1;2026.0;179000.0;400.0;Hybride rechargeable essence;;Tunis;8cv;;2026-07-14;2026-07-14;;https://www.automobile.tn/fr/occasion/bmw/x1/128279;;;
automobile.tn;MG ZS Luxe 1.5 L 114 cv Boîte auto;Mg;ZS;2020.0;58000.0;117000.0;Essence;;Tunis;7cv;;2026-07-14;2026-07-14;;https://www.automobile.tn/fr/occasion/mg/zs/128312;;;
automobile.tn;Ford Ecosport;Ford;Ecosport;2023.0;74000.0;36000.0;Essence;;Tunis;7cv;;2026-07-14;2026-07-14;;https://www.automobile.tn/fr/occasion/ford/ecosport/128311;;;
automobile.tn;Citroën C3;Citroën;C3;2020.0;38500.0;26000.0;Essence;;Tunis;5cv;;2026-07-14;2026-07-14;;https://www.automobile.tn/fr/occasion/citroen/c3/128310;;;
automobile.tn;Volkswagen Golf 7 Access 1.2 TSI 16V DSG7 110 cv Boîte auto;Volkswagen;Golf 7;2018.0;54800.0;149000.0;Essence;;Tunis;6cv;;2026-07-14;2026-07-14;;https://www.automobile.tn/fr/occasion/volkswagen/golf-7/128309;;;
automobile.tn;Opel Astra Elegance 1.2 i 12V Turbo S&S 110 cv;Opel;Astra;2021.0;43000.0;59000.0;Essence;;Ben Arous;6cv;;2026-07-14;2026-07-14;;https://www.automobile.tn/fr/occasion/opel/astra/128291;;;
automobile.tn;Peugeot 208 Populaire 1.2 PureTech 12V S&S 75 cv;Peugeot;208;2022.0;38000.0;47000.0;Essence;;Ben Arous;4cv;;2026-07-14;2026-07-14;;https://www.automobile.tn/fr/occasion/peugeot/208/128289;;;
automobile.tn;Peugeot 2008 Active 1.2 THP Puretech 12V EAT6 S&S 110 cv Boîte auto;Peugeot;2008;2020.0;39900.0;82000.0;Essence;;Ben Arous;6cv;;2026-07-14;2026-07-14;;https://www.automobile.tn/fr/occasion/peugeot/2008/128288;;;
automobile.tn;KIA Picanto Populaire 1.0 DPI 12V ISG 67 cv;Kia;Picanto;2023.0;42000.0;45000.0;Essence;;Tunis;4cv;;2026-07-14;2026-07-14;;https://www.automobile.tn/fr/occasion/kia/picanto/128308;;;
automobile.tn;Seat Ibiza;Seat;Ibiza;2012.0;29500.0;155000.0;Essence;;Tunis;5cv;;2026-07-14;2026-07-14;;https://www.automobile.tn/fr/occasion/seat/ibiza/128307;;;
automobile.tn;Alfa Romeo Giulietta 1.4 T-Jet 16V S&S 105 cv;Alfa Romeo;Giulietta;2011.0;34000.0;202000.0;Essence;;Tunis;7cv;;2026-07-14;2026-07-14;;https://www.automobile.tn/fr/occasion/alfa-romeo/giulietta/128271;;;
automobile.tn;Seat Ateca FR 1.4 L TSI 150 cv Boîte auto;Seat;Ateca;2021.0;95000.0;100000.0;Essence;;Sfax;8cv;;2026-07-14;2026-07-14;;https://www.automobile.tn/fr/occasion/seat/ateca/128306;;;
automobile.tn;MG ZS Luxe 1.5 L 114 cv Boîte auto;Mg;ZS;2020.0;62000.0;82000.0;Essence;;Ben Arous;7cv;;2026-07-14;2026-07-14;;https://www.automobile.tn/fr/occasion/mg/zs/128305;;;
automobile.tn;Volkswagen Golf 7 Access 1.2 TSI 16V DSG7 110 cv Boîte auto;Volkswagen;Golf 7;2019.0;65000.0;113400.0;Essence;;Sousse;6cv;;2026-07-14;2026-07-14;;https://www.automobile.tn/fr/occasion/volkswagen/golf-7/128275;;;
automobile.tn;Honda City LX Sport 1.5 L CVT 120 cv Boîte auto;Honda;City;2024.0;67500.0;20000.0;Essence;;Kasserine;6cv;;2026-07-14;2026-07-14;;https://www.automobile.tn/fr/occasion/honda/city/128282;;;
automobile.tn;KIA Picanto Populaire 1.0 MPi 12V 69 cv;Kia;Picanto;2018.0;33500.0;171000.0;Essence;;Tunis;4cv;;2026-07-14;2026-07-14;;https://www.automobile.tn/fr/occasion/kia/picanto/128304;;;
automobile.tn;Peugeot 3008 Allure 1.2 THP Puretech 12V EAT6 S&S 130 cv Boîte auto;Peugeot;3008;2020.0;59000.0;215000.0;Essence;;Ben Arous;7cv;;2026-07-13;2026-07-14;;https://www.automobile.tn/fr/occasion/peugeot/3008/128302;;;
automobile.tn;Porsche Panamera Executive 3.6 i V6 24V PDK 310 cv Boîte auto;Porsche;Panamera;2013.0;130000.0;90000.0;Essence;;Tunis;21cv;;2026-07-13;2026-07-14;;https://www.automobile.tn/fr/occasion/porsche/panamera/128300;;;
automobile.tn;Jeep Patriot 2.2 CRD 16V DPF 4WD 163 cv;Jeep;Patriot;2011.0;60000.0;254000.0;Diesel;;Ben Arous;10cv;;2026-07-13;2026-07-14;;https://www.automobile.tn/fr/occasion/jeep/patriot/128298;;;
automobile.tn;KIA Picanto 1.2 MPi 16V 85 cv Boîte auto;Kia;Picanto;2014.0;27000.0;218000.0;Essence;;Bizerte;5cv;;2026-07-13;2026-07-14;;https://www.automobile.tn/fr/occasion/kia/picanto/128297;;;
automobile.tn;Citroën Berlingo Niveau 1 Live M 1.5 BlueHDi 16V FAP S&S 102 cv;Citroën;Berlingo;2020.0;45000.0;10300.0;Diesel;;Monastir;5cv;;2026-07-13;2026-07-14;;https://www.automobile.tn/fr/occasion/citroen/berlingo-multispace/128296;;;
automobile.tn;Fiat Fiorino 1.3 MJTD 16V Fourgon 75 cv;Fiat;Fiorino;2021.0;38000.0;68000.0;Diesel;;Sfax;5cv;;2026-07-13;2026-07-14;;https://www.automobile.tn/fr/occasion/fiat/fiorino/128295;;;
automobile.tn;BMW X3 Pack Sport M Limited Edition 30e xDrive 2.0 i 16V 292 Plug in Hybrid Steptronic8 184 cv Boîte auto;Bmw;X3;2022.0;212000.0;55000.0;Hybride rechargeable essence;;Gafsa;10cv;;2026-07-13;2026-07-14;;https://www.automobile.tn/fr/occasion/bmw/x3/128294;;;
automobile.tn;BMW Série 3 Pack M Sport 318i 1.5 16V 136 cv Boîte auto;Bmw;Série 3;2018.0;83000.0;118000.0;Essence;;Tunis;7cv;;2026-07-13;2026-07-14;;https://www.automobile.tn/fr/occasion/bmw/serie-3/128293;;;
automobile.tn;Volkswagen Golf 7 Access 1.2 TSI 16V 110 cv;Volkswagen;Golf 7;2017.0;62000.0;93000.0;Essence;;Tunis;6cv;;2026-07-13;2026-07-14;;https://www.automobile.tn/fr/occasion/volkswagen/golf-7/128292;;;
automobile.tn;Fiat 500 Lounge 1.2 MPi 69 cv;Fiat;500;2010.0;24000.0;200000.0;Essence;;Ariana;4cv;;2026-07-13;2026-07-14;;https://www.automobile.tn/fr/occasion/fiat/500/128290;;;
automobile.tn;KIA Rio 5p GT-Line 1.2 i-CVVT 16V ISG 84 cv;Kia;Rio 5p;2021.0;111111.0;105000.0;Essence;;Ben Arous;5cv;;2026-07-13;2026-07-14;;https://www.automobile.tn/fr/occasion/kia/rio-5p/128287;;;
automobile.tn;Skoda Kushaq Style 1.0 TSI 116 cv boite auto;Skoda;Kushaq;2024.0;83800.0;29000.0;Essence;;Tunis;7cv;;2026-07-13;2026-07-14;;https://www.automobile.tn/fr/occasion/skoda/kushaq/128286;;;
automobile.tn;Mercedes-Benz GLE AMG 400 e 2.0 Ti 16V 381 EQ Power 4MATIC 9G-TRONIC 252 cv Boîte auto;Mercedes-Benz;GLE;2025.0;375000.0;20000.0;Hybride rechargeable essence;;Sousse;12cv;;2026-07-13;2026-07-14;;https://www.automobile.tn/fr/occasion/mercedes-benz/gle/128285;;;
automobile.tn;Honda HR-V 1.5 i-VTEC 16V FWD 130 cv;Honda;HR-V;2017.0;58000.0;120000.0;Essence;;Ariana;7cv;;2026-07-13;2026-07-14;;https://www.automobile.tn/fr/occasion/honda/hr-v/128284;;;
automobile.tn;Mazda 3 sedan High Grade 1.5 L Skyactiv-G 112 cv;Mazda;3 sedan;2017.0;50000.0;200000.0;Essence;;Tunis;6cv;;2026-07-13;2026-07-14;;https://www.automobile.tn/fr/occasion/mazda/3-sedan/128283;;;
automobile.tn;BYD Sealion 7 Design 313 cv 82,5 kWh RWD;Byd;Sealion 7;2025.0;149999.0;2000.0;Electrique;;Tunis;5cv;;2026-07-13;2026-07-14;;https://www.automobile.tn/fr/occasion/byd/sealion-7/128281;;;
automobile.tn;Mercedes-Benz Classe A AMG Premium 250 e 1.3 Ti 16V 218 EQ Power 8G-DCT 163 cv Boîte auto;Mercedes-Benz;Classe A;2026.0;168900.0;1850.0;Hybride rechargeable essence;;Ariana;9cv;;2026-07-13;2026-07-14;;https://www.automobile.tn/fr/occasion/mercedes-benz/classe-a/128280;;;
automobile.tn;Hyundai Tucson Top Grade 1.6 l T-GDI 7-DCT 4WD 180 cv Boîte auto;Hyundai;Tucson;2022.0;145000.0;59000.0;Essence;;Nabeul;10cv;;2026-07-13;2026-07-14;;https://www.automobile.tn/fr/occasion/hyundai/tucson/128277;;;
automobile.tn;Mercedes-Benz GLA 250e 1.3 i 16V 218 EQ Power 8G-DCT 163 cv Boîte auto;Mercedes-Benz;GLA;2023.0;135000.0;77000.0;Hybride rechargeable essence;;Sousse;8cv;;2026-07-13;2026-07-14;;https://www.automobile.tn/fr/occasion/mercedes-benz/gla/128276;;;
automobile.tn;Peugeot 208 Like 1.2 VTi 12V 82 cv;Peugeot;208;2019.0;28700.0;105000.0;Essence;;Sousse;5cv;;2026-07-15;2026-07-16;;https://www.automobile.tn/fr/occasion/peugeot/208/128371;;;
automobile.tn;Audi A5 Sportback S-Line 35 TFSI S-tronic 150 cv Boîte auto;Audi;A5 Sportback;2022.0;100000.0;107000.0;Essence;;Ben Arous;8cv;;2026-07-15;2026-07-16;;https://www.automobile.tn/fr/occasion/audi/a5-sportback/128370;;;
automobile.tn;Mercedes-Benz CLA AMG 250 e 1.3 i 16V GPF 218 PHEV 160 cv Boîte auto;Mercedes-Benz;CLA;2025.0;165000.0;11000.0;Hybride rechargeable essence;;Mahdia;9cv;;2026-07-15;2026-07-16;;https://www.automobile.tn/fr/occasion/mercedes-benz/cla/128369;;;
automobile.tn;Mercedes-Benz GLA Progressive 180 1.3 i 16V 7G-DCT 136 cv Boîte auto;Mercedes-Benz;GLA;2021.0;128000.0;49000.0;Essence;;Tunis;7cv;;2026-07-15;2026-07-16;;https://www.automobile.tn/fr/occasion/mercedes-benz/gla/128368;;;
automobile.tn;Jeep Renegade Limited 1.4 Turbo 4x2 140 cv Boîte auto;Jeep;Renegade;2020.0;55500.0;125000.0;Essence;;Tunis;8cv;;2026-07-15;2026-07-16;;https://www.automobile.tn/fr/occasion/jeep/renegade/128367;;;
automobile.tn;Fiat 500X Pop Star 1.0 T3 12V FAP 4x2 120 cv;Fiat;500X;2020.0;54900.0;119000.0;Essence;;Ariana;6cv;;2026-07-15;2026-07-16;;https://www.automobile.tn/fr/occasion/fiat/500x/128366;;;
automobile.tn;Audi Q5 S-line 2.0 TDI 16V DPF Quattro S Tronic7 163 cv Boîte auto;Audi;Q5;2012.0;64900.0;257888.0;Diesel;;Tunis;9cv;;2026-07-15;2026-07-16;;https://www.automobile.tn/fr/occasion/audi/q5/128365;;;
automobile.tn;Mercedes-Benz Classe A AMG 200 1.3 Ti 16V 7G-DCT 163 cv Boîte auto;Mercedes-Benz;Classe A;2018.0;90000.0;155000.0;Essence;;Ariana;9cv;;2026-07-15;2026-07-16;;https://www.automobile.tn/fr/occasion/mercedes-benz/classe-a/128364;;;
automobile.tn;DS 5;Ds;5;2016.0;38000.0;190000.0;Essence;;Ben Arous;9cv;;2026-07-15;2026-07-16;;https://www.automobile.tn/fr/occasion/ds/5/128363;;;
automobile.tn;Toyota Land Cruiser 300 GXR 3.3 L V6 Bi-Turbo Diesel 4WD 306 cv Boîte auto;Toyota;Land Cruiser 300;2025.0;260000.0;0.0;Diesel;;Kébili;21cv;;2026-07-15;2026-07-16;;https://www.automobile.tn/fr/occasion/toyota/land-cruiser-300/128362;;;
automobile.tn;Hyundai Grand i10 High Grade 1.2 83cv boite auto;Hyundai;Grand i10;2021.0;45000.0;56175.0;Essence;;Tunis;5cv;;2026-07-15;2026-07-16;;https://www.automobile.tn/fr/occasion/hyundai/grand-i10/128361;;;
automobile.tn;Peugeot 2008 1.5 BlueHDi 16V BVM6 S&S 102 cv;Peugeot;2008;2019.0;69900.0;125000.0;Diesel;;Gabès;5cv;;2026-07-15;2026-07-16;;https://www.automobile.tn/fr/occasion/peugeot/2008/128358;;;
automobile.tn;Land Rover Range Rover Evoque Pure 2.2 TD4 16V DPF 4WD BVA9 150 cv Boîte auto;Land Rover;Range Rover Evoque;2014.0;75000.0;183000.0;Diesel;;Sousse;9cv;;2026-07-15;2026-07-16;;https://www.automobile.tn/fr/occasion/land-rover/range-rover-evoque/128357;;;
automobile.tn;KIA Rio 5p EX 1.2 i-CVVT 16V 84 cv;Kia;Rio 5p;2020.0;43000.0;111000.0;Essence;;Sousse;5cv;;2026-07-15;2026-07-16;;https://www.automobile.tn/fr/occasion/kia/rio-5p/128356;;;
automobile.tn;Chery QQ Populaire 1.0 69 cv;Chery;QQ;2021.0;25000.0;33000.0;Essence;;Sfax;4cv;;2026-07-15;2026-07-16;;https://www.automobile.tn/fr/occasion/chery/qq/128355;;;
automobile.tn;BMW Série 3 Access 316i 1.6 16V 136 cv Boîte auto;Bmw;Série 3;2014.0;49500.0;260000.0;Essence;;Tunis;7cv;;2026-07-15;2026-07-16;;https://www.automobile.tn/fr/occasion/bmw/serie-3/128354;;;
automobile.tn;Mazda 3 Core+ Grade 1.5 Skyactiv-G 16V S&S 112 cv;Mazda;3;2017.0;48500.0;175295.0;Essence;;Ariana;6cv;;2026-07-15;2026-07-16;;https://www.automobile.tn/fr/occasion/mazda/3/128353;;;
automobile.tn;Chery Tiggo 2 Confort 1.5 106 cv;Chery;Tiggo 2;2020.0;42000.0;75500.0;Essence;;Tunis;6cv;;2026-07-15;2026-07-16;;https://www.automobile.tn/fr/occasion/chery/tiggo-2/128352;;;
automobile.tn;Mercedes-Benz Classe C 180 Kompressor 1.6 i 16V BlueEFFICIENCY 156 cv;Mercedes-Benz;Classe C;2010.0;40000.0;267000.0;Essence;;Tunis;9cv;;2026-07-15;2026-07-16;;https://www.automobile.tn/fr/occasion/mercedes-benz/classe-c/128351;;;
automobile.tn;Mercedes-Benz CLA;Mercedes-Benz;CLA;2022.0;128000.0;57000.0;Hybride rechargeable essence;;Sidi Bouzid;8cv;;2026-07-15;2026-07-16;;https://www.automobile.tn/fr/occasion/mercedes-benz/cla/128350;;;
automobile.tn;Peugeot 3008 Allure 1.6 THP 16V EAT6 S&S 165 cv Boîte auto;Peugeot;3008;2020.0;53000.0;274000.0;Essence;;Nabeul;7cv;;2026-07-15;2026-07-16;;https://www.automobile.tn/fr/occasion/peugeot/3008/128348;;;
automobile.tn;Citroën C4 Coupé 1.4 i 16V 90cv;Citroën;C4 Coupé;2008.0;22000.0;1000.0;Essence;;Sousse;6cv;;2026-07-15;2026-07-16;;https://www.automobile.tn/fr/occasion/citroen/c4-coupe/128347;;;
automobile.tn;Renault Clio Campus climatisée 1.5 dCi eco2 65 cv;Renault;Clio Campus;2008.0;19000.0;307000.0;Diesel;;Tunis;6cv;;2026-07-15;2026-07-16;;https://www.automobile.tn/fr/occasion/renault/clio-campus/128346;;;
automobile.tn;Mercedes-Benz CLA AMG 180 1.6 i 16V 7G-DCT 122 cv Boîte auto;Mercedes-Benz;CLA;2016.0;87000.0;100000.0;Essence;;Tunis;6cv;;2026-07-15;2026-07-16;;https://www.automobile.tn/fr/occasion/mercedes-benz/cla/128345;;;
automobile.tn;Volkswagen Golf 7 R-Line 1.4 TSI 16V Blue Motion DSG7 S&S 122 cv Boîte Auto;Volkswagen;Golf 7;2013.0;55000.0;199000.0;Essence;;Mahdia;6cv;;2026-07-14;2026-07-16;;https://www.automobile.tn/fr/occasion/volkswagen/golf-7/128343;;;
automobile.tn;Mercedes-Benz Classe E Avantgarde 180 1.5 16V 9G-TRONIC 156 cv Boite auto;Mercedes-Benz;Classe E;2021.0;105000.0;195000.0;Essence;;Tunis;9cv;;2026-07-14;2026-07-16;;https://www.automobile.tn/fr/occasion/mercedes-benz/classe-e/128342;;;
automobile.tn;Volkswagen Golf 8;Volkswagen;Golf 8;2021.0;84900.0;23000.0;Essence;;Ariana;6cv;;2026-07-14;2026-07-16;;https://www.automobile.tn/fr/occasion/volkswagen/golf-8/128340;;;
automobile.tn;Audi Q4 E-tron 35 e-tron 170 cv Boîte auto;Audi;Q4 E-tron;2022.0;95000.0;56000.0;Electrique;;Tunis;5cv;;2026-07-14;2026-07-16;;https://www.automobile.tn/fr/occasion/audi/q4-e-tron/128339;;;
automobile.tn;Renault Captur 1.2 TCe 16V 118 cv;Renault;Captur;2016.0;39500.0;150000.0;Essence;;Tunis;5cv;;2026-07-14;2026-07-16;;https://www.automobile.tn/fr/occasion/renault/captur/128338;;;
automobile.tn;Hyundai Grand i10 High Grade 1.2 83cv boite auto;Hyundai;Grand i10;2024.0;54000.0;30100.0;Essence;;Ariana;5cv;;2026-07-14;2026-07-16;;https://www.automobile.tn/fr/occasion/hyundai/grand-i10/128333;;;
automobile.tn;Audi A3 Sportback S-Line 45 1.4 TFSIe 16V 245 Plug in Hybrid S Tronic6 150 cv Boîte auto;Audi;A3 Sportback;2026.0;145000.0;2195.0;Hybride rechargeable essence;;Sfax;8cv;;2026-07-14;2026-07-16;;https://www.automobile.tn/fr/occasion/audi/a3-sportback/128329;;;
automobile.tn;Toyota Corolla Active 1.2 T 16V 116 cv;Toyota;Corolla;2021.0;64000.0;87000.0;Essence;;La Manouba;6cv;;2026-07-15;2026-07-16;;https://www.automobile.tn/fr/occasion/toyota/corolla-5p/128359;;;
automobile.tn;Mercedes-Benz Classe A AMG 250 e 1.3 Ti 16V 218 PHEV 8G-DCT 158 cv Boîte auto;Mercedes-Benz;Classe A;2021.0;110000.0;76000.0;Hybride rechargeable essence;;Sousse;8cv;;2026-07-16;2026-07-16;;https://www.automobile.tn/fr/occasion/mercedes-benz/classe-a/128397;;;
automobile.tn;Audi Q2;Audi;Q2;2017.0;62000.0;162000.0;Essence;;Tunis;8cv;;2026-07-16;2026-07-16;;https://www.automobile.tn/fr/occasion/audi/q2/128396;;;
automobile.tn;Volkswagen Passat CC 3 1.8 TFSI 16V DSG (7 rapports) 160 cv Boîte auto;Volkswagen;Passat CC;2012.0;42500.0;225000.0;Essence;;Ben Arous;9cv;;2026-07-16;2026-07-16;;https://www.automobile.tn/fr/occasion/volkswagen/passat-cc/128395;;;
automobile.tn;Volkswagen Golf 5 GTI 1.6 FSi 16V Tiptronic 115cv Boîte auto;Volkswagen;Golf 5;2006.0;33000.0;181000.0;Essence;;Ben Arous;7cv;;2026-07-16;2026-07-16;;https://www.automobile.tn/fr/occasion/volkswagen/golf-5/128394;;;
automobile.tn;Mitsubishi ASX;Mitsubishi;ASX;2012.0;39500.0;189000.0;Essence;;Ben Arous;9cv;;2026-07-16;2026-07-16;;https://www.automobile.tn/fr/occasion/mitsubishi/asx/128393;;;
automobile.tn;Seat Tarraco Xcellence 1.4 TSI 16V GPF 4x2 DSG7 S&S 150 cv Boîte auto;Seat;Tarraco;2020.0;69000.0;200000.0;Essence;;Ben Arous;9cv;;2026-07-16;2026-07-16;;https://www.automobile.tn/fr/occasion/seat/tarraco/128392;;;
automobile.tn;Fiat 500 Dolcevita 1.2 MPi 8V 69 cv;Fiat;500;2022.0;48000.0;82000.0;Essence;;Tunis;4cv;;2026-07-16;2026-07-16;;https://www.automobile.tn/fr/occasion/fiat/500/128391;;;
automobile.tn;BMW Série 3 Access 316d 2.0 d 16V DPF 116 cv Boîte auto;Bmw;Série 3;2013.0;65000.0;110000.0;Diesel;;La Manouba;6cv;;2026-07-16;2026-07-16;;https://www.automobile.tn/fr/occasion/bmw/serie-3/128390;;;
automobile.tn;Dacia Dokker Van 1.5 Lux 84 cv;Dacia;Dokker Van;2017.0;26800.0;222500.0;Diesel;;Tunis;6cv;;2026-07-16;2026-07-16;;https://www.automobile.tn/fr/occasion/dacia/dokker-van/128389;;;
automobile.tn;Peugeot 208 Active 1.2 VTi 12V 82 cv;Peugeot;208;2013.0;25000.0;145000.0;Essence;;Tunis;5cv;;2026-07-16;2026-07-16;;https://www.automobile.tn/fr/occasion/peugeot/208/128388;;;
automobile.tn;Volkswagen Golf 7;Volkswagen;Golf 7;2013.0;60000.0;10899.0;Essence;;Sfax;5cv;;2026-07-16;2026-07-16;;https://www.automobile.tn/fr/occasion/volkswagen/golf-7/128387;;;
automobile.tn;Volkswagen Tiguan;Volkswagen;Tiguan;2025.0;160000.0;25941.0;Hybride rechargeable essence;;Sfax;8cv;;2026-07-16;2026-07-16;;https://www.automobile.tn/fr/occasion/volkswagen/tiguan/128386;;;
automobile.tn;BMW Série 4 Coupé Pack M Sport 420i 2.0 i 16V Steptronic8 184 cv Boîte auto;Bmw;Série 4 Coupé;2019.0;120000.0;109000.0;Essence;;Ben Arous;11cv;;2026-07-16;2026-07-16;;https://www.automobile.tn/fr/occasion/bmw/serie-4-coupe/128383;;;
automobile.tn;Mercedes-Benz GLE;Mercedes-Benz;GLE;2023.0;285000.0;28915.0;Hybride rechargeable essence;;Sfax;12cv;;2026-07-16;2026-07-16;;https://www.automobile.tn/fr/occasion/mercedes-benz/gle/128382;;;
automobile.tn;Mercedes-Benz CLA;Mercedes-Benz;CLA;2024.0;153000.0;49000.0;Hybride rechargeable essence;;Tunis;8cv;;2026-07-16;2026-07-16;;https://www.automobile.tn/fr/occasion/mercedes-benz/cla/128381;;;
automobile.tn;Land Rover Range Rover Sport;Land Rover;Range Rover Sport;2020.0;232000.0;71000.0;Essence;;Tunis;28cv;;2026-07-16;2026-07-16;;https://www.automobile.tn/fr/occasion/land-rover/range-rover-sport/128380;;;
automobile.tn;Mercedes-Benz Classe E;Mercedes-Benz;Classe E;2017.0;117000.0;142000.0;Essence;;Tunis;10cv;;2026-07-16;2026-07-16;;https://www.automobile.tn/fr/occasion/mercedes-benz/classe-e/128379;;;
automobile.tn;Mercedes-Benz GLC;Mercedes-Benz;GLC;2024.0;285000.0;31385.0;Hybride léger essence;;Sfax;15cv;;2026-07-16;2026-07-16;;https://www.automobile.tn/fr/occasion/mercedes-benz/glc/128378;;;
automobile.tn;Porsche Cayenne;Porsche;Cayenne;2022.0;385000.0;28000.0;Essence;;Tunis;33cv;;2026-07-16;2026-07-16;;https://www.automobile.tn/fr/occasion/porsche/cayenne/128377;;;
automobile.tn;Mercedes-Benz Classe C AMG 180 1.5 i 16V 9G-TRONIC 156 cv Boîte auto;Mercedes-Benz;Classe C;2020.0;108000.0;93000.0;Essence;;Ben Arous;7cv;;2026-07-16;2026-07-16;;https://www.automobile.tn/fr/occasion/mercedes-benz/classe-c/128376;;;
automobile.tn;KIA Cee'd 1.4 i 16V 100 cv;Kia;Cee'd;2018.0;43000.0;200000.0;Essence;;Ariana;6cv;;2026-07-16;2026-07-16;;https://www.automobile.tn/fr/occasion/kia/ceed/128375;;;
automobile.tn;KIA Sportage Black Edition 1.6 GDi CVVT 16V 4x2 ISG 132 cv Boite Auto;Kia;Sportage;2021.0;83000.0;148000.0;Essence;;Ariana;8cv;;2026-07-15;2026-07-16;;https://www.automobile.tn/fr/occasion/kia/sportage/128373;;;
automobile.tn;Peugeot 3008 Allure;Peugeot;3008;2021.0;65000.0;120000.0;Essence;;Tunis;9cv;;2026-07-15;2026-07-16;;https://www.automobile.tn/fr/occasion/peugeot/3008/128372;;;
automobile.tn;Volkswagen Golf 6 Match 1.2 TSi 105 cv;Volkswagen;Golf 6;2012.0;43000.0;211000.0;Essence;;Tunis;5cv;;2026-07-16;2026-07-16;;https://www.automobile.tn/fr/occasion/volkswagen/golf-6/128385;;;
automobile.tn;Volkswagen New Beetle 1.2 TSi 105 cv;Volkswagen;New Beetle;2013.0;38000.0;270000.0;Essence;;Tunis;6cv;;2026-07-19;2026-07-19;;https://www.automobile.tn/fr/occasion/volkswagen/new-beetle/128442;;;
automobile.tn;KIA Sportage 2.0 CRDi VGT 16V DPF 4x4 184 cv;Kia;Sportage;2010.0;60000.0;299000.0;Diesel;;Zaghouan;10cv;;2026-07-19;2026-07-19;;https://www.automobile.tn/fr/occasion/kia/sportage/128447;;;
automobile.tn;Opel Corsa;Opel;Corsa;2017.0;32000.0;46400.0;Essence;;Tunis;5cv;;2026-07-18;2026-07-19;;https://www.automobile.tn/fr/occasion/opel/corsa/128446;;;
automobile.tn;Fiat Grande Punto 1.2 i 65 cv;Fiat;Grande Punto;2013.0;18000.0;250000.0;Essence;;Gafsa;4cv;;2026-07-18;2026-07-19;;https://www.automobile.tn/fr/occasion/fiat/grande-punto/128445;;;
automobile.tn;Fiat Fiorino 1.3 MJTD 16V Fourgon 75 cv;Fiat;Fiorino;2020.0;34000.0;170000.0;Diesel;;Bizerte;5cv;;2026-07-18;2026-07-19;;https://www.automobile.tn/fr/occasion/fiat/fiorino/128443;;;
automobile.tn;Toyota Hilux Double Cabine;Toyota;Hilux Double Cabine;2010.0;75000.0;800000.0;Diesel;;Béja;8cv;;2026-07-18;2026-07-19;;https://www.automobile.tn/fr/occasion/toyota/hilux/128440;;;
automobile.tn;Renault Express Van 1.5 dCi S&S 95 cv;Renault;Express Van;2022.0;42900.0;131000.0;Diesel;;Ariana;5cv;;2026-07-18;2026-07-19;;https://www.automobile.tn/fr/occasion/renault/express-van/128439;;;
automobile.tn;Ford Escort occasion 1.4 Break 75cv;Ford;Escort;1990.0;4000.0;200000.0;Essence;;Siliana;7cv;;2026-07-18;2026-07-19;;https://www.automobile.tn/fr/occasion/ford/escort/128438;;;
automobile.tn;Land Rover Discovery Sport SE P300e 1.5 Si4 12V 309 PHEV 4x4 5PL 200 cv Boîte auto;Land Rover;Discovery Sport;2022.0;85000.0;124000.0;Hybride rechargeable essence;;Mahdia;8cv;;2026-07-18;2026-07-19;;https://www.automobile.tn/fr/occasion/land-rover/discovery-sport/128437;;;
automobile.tn;Peugeot 308;Peugeot;308;2022.0;87000.0;51000.0;Essence;;Tunis;6cv;;2026-07-18;2026-07-19;;https://www.automobile.tn/fr/occasion/peugeot/308/128436;;;
automobile.tn;Fiat Grande Punto 1.2 i 65 cv;Fiat;Grande Punto;2017.0;26000.0;159000.0;Essence;;Ben Arous;4cv;;2026-07-18;2026-07-19;;https://www.automobile.tn/fr/occasion/fiat/grande-punto/128435;;;
automobile.tn;Hyundai Grand i10 GLS HG 1.2 87cv;Hyundai;Grand i10;2015.0;35000.0;85000.0;Essence;;Kairouan;5cv;;2026-07-18;2026-07-19;;https://www.automobile.tn/fr/occasion/hyundai/grand-i10/128434;;;
automobile.tn;Renault Kadjar Intens 1.2 Tce 16V FWD 131 cv;Renault;Kadjar;2019.0;49500.0;116000.0;Essence;;Ariana;7cv;;2026-07-18;2026-07-19;;https://www.automobile.tn/fr/occasion/renault/kadjar/128401;;;
automobile.tn;Ford Fiesta;Ford;Fiesta;2008.0;18000.0;205300.0;Diesel;;Ariana;5cv;;2026-07-18;2026-07-19;;https://www.automobile.tn/fr/occasion/ford/fiesta/128433;;;
automobile.tn;Toyota Tacoma;Toyota;Tacoma;2026.0;250000.0;1000.0;Hybride essence;;Gabès;12cv;;2026-07-18;2026-07-19;;https://www.automobile.tn/fr/occasion/toyota/tacoma/128432;;;
automobile.tn;Toyota Land Cruiser 300 GXR 3.3 L V6 Bi-Turbo Diesel 4WD 306 cv Boîte auto;Toyota;Land Cruiser 300;2025.0;260000.0;0.0;Diesel;;Kébili;21cv;;2026-07-18;2026-07-19;;https://www.automobile.tn/fr/occasion/toyota/land-cruiser-300/128431;;;
automobile.tn;Land Rover Range Rover Evoque SE D180 2.0 Td4 16V AWD 180 cv Boîte auto;Land Rover;Range Rover Evoque;2020.0;173000.0;100000.0;Diesel;;Sousse;11cv;;2026-07-18;2026-07-19;;https://www.automobile.tn/fr/occasion/land-rover/range-rover-evoque/128430;;;
automobile.tn;MG ZS Confort Plus 1.5 L BVM 114 cv;Mg;ZS;2019.0;54000.0;126000.0;Essence;;Ben Arous;7cv;;2026-07-18;2026-07-19;;https://www.automobile.tn/fr/occasion/mg/zs/128403;;;
automobile.tn;Citroën Berlingo First;Citroën;Berlingo First;2017.0;56000.0;240000.0;Diesel;;Tunis;6cv;;2026-07-18;2026-07-19;;https://www.automobile.tn/fr/occasion/citroen/berlingo-first/128429;;;
automobile.tn;MG One Luxury+;Mg;One;2024.0;93500.0;33000.0;Essence;;Tunis;10cv;;2026-07-18;2026-07-19;;https://www.automobile.tn/fr/occasion/mg/one/128419;;;
automobile.tn;Fiat Grande Punto Excellent état tout va bien 1.2 i S&S 69 cv;Fiat;Grande Punto;2011.0;24000.0;182000.0;Essence;;Ben Arous;5cv;;2026-07-18;2026-07-19;;https://www.automobile.tn/fr/occasion/fiat/grande-punto/128427;;;
automobile.tn;KIA Picanto LX 1.2 DPI 16V ISG 84 cv;Kia;Picanto;2023.0;42900.0;95000.0;Essence;;Ariana;5cv;;2026-07-18;2026-07-19;;https://www.automobile.tn/fr/occasion/kia/picanto/128411;;;
automobile.tn;Hyundai Kona N Line 1.0 T-GDi 12V 2WD S&S 120 cv;Hyundai;Kona;2019.0;67000.0;59400.0;Essence;;Tunis;6cv;;2026-07-18;2026-07-19;;https://www.automobile.tn/fr/occasion/hyundai/kona/128409;;;
automobile.tn;Mercedes-Benz GLA;Mercedes-Benz;GLA;2021.0;128000.0;135000.0;Hybride rechargeable essence;;Ben Arous;8cv;;2026-07-18;2026-07-19;;https://www.automobile.tn/fr/occasion/mercedes-benz/gla/128421;;;
automobile.tn;Volkswagen Golf 7 Smartline 1.2 TSI 16V S&S 110 cv;Volkswagen;Golf 7;2015.0;49500.0;158000.0;Essence;;Tunis;5cv;;2026-07-18;2026-07-19;;https://www.automobile.tn/fr/occasion/volkswagen/golf-7/128426;;;
automobile.tn;Volkswagen Golf 7 Cup 1.2 TSI 16V Blue Motion S&S 110 cv;Volkswagen;Golf 7;2014.0;50000.0;179000.0;Essence;;Sousse;5cv;;2026-07-18;2026-07-19;;https://www.automobile.tn/fr/occasion/volkswagen/golf-7/128425;;;
automobile.tn;Volkswagen Caddy Cargo Business 2.0 L TDI 110 cv;Volkswagen;Caddy Cargo;2023.0;78000.0;78000.0;Diesel;;Ariana;7cv;;2026-07-17;2026-07-19;;https://www.automobile.tn/fr/occasion/volkswagen/caddy-cargo/128424;;;
automobile.tn;Porsche Cayenne Coupé E-Hybrid E-Hybrid 3.0 V6 24V 461 AWD 340 cv boite auto;Porsche;Cayenne Coupé;2022.0;289900.0;59000.0;Hybride rechargeable essence;;Sousse;22cv;;2026-07-17;2026-07-19;;https://www.automobile.tn/fr/occasion/porsche/cayenne-coupe/128423;;;
automobile.tn;Citroën C3 Zenith 1.2 VTi 12V 82 cv;Citroën;C3;2014.0;22000.0;210000.0;Essence;;Ben Arous;5cv;;2026-07-17;2026-07-19;;https://www.automobile.tn/fr/occasion/citroen/c3/128422;;;
automobile.tn;Mercedes-Benz Classe A AMG 180 Turbo 1.6 i 16V Turbo 122 cv;Mercedes-Benz;Classe A;2015.0;49000.0;188000.0;Essence;;Tunis;6cv;;2026-07-17;2026-07-19;;https://www.automobile.tn/fr/occasion/mercedes-benz/classe-a/128418;;;
automobile.tn;Nissan Juke Tekna 1.0 DIG-T 12V 7DCT 117 cv Boîte auto;Nissan;Juke;2023.0;82000.0;32000.0;Essence;;Tunis;6cv;;2026-07-17;2026-07-19;;https://www.automobile.tn/fr/occasion/nissan/juke/128417;;;
automobile.tn;Skoda Fabia Ambition 1.0 MPI 12V 75 cv;Skoda;Fabia;2019.0;36500.0;256000.0;Essence;;Tunis;4cv;;2026-07-17;2026-07-19;;https://www.automobile.tn/fr/occasion/skoda/fabia/128416;;;
automobile.tn;Dacia Dokker Van 1.5 Lux 84 cv;Dacia;Dokker Van;2017.0;35500.0;220000.0;Diesel;;Tunis;6cv;;2026-07-17;2026-07-19;;https://www.automobile.tn/fr/occasion/dacia/dokker-van/128415;;;
automobile.tn;Fiat Tipo Berline Entry Plus;Fiat;Tipo Berline;2022.0;40000.0;170000.0;Essence;;Tunis;5cv;;2026-07-17;2026-07-19;;https://www.automobile.tn/fr/occasion/fiat/tipo-berline/128414;;;
automobile.tn;Peugeot Expert;Peugeot;Expert;2023.0;65000.0;134000.0;Diesel;;Tunis;9cv;;2026-07-17;2026-07-19;;https://www.automobile.tn/fr/occasion/peugeot/expert/128412;;;
automobile.tn;Toyota Land Cruiser 300 GXR 3.3 L V6 Bi-Turbo Diesel 4WD 306 cv Boîte auto;Toyota;Land Cruiser 300;2025.0;260000.0;0.0;Diesel;;Kébili;21cv;;2026-07-17;2026-07-19;;https://www.automobile.tn/fr/occasion/toyota/land-cruiser-300/128410;;;
automobile.tn;Fiat Palio;Fiat;Palio;2007.0;19300.0;63000.0;Essence;;Ariana;4cv;;2026-07-17;2026-07-19;;https://www.automobile.tn/fr/occasion/fiat/palio/128408;;;
automobile.tn;BMW X1 xLine 25e xDrive 1.5 i 12V 220 Plug in Hybrid 125 cv Boîte auto;Bmw;X1;2022.0;118000.0;36000.0;Hybride rechargeable essence;;Tunis;6cv;;2026-07-17;2026-07-19;;https://www.automobile.tn/fr/occasion/bmw/x1/128407;;;
automobile.tn;Peugeot 3008 Allure 1.2 THP Puretech 12V EAT6 S&S 130 cv Boîte auto;Peugeot;3008;2019.0;61000.0;146000.0;Essence;;Monastir;7cv;;2026-07-17;2026-07-19;;https://www.automobile.tn/fr/occasion/peugeot/3008/128405;;;
automobile.tn;Mercedes-Benz Classe C AMG + 180 1.5 i 16V EQ Boost 9G-TRONIC 170 cv Boîte auto;Mercedes-Benz;Classe C;2023.0;140000.0;80000.0;Hybride léger essence;;Ariana;9cv;;2026-07-17;2026-07-19;;https://www.automobile.tn/fr/occasion/mercedes-benz/classe-c/128402;;;
automobile.tn;KIA Rio 5p GX 1.6 i 16V 112 cv;Kia;Rio 5p;2010.0;25000.0;263000.0;Essence;;Tunis;6cv;;2026-07-16;2026-07-19;;https://www.automobile.tn/fr/occasion/kia/rio-5p/128399;;;
automobile.tn;BMW X3 Pack M 30e xDrive 2.0 i 16V 292 Plug in Hybrid Steptronic8 184 cv Boîte auto;Bmw;X3;2022.0;160000.0;94000.0;Hybride rechargeable essence;;Sousse;10cv;;2026-07-16;2026-07-19;;https://www.automobile.tn/fr/occasion/bmw/x3/128398;;;
automobile.tn;Suzuki Dzire GLX Pack 1.2 L 85 cv;Suzuki;Dzire;2023.0;55000.0;18500.0;Essence;;Ariana;5cv;;2026-07-17;2026-07-19;;https://www.automobile.tn/fr/occasion/suzuki/dzire/128413;;;
automobile.tn;Peugeot 206+ 1.1 i 60 cv;Peugeot;206+;2010.0;28000.0;89400.0;Essence;;Tunis;4cv;;2026-07-17;2026-07-19;;https://www.automobile.tn/fr/occasion/peugeot/206-plus/128404;;;
automobile.tn;Mazda 3 Core+ Grade 1.5 Skyactiv-G 16V S&S 112 cv;Mazda;3;2019.0;49500.0;172000.0;Essence;;Ariana;6cv;;2026-07-21;2026-07-21;;https://www.automobile.tn/fr/occasion/mazda/3/128517;;;
automobile.tn;KIA Sportage Toit Ouvrant 2.0 CRDi VGT 16V DPF 4x4 184 cv Boîte auto;Kia;Sportage;2012.0;75000.0;1008.0;Diesel;;Tataouine;plus de 48cv;;2026-07-21;2026-07-21;;https://www.automobile.tn/fr/occasion/kia/sportage/128498;;;
automobile.tn;Mahindra XUV 300 W8.0 1.2 L 110 cv;Mahindra;XUV 300;2023.0;52000.0;49000.0;Essence;;Ben Arous;6cv;;2026-07-21;2026-07-21;;https://www.automobile.tn/fr/occasion/mahindra/xuv-300/128516;;;
automobile.tn;Toyota C-HR 1.2 T 16V 2WD CVT 116 cv Boîte auto;Toyota;C-HR;2018.0;52900.0;200000.0;Essence;;Ariana;6cv;;2026-07-21;2026-07-21;;https://www.automobile.tn/fr/occasion/toyota/c-hr/128515;;;
automobile.tn;Ford Fiesta Titanium 1.0 SCTi EcoBoost 12V S&S 100 cv;Ford;Fiesta;2016.0;36500.0;134900.0;Essence;;Tunis;5cv;;2026-07-21;2026-07-21;;https://www.automobile.tn/fr/occasion/ford/fiesta/128514;;;
automobile.tn;Hyundai i20;Hyundai;i20;2022.0;65000.0;30000.0;Essence;;Tunis;5cv;;2026-07-21;2026-07-21;;https://www.automobile.tn/fr/occasion/hyundai/i20/128513;;;
automobile.tn;Toyota Corolla;Toyota;Corolla;2022.0;65000.0;70000.0;Essence;;Tunis;6cv;;2026-07-21;2026-07-21;;https://www.automobile.tn/fr/occasion/toyota/corolla-5p/128512;;;
automobile.tn;Renault Clio Populaire;Renault;Clio;2017.0;38000.0;87250.0;Essence;;Tunis;4cv;;2026-07-21;2026-07-21;;https://www.automobile.tn/fr/occasion/renault/clio/128511;;;
automobile.tn;KIA Sorento 7 places 2.2 CRDi 16V DPF AWD DCT8 (7pl) 201 cv Boîte auto;Kia;Sorento;2021.0;120000.0;156000.0;Diesel;;Sousse;12cv;;2026-07-21;2026-07-21;;https://www.automobile.tn/fr/occasion/kia/sorento/128510;;;
automobile.tn;Audi A5 Sportback S-Line 35 TFSI S-tronic 150 cv Boîte auto;Audi;A5 Sportback;2021.0;120000.0;102000.0;Essence;;Tunis;8cv;;2026-07-21;2026-07-21;;https://www.automobile.tn/fr/occasion/audi/a5-sportback/128490;;;
automobile.tn;BMW Série 5 Luxury Line 520i 170 cv Boîte auto;Bmw;Série 5;2021.0;200000.0;98000.0;Essence;;Ariana;10cv;;2026-07-21;2026-07-21;;https://www.automobile.tn/fr/occasion/bmw/serie-5/128509;;;
automobile.tn;Mercedes-Benz CLS 250 CDi 2.1 CDI 16V 7G-TRONIC BlueEFFICIENCY 204 cv Boîte auto;Mercedes-Benz;CLS;2012.0;65000.0;310000.0;Diesel;;Ariana;7cv;;2026-07-21;2026-07-21;;https://www.automobile.tn/fr/occasion/mercedes-benz/cls/128507;;;
automobile.tn;BMW X1 Pack Sport M 18i sDrive 1.5 i 12V DCT7 140 cv Boîte auto;Bmw;X1;2017.0;83000.0;140000.0;Essence;;Tunis;7cv;;2026-07-21;2026-07-21;;https://www.automobile.tn/fr/occasion/bmw/x1/128506;;;
automobile.tn;BMW X3 20d xDrive 2.0 d 16V 190 cv Boîte auto;Bmw;X3;2014.0;75000.0;175000.0;Diesel;;Tunis;10cv;;2026-07-21;2026-07-21;;https://www.automobile.tn/fr/occasion/bmw/x3/128477;;;
automobile.tn;Seat Arona Xcellence 1.6 L 110 cv Boîte auto;Seat;Arona;2021.0;60000.0;166376.0;Essence;;La Manouba;6cv;;2026-07-21;2026-07-21;;https://www.automobile.tn/fr/occasion/seat/arona/128505;;;
automobile.tn;Isuzu D-Max Double Cabine LS 2.5 TDI 2WD Pickup double cabine 163 cv;Isuzu;D-Max Double Cabine;2013.0;90000.0;344852.0;Diesel;;Ariana;8cv;;2026-07-21;2026-07-21;;https://www.automobile.tn/fr/occasion/isuzu/d-max-dc/128494;;;
automobile.tn;GWM Haval Jolion 1.5 T 143 cv Boîte auto;Gwm;Haval Jolion;2022.0;78000.0;40097.0;Essence;;Ariana;9cv;;2026-07-21;2026-07-21;;https://www.automobile.tn/fr/occasion/great-wall/jolion/128493;;;
automobile.tn;Toyota Corolla Business 1.2 T 16V CVT 116 cv Boîte auto;Toyota;Corolla;2023.0;75000.0;45640.0;Essence;;Ariana;6cv;;2026-07-21;2026-07-21;;https://www.automobile.tn/fr/occasion/toyota/corolla-5p/128479;;;
automobile.tn;Volkswagen Tiguan R-Line 1.4 TSi 16V 245 e-Hybrid BMT DSG6 150 cv Boîte auto;Volkswagen;Tiguan;2022.0;129000.0;79331.0;Hybride rechargeable essence;;Ariana;8cv;;2026-07-21;2026-07-21;;https://www.automobile.tn/fr/occasion/volkswagen/tiguan/128478;;;
automobile.tn;Mercedes-Benz GLE Coupé AMG Premium Plus 400 e 2.0 Ti 16V 381 EQ Power 4MATIC 9G-TRONIC 252 cv Boîte auto;Mercedes-Benz;GLE Coupé;2025.0;350000.0;13852.0;Hybride rechargeable essence;;Ariana;15cv;;2026-07-21;2026-07-21;;https://www.automobile.tn/fr/occasion/mercedes-benz/gle-coupe/128476;;;
automobile.tn;MG One Luxury+;Mg;One;2024.0;93000.0;33000.0;Essence;;Tunis;10cv;;2026-07-21;2026-07-21;;https://www.automobile.tn/fr/occasion/mg/one/128452;;;
automobile.tn;Nissan Qashqai;Nissan;Qashqai;2019.0;62000.0;134000.0;Essence;;Sousse;6cv;;2026-07-21;2026-07-21;;https://www.automobile.tn/fr/occasion/nissan/qashqai/128504;;;
automobile.tn;Volkswagen Golf 8 GTE GTE 1.4 TSi 16V 245 Plug in Hybrid DSG6 150 cv Boîte auto;Volkswagen;Golf 8;2021.0;97000.0;81000.0;Hybride rechargeable essence;;Sousse;8cv;;2026-07-21;2026-07-21;;https://www.automobile.tn/fr/occasion/volkswagen/golf-8/128444;;;
automobile.tn;Ford Fiesta Ghia 1.2 i 16V 75 cv;Ford;Fiesta;2007.0;20500.0;1000.0;Essence;;Tunis;5cv;;2026-07-21;2026-07-21;;https://www.automobile.tn/fr/occasion/ford/fiesta/128428;;;
automobile.tn;GWM Haval H6 1.5 T 150cv boite auto;Gwm;Haval H6;2023.0;82000.0;120000.0;Essence;;Tunis;8cv;;2026-07-21;2026-07-21;;https://www.automobile.tn/fr/occasion/great-wall/h6/128470;;;
automobile.tn;Seat Leon Style 1.2 TSI 16V S&S 110 cv;Seat;Leon;2017.0;46500.0;175000.0;Essence;;Ben Arous;6cv;;2026-07-21;2026-07-21;;https://www.automobile.tn/fr/occasion/seat/leon/128485;;;
automobile.tn;KIA Rio 5p SX 1.2 i-CVVT 16V ISG 84 cv;Kia;Rio 5p;2020.0;50000.0;110000.0;Essence;;Ben Arous;5cv;;2026-07-21;2026-07-21;;https://www.automobile.tn/fr/occasion/kia/rio-5p/128483;;;
automobile.tn;Mahindra KUV 100 K8 1.2 82cv;Mahindra;KUV 100;2019.0;26500.0;130000.0;Essence;;Ariana;5cv;;2026-07-21;2026-07-21;;https://www.automobile.tn/fr/occasion/mahindra/kuv-100/128502;;;
automobile.tn;Hyundai Grand i10 Populaire 1.0 65cv populaire;Hyundai;Grand i10;2024.0;45000.0;25000.0;Essence;;Tunis;4cv;;2026-07-21;2026-07-21;;https://www.automobile.tn/fr/occasion/hyundai/grand-i10/128501;;;
automobile.tn;Renault Clio Expression 1.2 16V 75 cv;Renault;Clio;2013.0;24000.0;380000.0;Essence;;Sfax;5cv;;2026-07-20;2026-07-21;;https://www.automobile.tn/fr/occasion/renault/clio/128499;;;
automobile.tn;Suzuki Celerio Populaire 1.0 L 68 cv;Suzuki;Celerio;2018.0;26000.0;120000.0;Essence;;Ben Arous;4cv;;2026-07-20;2026-07-21;;https://www.automobile.tn/fr/occasion/suzuki/celerio/128496;;;
automobile.tn;Toyota Land Cruiser 300 GXR 3.3 L V6 Bi-Turbo Diesel 4WD 306 cv Boîte auto;Toyota;Land Cruiser 300;2025.0;260000.0;0.0;Diesel;;Kébili;21cv;;2026-07-20;2026-07-21;;https://www.automobile.tn/fr/occasion/toyota/land-cruiser-300/128495;;;
automobile.tn;Mercedes-Benz Classe A Business 200 d 2.1 d 16V 7G-DCT 136 cv Boîte auto;Mercedes-Benz;Classe A;2017.0;85000.0;83300.0;Diesel;;Monastir;7cv;;2026-07-20;2026-07-21;;https://www.automobile.tn/fr/occasion/mercedes-benz/classe-a/128492;;;
automobile.tn;Peugeot 2008 Allure Toit Cielo 1.2 VTi 12V 82 cv;Peugeot;2008;2016.0;42000.0;154000.0;Essence;;Sidi Bouzid;5cv;;2026-07-20;2026-07-21;;https://www.automobile.tn/fr/occasion/peugeot/2008/128460;;;
automobile.tn;Fiat Fiorino 1.3 MJTD 16V Fourgon 75 cv;Fiat;Fiorino;2021.0;38000.0;52000.0;Diesel;;Tunis;5cv;;2026-07-20;2026-07-21;;https://www.automobile.tn/fr/occasion/fiat/fiorino/128491;;;
automobile.tn;Volkswagen Taigo Style 1.0 TSI 12V 110 cv;Volkswagen;Taigo;2022.0;78000.0;139500.0;Essence;;Médenine;6cv;;2026-07-20;2026-07-21;;https://www.automobile.tn/fr/occasion/volkswagen/taigo/128489;;;
automobile.tn;Citroën Berlingo Utilitaire;Citroën;Berlingo Utilitaire;2021.0;49000.0;98370.0;Diesel;;Médenine;5cv;;2026-07-20;2026-07-21;;https://www.automobile.tn/fr/occasion/citroen/berlingo-utilitaire/128488;;;
automobile.tn;KIA Rio 5p 1.2 i-CVVT 16V 85 cv;Kia;Rio 5p;2016.0;34500.0;171633.0;Essence;;Tunis;5cv;;2026-07-20;2026-07-21;;https://www.automobile.tn/fr/occasion/kia/rio-5p/128486;;;
automobile.tn;Mercedes-Benz EQA AMG Line 250 190 cv Boîte auto;Mercedes-Benz;EQA;2022.0;135000.0;40000.0;Electrique;;Sousse;5cv;;2026-07-20;2026-07-21;;https://www.automobile.tn/fr/occasion/mercedes-benz/eqa/128484;;;
automobile.tn;Citroën C3 Shine 1.2 VTi PureTech 12V 82 cv;Citroën;C3;2017.0;38000.0;55000.0;Essence;;Tunis;4cv;;2026-07-20;2026-07-21;;https://www.automobile.tn/fr/occasion/citroen/c3/128482;;;
automobile.tn;Ford Fusion SE 1.5 L EcoBoost 160 cv Boîte auto;Ford;Fusion;2019.0;54000.0;174000.0;Essence;;Tunis;9cv;;2026-07-20;2026-07-21;;https://www.automobile.tn/fr/occasion/ford/fusion/128475;;;
automobile.tn;Volkswagen ID.4 batterie 82 kWh Pro 286 cv Boîte auto;Volkswagen;ID.4;2024.0;108000.0;45000.0;Electrique;;Tunis;6cv;;2026-07-20;2026-07-21;;https://www.automobile.tn/fr/occasion/volkswagen/id.4/128474;;;
automobile.tn;Renault Express Van 1.5 dCi S&S 95 cv;Renault;Express Van;2024.0;49000.0;9100.0;Diesel;;Bizerte;5cv;;2026-07-20;2026-07-21;;https://www.automobile.tn/fr/occasion/renault/express-van/128472;;;
automobile.tn;Fiat 500 Dolcevita 1.2 MPi 8V 69 cv;Fiat;500;2022.0;45000.0;100000.0;Essence;;Sousse;4cv;;2026-07-20;2026-07-21;;https://www.automobile.tn/fr/occasion/fiat/500/128471;;;
automobile.tn;Volkswagen Polo;Volkswagen;Polo;2008.0;24000.0;199000.0;Essence;;Mahdia;4cv;;2026-07-20;2026-07-21;;https://www.automobile.tn/fr/occasion/volkswagen/polo/128469;;;
automobile.tn;GWM M4 1.5 94 cv;Gwm;M4;2017.0;36000.0;92000.0;Essence;;Ariana;6cv;;2026-07-20;2026-07-21;;https://www.automobile.tn/fr/occasion/great-wall/m4/128468;;;
automobile.tn;Mazda 3 sedan 1.6 MZR 16V 105 cv;Mazda;3 sedan;2016.0;44000.0;123000.0;Essence;;Monastir;6cv;;2026-07-19;2026-07-21;;https://www.automobile.tn/fr/occasion/mazda/3-sedan/128467;;;
automobile.tn;Audi Q2 Sport 30 1.0 TSI 12V S-Tronic 116 cv Boîte auto;Audi;Q2;2019.0;76000.0;105000.0;Essence;;Ariana;6cv;;2026-07-19;2026-07-21;;https://www.automobile.tn/fr/occasion/audi/q2/128466;;;
automobile.tn;Chevrolet Sonic;Chevrolet;Sonic;2016.0;30000.0;114000.0;Essence;;Monastir;5cv;;2026-07-19;2026-07-21;;https://www.automobile.tn/fr/occasion/chevrolet/sonic/128465;;;
automobile.tn;KIA Rio 5p GT-Line 1.2 i-CVVT 16V ISG 84 cv;Kia;Rio 5p;2021.0;55000.0;127000.0;Essence;;Ariana;5cv;;2026-07-19;2026-07-21;;https://www.automobile.tn/fr/occasion/kia/rio-5p/128464;;;
automobile.tn;KIA Rio Berline EX 1.2 i-CVVT 16V 85 cv;Kia;Rio Berline;2016.0;38000.0;206000.0;Essence;;Tunis;5cv;;2026-07-19;2026-07-21;;https://www.automobile.tn/fr/occasion/kia/rio/128463;;;
automobile.tn;Volkswagen Taigo Style 1.0 TSI 12V DSG7 110 cv Boîte auto;Volkswagen;Taigo;2022.0;87000.0;160000.0;Essence;;Médenine;6cv;;2026-07-19;2026-07-21;;https://www.automobile.tn/fr/occasion/volkswagen/taigo/128462;;;
automobile.tn;Mazda 2 Sedan 1.5 L Skyactiv 107 cv;Mazda;2 Sedan;2015.0;35000.0;221500.0;Essence;;Tunis;6cv;;2026-07-19;2026-07-21;;https://www.automobile.tn/fr/occasion/mazda/2-sedan/128461;;;
automobile.tn;Nissan Qashqai 1.5 dCi DPF 2WD 103 cv;Nissan;Qashqai;2011.0;47000.0;372000.0;Diesel;;Mahdia;6cv;;2026-07-19;2026-07-21;;https://www.automobile.tn/fr/occasion/nissan/qashqai/128458;;;
automobile.tn;Chevrolet Captiva 7 places 1.5 Turbo CVT 147 cv Boîte auto;Chevrolet;Captiva;2022.0;65000.0;116000.0;Essence;;Monastir;9cv;;2026-07-19;2026-07-21;;https://www.automobile.tn/fr/occasion/chevrolet/captiva/128457;;;
automobile.tn;Ford Focus Trend Sport 1.0 SCTi 12V EcoBoost S&S 125 cv;Ford;Focus;2017.0;42000.0;75000.0;Essence;;Tunis;6cv;;2026-07-19;2026-07-21;;https://www.automobile.tn/fr/occasion/ford/focus/128456;;;
automobile.tn;Hyundai Grand i10 Populaire 1.0 65cv populaire;Hyundai;Grand i10;2021.0;40000.0;62000.0;Essence;;Sfax;4cv;;2026-07-19;2026-07-21;;https://www.automobile.tn/fr/occasion/hyundai/grand-i10/128455;;;
automobile.tn;KIA Sportage GT-Line 1.6 CRDi VGT 16V 4x4 DCT7 136 cv Boîte auto;Kia;Sportage;2018.0;98500.0;95000.0;Diesel;;Bizerte;7cv;;2026-07-19;2026-07-21;;https://www.automobile.tn/fr/occasion/kia/sportage/128454;;;
automobile.tn;Audi Q2 Design 35 TFSI S-tronic 150 cv Boîte auto;Audi;Q2;2021.0;92500.0;111570.0;Essence;;Ariana;8cv;;2026-07-19;2026-07-21;;https://www.automobile.tn/fr/occasion/audi/q2/128453;;;
automobile.tn;BMW Série 3 Pack M Sport 318i 1.5 16V 136 cv Boîte auto;Bmw;Série 3;2017.0;83000.0;118000.0;Essence;;Tunis;7cv;;2026-07-19;2026-07-21;;https://www.automobile.tn/fr/occasion/bmw/serie-3/128451;;;
automobile.tn;Wallyscar 619 1.3 L 71 cv;Wallyscar;619;2021.0;23000.0;83747.0;Essence;;Sfax;5cv;;2026-07-19;2026-07-21;;https://www.automobile.tn/fr/occasion/wallyscar/619/128450;;;
automobile.tn;Mercedes-Benz Vito 3 place 111 CDi 2.1 CDI 16V Combi court 115 cv;Mercedes-Benz;Vito;2006.0;35000.0;330000.0;Diesel;;Ariana;8cv;;2026-07-19;2026-07-21;;https://www.automobile.tn/fr/occasion/mercedes-benz/vito/128449;;;
automobile.tn;BMW X2 Pack M 18i sDrive 1.5 i 12V 136 cv;Bmw;X2;2019.0;85000.0;65000.0;Essence;;Gafsa;8cv;;2026-07-21;2026-07-21;;https://www.automobile.tn/fr/occasion/bmw/x2/128503;;;
automobile.tn;BMW Série 4 Coupé Luxury Line 418i 1.5 i 12V Steptronic8 136 cv Boîte auto;Bmw;Série 4 Coupé;2019.0;78900.0;146000.0;Essence;;Ariana;7cv;;2026-07-21;2026-07-22;;https://www.automobile.tn/fr/occasion/bmw/serie-4-coupe/128518;;;
automobile.tn;Peugeot Boxer;Peugeot;Boxer;2007.0;18500.0;400000.0;Diesel;;La Manouba;7cv;;2026-07-21;2026-07-22;;https://www.automobile.tn/fr/occasion/peugeot/boxer/128500;;;
automobile.tn;BMW Série 1 Pack Sport M 116i 1.6 i 16V 136 cv Boîte auto;Bmw;Série 1;2013.0;50000.0;199000.0;Essence;;Sfax;7cv;;2026-07-25;2026-07-25;;https://www.automobile.tn/fr/occasion/bmw/serie-1-5p/128570;1.0;Caméra de recul;
automobile.tn;Volkswagen Golf 6 1.6 TDI 16V FAP 105 cv;Volkswagen;Golf 6;2010.0;33000.0;209000.0;Diesel;;Sousse;5cv;;2026-07-24;2026-07-25;;https://www.automobile.tn/fr/occasion/volkswagen/golf-6/128609;2.0;Android Auto | Caméra de recul;
automobile.tn;Nissan Micra;Nissan;Micra;2020.0;29000.0;135000.0;Essence;;Tunis;5cv;;2026-07-24;2026-07-25;;https://www.automobile.tn/fr/occasion/nissan/micra/128608;0.0;;
automobile.tn;Renault Arkana E-TECH 1.6 i 16V GPF 145 Hybrid S&S 94 cv Boîte auto;Renault;Arkana;2023.0;97000.0;90000.0;Hybride essence;;Sousse;5cv;;2026-07-24;2026-07-25;;https://www.automobile.tn/fr/occasion/renault/arkana/128607;8.0;Alarme anti-intrusion | Apple Carplay | Instrumentation numérique | Navigation | Palettes au volant | Caméra de recul | Accès sans clé | Suspension pneumatique;
automobile.tn;Audi A5 S;Audi;A5;2026.0;199000.0;3000.0;Hybride léger essence;;Tunis;12cv;;2026-07-24;2026-07-25;;https://www.automobile.tn/fr/occasion/audi/a5-berline/128606;17.0;Alarme anti-intrusion | Affichage tête haute | Android Auto | Apple Carplay | Instrumentation numérique | Navigation | Palettes au volant | Sièges chauffants | Sièges massants | Sièges ventilés | Sièges électriques | Caméra de recul | Caméras 360 | Coffre électrique | Accès sans clé | Conduite semi-autonome | Suspension pneumatique;
automobile.tn;Volkswagen Passat Design 1.4 TSI 16V 125 cv;Volkswagen;Passat;2016.0;44000.0;222000.0;Essence;;Ariana;7cv;;2026-07-24;2026-07-25;;https://www.automobile.tn/fr/occasion/volkswagen/passat/128528;4.0;Alarme anti-intrusion | Palettes au volant | Caméra de recul | Suspension pneumatique;
automobile.tn;MG ZS Luxe 1.5 L 114 cv Boîte auto;Mg;ZS;2020.0;58000.0;50000.0;Essence;;Ariana;7cv;;2026-07-24;2026-07-25;;https://www.automobile.tn/fr/occasion/mg/zs/128529;3.0;Caméra de recul | Toit ouvrant | Toit panoramique;
automobile.tn;BMW Série 5 Luxury Line 520d 2.0 d 16V 200 cv Boîte auto;Bmw;Série 5;2015.0;71000.0;220000.0;Diesel;;La Manouba;10cv;;2026-07-24;2026-07-25;;https://www.automobile.tn/fr/occasion/bmw/serie-5/128605;5.0;Navigation | Sièges chauffants | Sièges électriques | Toit ouvrant | Accès sans clé;
automobile.tn;Renault Megane;Renault;Megane;2010.0;16000.0;50000.0;Diesel;;Tunis;plus de 48cv;;2026-07-24;2026-07-25;;https://www.automobile.tn/fr/occasion/renault/megane/128604;0.0;;
automobile.tn;Land Rover Range Rover Evoque Prestige 2.2 TD4 16V DPF 4WD BVA6 150 cv Boîte auto;Land Rover;Range Rover Evoque;2014.0;79000.0;120000.0;Diesel;;Tunis;9cv;;2026-07-24;2026-07-25;;https://www.automobile.tn/fr/occasion/land-rover/range-rover-evoque/128563;8.0;Alarme anti-intrusion | Android Auto | Apple Carplay | Navigation | Palettes au volant | Sièges électriques | Caméra de recul | Accès sans clé;
automobile.tn;KIA Sorento 1.6 T-GDi 16V GPF 230 Hybrid AWD BVA6 (5pl) 180 cv Boîte auto;Kia;Sorento;2023.0;185000.0;96000.0;Hybride essence;;Tunis;13cv;;2026-07-24;2026-07-25;;https://www.automobile.tn/fr/occasion/kia/sorento/128601;18.0;Alarme anti-intrusion | Affichage tête haute | Android Auto | Apple Carplay | Instrumentation numérique | Navigation | Palettes au volant | Sièges chauffants | Sièges ventilés | Sièges électriques | Caméra de recul | Caméras 360 | Coffre électrique | Toit ouvrant | Toit panoramique | Accès sans clé | Conduite semi-autonome | Suspension pneumatique;
automobile.tn;Peugeot 308 Access 1.6 i 16V Bioflex 110 cv;Peugeot;308;2010.0;22000.0;190000.0;Essence;;Tunis;6cv;;2026-07-24;2026-07-25;;https://www.automobile.tn/fr/occasion/peugeot/308/128600;0.0;;
automobile.tn;KIA Rio 5p LX 1.2 i-CVVT 16V 84 cv;Kia;Rio 5p;2020.0;50000.0;61000.0;Essence;;Ariana;5cv;;2026-07-24;2026-07-25;;https://www.automobile.tn/fr/occasion/kia/rio-5p/128599;1.0;Palettes au volant;
automobile.tn;Jeep Wrangler;Jeep;Wrangler;2022.0;210000.0;58000.0;Essence;;Tunis;19cv;;2026-07-24;2026-07-25;;https://www.automobile.tn/fr/occasion/jeep/wrangler-2021/128568;0.0;;
automobile.tn;Toyota Land Cruiser;Toyota;Land Cruiser;2011.0;245000.0;175000.0;Essence;;Tunis;22cv;;2026-07-24;2026-07-25;;https://www.automobile.tn/fr/occasion/toyota/land-cruiser/128569;0.0;;
automobile.tn;Mercedes-Benz Classe E coupé AMG 200 2.0 i 16V EQ boost 9G-TRONIC 197 cv Boîte auto;Mercedes-Benz;Classe E coupé;2018.0;125000.0;56000.0;Hybride léger essence;;Tunis;10cv;;2026-07-24;2026-07-25;;https://www.automobile.tn/fr/occasion/mercedes-benz/classe-e-coupe/128573;0.0;;
automobile.tn;Volvo XC90;Volvo;XC90;2023.0;235000.0;58000.0;Essence;;Tunis;19cv;;2026-07-24;2026-07-25;;https://www.automobile.tn/fr/occasion/volvo/xc90/128566;0.0;;
automobile.tn;Ssangyong Actyon Sports 200 2.0 e-XDi 2WD Pickup double cabine 155 cv;Ssangyong;Actyon Sports;2019.0;55000.0;154000.0;Diesel;;Tunis;7cv;;2026-07-24;2026-07-25;;https://www.automobile.tn/fr/occasion/ssangyong/actyon-sports/128565;0.0;;
automobile.tn;Toyota Prado;Toyota;Prado;2013.0;148000.0;172000.0;Essence;;Tunis;15cv;;2026-07-24;2026-07-25;;https://www.automobile.tn/fr/occasion/toyota/prado/128561;0.0;;
automobile.tn;Ford Focus Titanium 1.6 Ti VCT 16V 125 cv;Ford;Focus;2014.0;34000.0;139000.0;Essence;;Tunis;7cv;;2026-07-24;2026-07-25;;https://www.automobile.tn/fr/occasion/ford/focus/128564;0.0;;
automobile.tn;Volkswagen Golf 8;Volkswagen;Golf 8;2022.0;75000.0;86000.0;Essence;;Tunis;6cv;;2026-07-24;2026-07-25;;https://www.automobile.tn/fr/occasion/volkswagen/golf-8/128572;0.0;;
automobile.tn;Seat Ibiza;Seat;Ibiza;2014.0;29900.0;187500.0;Essence;;Ben Arous;5cv;;2026-07-24;2026-07-25;;https://www.automobile.tn/fr/occasion/seat/ibiza/128598;0.0;;
automobile.tn;Mercedes-Benz Classe A Progressive 180 Turbo 1.6 i 16V Turbo 7G-DCT 122 cv Boîte auto;Mercedes-Benz;Classe A;2014.0;59000.0;153000.0;Essence;;Ariana;6cv;;2026-07-24;2026-07-25;;https://www.automobile.tn/fr/occasion/mercedes-benz/classe-a/128579;11.0;Alarme anti-intrusion | Android Auto | Apple Carplay | Instrumentation numérique | Navigation | Palettes au volant | Sièges massants | Sièges ventilés | Sièges électriques | Caméra de recul | Conduite semi-autonome;
automobile.tn;Dacia Sandero;Dacia;Sandero;2024.0;55000.0;6000.0;Essence;;Ariana;5cv;;2026-07-24;2026-07-25;;https://www.automobile.tn/fr/occasion/dacia/sandero/128597;1.0;Alarme anti-intrusion;
automobile.tn;Ssangyong Tivoli Confort 160 1.6 e-XGi 16V 2WD 128 cv Boîte auto;Ssangyong;Tivoli;2015.0;48000.0;46000.0;Essence;;Ben Arous;8cv;;2026-07-24;2026-07-25;;https://www.automobile.tn/fr/occasion/ssangyong/tivoli/128580;3.0;Alarme anti-intrusion | Caméra de recul | Accès sans clé;
automobile.tn;Peugeot 208 Active 1.2 PureTech 12V S&S 75 cv;Peugeot;208;2022.0;38900.0;68000.0;Essence;;Ariana;5cv;;2026-07-24;2026-07-25;;https://www.automobile.tn/fr/occasion/peugeot/208/128559;2.0;Android Auto | Apple Carplay;
automobile.tn;Renault Clio Dynamique 0.9 TCe 12V eco2 S&S 90 cv;Renault;Clio;2016.0;37900.0;141000.0;Essence;;Ariana;5cv;;2026-07-24;2026-07-25;;https://www.automobile.tn/fr/occasion/renault/clio/128558;1.0;Navigation;
automobile.tn;Suzuki Swift GL 1.2 L 85 cv;Suzuki;Swift;2022.0;41500.0;103000.0;Essence;;Ariana;5cv;;2026-07-24;2026-07-25;;https://www.automobile.tn/fr/occasion/suzuki/swift/128556;0.0;;
automobile.tn;Mercedes-Benz Classe C Avantgarde 180 Kompressor 1.6 i 16V 156 cv Boîte auto;Mercedes-Benz;Classe C;2009.0;38000.0;361000.0;Essence;;Ben Arous;9cv;;2026-07-24;2026-07-25;;https://www.automobile.tn/fr/occasion/mercedes-benz/classe-c/128555;0.0;;
automobile.tn;Renault Twingo 1.2 i 16V LEV Quickshift 75 cv Boîte auto;Renault;Twingo;2011.0;23900.0;187000.0;Essence;;Ben Arous;4cv;;2026-07-24;2026-07-25;;https://www.automobile.tn/fr/occasion/renault/twingo/128553;0.0;;
automobile.tn;Geely GX3 Pro 1.5 L CVT 103 cv Boîte auto;Geely;GX3 Pro;2024.0;53000.0;111000.0;Essence;;Ben Arous;5cv;;2026-07-24;2026-07-25;;https://www.automobile.tn/fr/occasion/geely/gx3-pro/128552;6.0;Alarme anti-intrusion | Android Auto | Apple Carplay | Caméra de recul | Toit ouvrant | Accès sans clé;
automobile.tn;Geely GX3 1.5 L CVT 107 cv Boîte auto;Geely;GX3;2021.0;50000.0;69000.0;Essence;;Tunis;6cv;;2026-07-24;2026-07-25;;https://www.automobile.tn/fr/occasion/geely/gx3/128596;7.0;Alarme anti-intrusion | Android Auto | Apple Carplay | Caméra de recul | Toit ouvrant | Toit panoramique | Accès sans clé;
automobile.tn;Peugeot 208 Allure 1.2 VTi 12V 82 cv;Peugeot;208;2017.0;29800.0;113000.0;Essence;;Ariana;5cv;;2026-07-24;2026-07-25;;https://www.automobile.tn/fr/occasion/peugeot/208/128594;5.0;Alarme anti-intrusion | Instrumentation numérique | Palettes au volant | Toit panoramique | Suspension pneumatique;
automobile.tn;KIA Sportage;Kia;Sportage;2011.0;65000.0;117000.0;Diesel;;Gafsa;10cv;;2026-07-24;2026-07-25;;https://www.automobile.tn/fr/occasion/kia/sportage/128548;0.0;;
automobile.tn;Mercedes-Benz Classe A AMG Premium 180 d 1.5 d 8V 7G-DCT 116 cv Boîte auto;Mercedes-Benz;Classe A;2019.0;98000.0;90000.0;Diesel;;Ariana;6cv;;2026-07-24;2026-07-25;;https://www.automobile.tn/fr/occasion/mercedes-benz/classe-a/128593;17.0;Affichage tête haute | Android Auto | Apple Carplay | Instrumentation numérique | Navigation | Palettes au volant | Sièges chauffants | Sièges massants | Sièges ventilés | Sièges électriques | Caméra de recul | Caméras 360 | Coffre électrique | Toit ouvrant | Toit panoramique | Accès sans clé | Conduite semi-autonome;
automobile.tn;Changan New Star Van;Changan;New Star Van;2024.0;37000.0;14000.0;Essence;;Ben Arous;6cv;;2026-07-24;2026-07-25;;https://www.automobile.tn/fr/occasion/changan/new-star/128582;0.0;;
automobile.tn;Nissan Qashqai;Nissan;Qashqai;2013.0;39500.0;250000.0;Diesel;;Ariana;6cv;;2026-07-24;2026-07-25;;https://www.automobile.tn/fr/occasion/nissan/qashqai/128574;0.0;;
automobile.tn;Ford Ranger Double Cabine XLT;Ford;Ranger;2019.0;85000.0;200000.0;Diesel;;La Manouba;7cv;;2026-07-24;2026-07-25;;https://www.automobile.tn/fr/occasion/ford/ranger/128592;6.0;Alarme anti-intrusion | Android Auto | Apple Carplay | Navigation | Caméra de recul | Accès sans clé;
automobile.tn;Toyota Agya 1.2 L VVTi 87 cv Boîte auto;Toyota;Agya;2022.0;36500.0;81000.0;Essence;;Bizerte;5cv;;2026-07-24;2026-07-25;;https://www.automobile.tn/fr/occasion/toyota/agya/128567;0.0;;
automobile.tn;Volkswagen Golf 8 Drive 1.5 TSi 16V BMT 150 cv;Volkswagen;Golf 8;2021.0;79000.0;111217.0;Essence;;Kairouan;7cv;;2026-07-24;2026-07-25;;https://www.automobile.tn/fr/occasion/volkswagen/golf-8/128591;12.0;Alarme anti-intrusion | Affichage tête haute | Android Auto | Apple Carplay | Instrumentation numérique | Navigation | Palettes au volant | Sièges chauffants | Sièges ventilés | Accès sans clé | Conduite semi-autonome | Suspension pneumatique;
automobile.tn;Audi Q5 S-line 50 2.0 TFSI e 16V GPF 299 Hybrid Quattro S Tronic7 265 cv Boîte auto;Audi;Q5;2023.0;159000.0;79000.0;Hybride rechargeable essence;;Tunis;9cv;;2026-07-24;2026-07-25;;https://www.automobile.tn/fr/occasion/audi/q5/128590;14.0;Alarme anti-intrusion | Android Auto | Apple Carplay | Navigation | Palettes au volant | Sièges chauffants | Sièges électriques | Caméra de recul | Coffre électrique | Toit ouvrant | Toit panoramique | Accès sans clé | Conduite semi-autonome | Suspension pneumatique;
automobile.tn;Fiat Grande Punto 1.2 i 65 cv;Fiat;Grande Punto;2013.0;24500.0;258000.0;Essence;;Tunis;4cv;;2026-07-24;2026-07-25;;https://www.automobile.tn/fr/occasion/fiat/grande-punto/128589;2.0;Palettes au volant | Coffre électrique;
automobile.tn;Hyundai Kona Electric Occasion EV 204 64 kWh 2WD 204 cv Boîte auto;Hyundai;Kona Electric;2022.0;85000.0;48000.0;Electrique;;Ben Arous;6cv;;2026-07-24;2026-07-25;;https://www.automobile.tn/fr/occasion/hyundai/kona-ev/128588;10.0;Alarme anti-intrusion | Affichage tête haute | Android Auto | Apple Carplay | Navigation | Palettes au volant | Caméra de recul | Caméras 360 | Conduite semi-autonome | Suspension pneumatique;
automobile.tn;Jeep Renegade Limited 1.4 L 4x2 140 cv Boîte auto;Jeep;Renegade;2018.0;52000.0;137000.0;Essence;;Ariana;8cv;;2026-07-23;2026-07-25;;https://www.automobile.tn/fr/occasion/jeep/renegade/128587;0.0;;
automobile.tn;BMW X1 Business Line 25e xDrive 1.5 i 12V 220 Plug in Hybrid 125 cv Boîte auto;Bmw;X1;2021.0;120000.0;110000.0;Hybride rechargeable essence;;Mahdia;8cv;;2026-07-23;2026-07-25;;https://www.automobile.tn/fr/occasion/bmw/x1/128586;14.0;Alarme anti-intrusion | Android Auto | Apple Carplay | Instrumentation numérique | Navigation | Sièges chauffants | Sièges ventilés | Sièges électriques | Caméra de recul | Caméras 360 | Coffre électrique | Toit ouvrant | Conduite semi-autonome | Suspension pneumatique;
automobile.tn;BMW X3 xLine 20i sDrive 1.6 i 16V 170 cv Boîte auto;Bmw;X3;2015.0;71500.0;160000.0;Essence;;Ariana;9cv;;2026-07-23;2026-07-25;;https://www.automobile.tn/fr/occasion/bmw/x3/128585;5.0;Palettes au volant | Caméra de recul | Coffre électrique | Toit ouvrant | Toit panoramique;
automobile.tn;Volkswagen Polo Ambition 1.0 i 12V 75 cv;Volkswagen;Polo;2021.0;45000.0;97500.0;Essence;;Ariana;4cv;;2026-07-23;2026-07-25;;https://www.automobile.tn/fr/occasion/volkswagen/polo/128584;0.0;;
automobile.tn;KIA Rio 5p 1.2 i-CVVT 16V 85 cv;Kia;Rio 5p;2015.0;35000.0;163000.0;Essence;;Ariana;5cv;;2026-07-23;2026-07-25;;https://www.automobile.tn/fr/occasion/kia/rio-5p/128583;0.0;;
automobile.tn;Mercedes-Benz Classe E coupé AMG;Mercedes-Benz;Classe E coupé;2010.0;63000.0;198000.0;Essence;;Tunis;12cv;;2026-07-23;2026-07-25;;https://www.automobile.tn/fr/occasion/mercedes-benz/classe-e-coupe/128578;0.0;;
automobile.tn;Hyundai Tucson N Line 1.6 CRDi 16V 2WD DCT7 S&S 136 cv Boîte auto;Hyundai;Tucson;2019.0;73000.0;192000.0;Diesel;;Sousse;7cv;;2026-07-23;2026-07-25;;https://www.automobile.tn/fr/occasion/hyundai/tucson/128575;9.0;Alarme anti-intrusion | Navigation | Sièges électriques | Caméra de recul | Caméras 360 | Toit ouvrant | Toit panoramique | Accès sans clé | Conduite semi-autonome;
automobile.tn;KIA Sportage Eco Dynamique 1.6 CRDi 16V VGT 4x2 DCT7 136 cv Boîte auto;Kia;Sportage;2021.0;85000.0;147000.0;Diesel;;Kairouan;7cv;;2026-07-23;2026-07-25;;https://www.automobile.tn/fr/occasion/kia/sportage/128526;0.0;;
automobile.tn;Skoda Octavia Ambition 1.4 TSI 16V DSG7 150 cv Boîte auto;Skoda;Octavia;2016.0;41000.0;175000.0;Essence;;Tunis;8cv;;2026-07-23;2026-07-25;;https://www.automobile.tn/fr/occasion/skoda/octavia/128571;0.0;;
automobile.tn;Opel Mokka Elegance Limited 1.2 12V Turbo 4x2 S&S 130 cv Boîte auto;Opel;Mokka;2022.0;70000.0;66000.0;Essence;;Ariana;7cv;;2026-07-23;2026-07-25;;https://www.automobile.tn/fr/occasion/opel/mokka/128536;8.0;Android Auto | Apple Carplay | Instrumentation numérique | Navigation | Palettes au volant | Caméra de recul | Caméras 360 | Accès sans clé;
automobile.tn;KIA Rio 5p EX 1.2 i-CVVT 16V 85 cv;Kia;Rio 5p;2012.0;34000.0;192500.0;Essence;;Sousse;5cv;;2026-07-23;2026-07-25;;https://www.automobile.tn/fr/occasion/kia/rio-5p/128562;1.0;Accès sans clé;
automobile.tn;Volkswagen Passat 1.9 TDi FAP BlueMotion 105 cv;Volkswagen;Passat;2007.0;33000.0;296000.0;Diesel;;Sousse;6cv;;2026-07-23;2026-07-25;;https://www.automobile.tn/fr/occasion/volkswagen/passat/128560;2.0;Android Auto | Caméra de recul;
automobile.tn;Mercedes-Benz Classe C;Mercedes-Benz;Classe C;2010.0;47000.0;145000.0;Essence;;Ariana;9cv;;2026-07-23;2026-07-25;;https://www.automobile.tn/fr/occasion/mercedes-benz/classe-c/128557;0.0;;
automobile.tn;Nissan Qashqai 1.2 DIG-T 16V 2WD Xtronic CVT S&S 115 cv Boîte auto;Nissan;Qashqai;2017.0;58000.0;133000.0;Essence;;Ben Arous;6cv;;2026-07-23;2026-07-25;;https://www.automobile.tn/fr/occasion/nissan/qashqai/128520;5.0;Alarme anti-intrusion | Caméra de recul | Caméras 360 | Toit panoramique | Conduite semi-autonome;
automobile.tn;Toyota C-HR 2.0 VVT-i 16V 184 HSD Hybrid CVT 153 cv Boîte auto;Toyota;C-HR;2023.0;92000.0;65000.0;Hybride essence;;Ben Arous;8cv;;2026-07-23;2026-07-25;;https://www.automobile.tn/fr/occasion/toyota/c-hr/128554;0.0;;
automobile.tn;Audi A1 Sportback City Line 30 1.0 TFSI 12V GPF S-Tronic7 116 cv Boîte auto;Audi;A1 Sportback;2023.0;92000.0;20000.0;Essence;;Ariana;6cv;;2026-07-23;2026-07-25;;https://www.automobile.tn/fr/occasion/audi/a1-sportback/128551;6.0;Alarme anti-intrusion | Android Auto | Apple Carplay | Instrumentation numérique | Caméra de recul | Accès sans clé;
automobile.tn;Peugeot Boxer Double Cabine Plateau 350 L2;Peugeot;Boxer Double Cabine;2020.0;60000.0;160000.0;Diesel;;Sousse;7cv;;2026-07-23;2026-07-25;;https://www.automobile.tn/fr/occasion/peugeot/boxer-plateau-double-cabine/128550;0.0;;
automobile.tn;Volkswagen Golf 8 Life 1.4 L TSI 150 cv Boîte auto;Volkswagen;Golf 8;2025.0;117000.0;10000.0;Essence;;Tunis;8cv;;2026-07-23;2026-07-25;;https://www.automobile.tn/fr/occasion/volkswagen/golf-8/128549;7.0;Android Auto | Apple Carplay | Palettes au volant | Caméra de recul | Toit ouvrant | Toit panoramique | Accès sans clé;
automobile.tn;Mini Cooper 3 portes Classic Cooper 1.6 i 16V 115 cv;Mini;Cooper 3 portes;2013.0;36000.0;74000.0;Essence;;Tunis;4cv;;2026-07-23;2026-07-25;;https://www.automobile.tn/fr/occasion/mini/3-portes/128547;2.0;Alarme anti-intrusion | Sièges chauffants;
automobile.tn;Fiat 500X Cross Bicolore 1.4 l Multiair 140 cv Boîte auto;Fiat;500X Cross;2023.0;75000.0;48000.0;Essence;;Tunis;7cv;;2026-07-23;2026-07-25;;https://www.automobile.tn/fr/occasion/fiat/500x-cross/128546;4.0;Alarme anti-intrusion | Android Auto | Apple Carplay | Caméra de recul;
automobile.tn;Hyundai Grand i10 Populaire 1.0 65cv populaire;Hyundai;Grand i10;2022.0;42000.0;24500.0;Essence;;Tunis;4cv;;2026-07-23;2026-07-25;;https://www.automobile.tn/fr/occasion/hyundai/grand-i10/128545;1.0;Alarme anti-intrusion;
automobile.tn;Mercedes-Benz CLE Coupé AMG + 300 e 2.0 i 16V 313 EQ Power 204 cv 9G-TRONIC Boîte Auto;Mercedes-Benz;CLE Coupé;2025.0;249000.0;17000.0;Hybride rechargeable essence;;Ariana;11cv;;2026-07-23;2026-07-25;;https://www.automobile.tn/fr/occasion/mercedes-benz/cle-coupe/128544;18.0;Affichage tête haute | Android Auto | Apple Carplay | Instrumentation numérique | Navigation | Palettes au volant | Sièges chauffants | Sièges massants | Sièges ventilés | Sièges électriques | Caméra de recul | Caméras 360 | Coffre électrique | Toit ouvrant | Toit panoramique | Accès sans clé | Conduite semi-autonome | Suspension pneumatique;
automobile.tn;Ford Fiesta Titanium 1.1 SCi EcoBoost 12V S&S 85 cv;Ford;Fiesta;2020.0;44000.0;56700.0;Essence;;Ariana;4cv;;2026-07-23;2026-07-25;;https://www.automobile.tn/fr/occasion/ford/fiesta/128543;2.0;Android Auto | Apple Carplay;
automobile.tn;Dacia Duster 1.6 i 16V 4x2 105 cv;Dacia;Duster;2013.0;37000.0;205000.0;Essence;;Tunis;7cv;;2026-07-23;2026-07-25;;https://www.automobile.tn/fr/occasion/dacia/duster/128542;0.0;;
automobile.tn;Renault Kwid Populaire 1.0 L 64 cv;Renault;Kwid Populaire;2022.0;34500.0;70000.0;Essence;;Ariana;4cv;;2026-07-23;2026-07-25;;https://www.automobile.tn/fr/occasion/renault/kwid/128541;1.0;Caméra de recul;
automobile.tn;Skoda Kamiq Essence 1.0 TSI 12V GPF DSG7 116 cv Boîte auto;Skoda;Kamiq;2024.0;80000.0;29000.0;Essence;;Mahdia;6cv;;2026-07-22;2026-07-25;;https://www.automobile.tn/fr/occasion/skoda/kamiq/128540;0.0;;
automobile.tn;DS 3 Chic 1.2 VTi Puretech 12V S&S 82 cv;Ds;3;2017.0;27500.0;125760.0;Essence;;Sousse;5cv;;2026-07-22;2026-07-25;;https://www.automobile.tn/fr/occasion/ds/3/128539;2.0;Alarme anti-intrusion | Caméra de recul;
automobile.tn;Mercedes-Benz GLC Coupé AMG 300 e 2.0 i 16V 320 EQ Power 4MATIC 9G-TRONIC 211 cv Boîte auto;Mercedes-Benz;GLC Coupé;2022.0;180000.0;64000.0;Hybride rechargeable essence;;Mahdia;12cv;;2026-07-22;2026-07-25;;https://www.automobile.tn/fr/occasion/mercedes-benz/glc-coupe/128538;17.0;Alarme anti-intrusion | Affichage tête haute | Android Auto | Apple Carplay | Instrumentation numérique | Navigation | Palettes au volant | Sièges chauffants | Sièges ventilés | Sièges électriques | Caméra de recul | Caméras 360 | Coffre électrique | Toit ouvrant | Accès sans clé | Conduite semi-autonome | Suspension pneumatique;
automobile.tn;Chevrolet Spark 1.2 i 16V 81 cv;Chevrolet;Spark;2012.0;20000.0;160000.0;Essence;;Ben Arous;4cv;;2026-07-22;2026-07-25;;https://www.automobile.tn/fr/occasion/chevrolet/spark/128537;0.0;;
automobile.tn;Citroën C3 1.4 i GNV 75 cv;Citroën;C3;2007.0;22000.0;262000.0;Essence;;La Manouba;5cv;;2026-07-22;2026-07-25;;https://www.automobile.tn/fr/occasion/citroen/c3/128534;0.0;;
automobile.tn;Peugeot 3008 Roadtrip 1.6 THP 16V 225 Hybrid e-EAT8 180 cv Boîte auto;Peugeot;3008;2021.0;89000.0;90000.0;Hybride rechargeable essence;;Sousse;10cv;;2026-07-22;2026-07-25;;https://www.automobile.tn/fr/occasion/peugeot/3008/128533;16.0;Alarme anti-intrusion | Affichage tête haute | Apple Carplay | Navigation | Palettes au volant | Sièges chauffants | Sièges massants | Sièges électriques | Caméra de recul | Caméras 360 | Coffre électrique | Toit ouvrant | Toit panoramique | Accès sans clé | Conduite semi-autonome | Suspension pneumatique;
automobile.tn;Audi Q7 S-Line 7 places 3.6 FSi V6 24V Quattro Tiptronic6 280 cv Boîte auto;Audi;Q7;2009.0;43000.0;170000.0;Essence;;Tunis;24cv;;2026-07-22;2026-07-25;;https://www.automobile.tn/fr/occasion/audi/q7/128532;11.0;Affichage tête haute | Navigation | Palettes au volant | Sièges chauffants | Sièges massants | Sièges électriques | Caméra de recul | Coffre électrique | Toit ouvrant | Conduite semi-autonome | Suspension pneumatique;
automobile.tn;Peugeot 207 cc 1.6 e 16V 120cv;Peugeot;207 cc;2009.0;17700.0;148000.0;Essence;;Sousse;7cv;;2026-07-22;2026-07-25;;https://www.automobile.tn/fr/occasion/peugeot/207-cc/128531;3.0;Palettes au volant | Toit ouvrant | Suspension pneumatique;
automobile.tn;Fiat 500 C;Fiat;500 C;2012.0;31500.0;130000.0;Essence;;Tunis;4cv;;2026-07-22;2026-07-25;;https://www.automobile.tn/fr/occasion/fiat/500-c/128527;1.0;Toit ouvrant;
automobile.tn;KIA Rio 5p 1.2 i-CVVT 16V 85 cv;Kia;Rio 5p;2016.0;41000.0;174000.0;Essence;;Ariana;5cv;;2026-07-22;2026-07-25;;https://www.automobile.tn/fr/occasion/kia/rio-5p/128525;1.0;Alarme anti-intrusion;
automobile.tn;Soueast DX3;Soueast;DX3;2022.0;69000.0;41000.0;Essence;;Nabeul;6cv;;2026-07-22;2026-07-25;;https://www.automobile.tn/fr/occasion/soueast/dx3/128523;5.0;Android Auto | Apple Carplay | Caméra de recul | Toit ouvrant | Toit panoramique;
automobile.tn;Skoda Octavia Ambition 1.4 TSI 16V DSG7 150 cv Boîte auto;Skoda;Octavia;2017.0;40000.0;220000.0;Essence;;Tunis;8cv;;2026-07-22;2026-07-25;;https://www.automobile.tn/fr/occasion/skoda/octavia/128522;1.0;Alarme anti-intrusion;
automobile.tn;Ford Ka Titanium 1.2 i 69 cv;Ford;Ka;2014.0;26000.0;101000.0;Essence;;Tunis;4cv;;2026-07-22;2026-07-25;;https://www.automobile.tn/fr/occasion/ford/ka/128521;0.0;;
automobile.tn;Volkswagen Golf 6 Trend 1.4 i 16V 80 cv;Volkswagen;Golf 6;2012.0;40000.0;270000.0;Essence;;Nabeul;5cv;;2026-07-22;2026-07-25;;https://www.automobile.tn/fr/occasion/volkswagen/golf-6/128519;3.0;Affichage tête haute | Navigation | Suspension pneumatique;
automobile.tn;Mercedes-Benz GLE Coupé 400 e 2.0 Ti 16V 381 EQ Power 4MATIC 9G-TRONIC 252 cv Boîte auto;Mercedes-Benz;GLE Coupé;2023.0;285000.0;28915.0;Hybride rechargeable essence;;Sfax;12cv;;2026-07-16;2026-07-25;;https://www.automobile.tn/fr/occasion/mercedes-benz/gle-coupe/128382;19.0;Alarme anti-intrusion | Affichage tête haute | Android Auto | Apple Carplay | Instrumentation numérique | Navigation | Palettes au volant | Sièges chauffants | Sièges massants | Sièges ventilés | Sièges électriques | Caméra de recul | Caméras 360 | Coffre électrique | Toit ouvrant | Toit panoramique | Accès sans clé | Conduite semi-autonome | Suspension pneumatique;
automobile.tn;Toyota RAV 4 Hybride 2.5 VVT-iE 16V 218 Hybrid 2WD E-CVT 177 cv Boîte auto;Toyota;RAV 4;2022.0;147000.0;41000.0;Hybride essence;;Tunis;9cv;;2026-07-24;2026-07-25;;https://www.automobile.tn/fr/occasion/toyota/rav-4/128603;7.0;Android Auto | Apple Carplay | Sièges chauffants | Caméra de recul | Toit ouvrant | Toit panoramique | Accès sans clé;
automobile.tn;Mercedes-Benz Classe C Exclusive 180 CGI 1.6 16V 7G-TRONIC+ 156 cv Boîte auto;Mercedes-Benz;Classe C;2016.0;78000.0;395000.0;Essence;;Sfax;9cv;;2026-07-22;2026-07-25;;https://www.automobile.tn/fr/occasion/mercedes-benz/classe-c/128530;3.0;Alarme anti-intrusion | Sièges électriques | Caméra de recul;
automobile.tn;KIA Picanto Populaire 1.0 DPI 12V ISG 67 cv;Kia;Picanto;2022.0;37000.0;40000.0;Essence;;Ben Arous;4cv;;2026-07-22;2026-07-25;;https://www.automobile.tn/fr/occasion/kia/picanto/128524;1.0;Alarme anti-intrusion;
automobile.tn;BMW Série 3 Confort Luxury Line 316i 1.6 16V 136 cv Boîte auto;Bmw;Série 3;2013.0;55000.0;162000.0;Essence;;Ariana;7cv;;2026-07-25;2026-07-25;;https://www.automobile.tn/fr/occasion/bmw/serie-3/128617;0.0;;
automobile.tn;Toyota RAV 4;Toyota;RAV 4;2024.0;151000.0;32000.0;Hybride essence;;La Manouba;9cv;;2026-07-25;2026-07-25;;https://www.automobile.tn/fr/occasion/toyota/rav-4/128616;12.0;Affichage tête haute | Android Auto | Apple Carplay | Instrumentation numérique | Sièges chauffants | Sièges électriques | Caméra de recul | Coffre électrique | Toit ouvrant | Toit panoramique | Accès sans clé | Suspension pneumatique;
automobile.tn;Ford Focus;Ford;Focus;2011.0;26000.0;199000.0;Essence;;Ariana;6cv;;2026-07-25;2026-07-25;;https://www.automobile.tn/fr/occasion/ford/focus/128615;0.0;;
automobile.tn;KIA Sorento 5 1.6 T-GDi 16V GPF 230 Hybrid AWD BVA6 (5pl) 180 cv Boîte auto;Kia;Sorento;2023.0;185000.0;95500.0;Hybride essence;;Tunis;13cv;;2026-07-25;2026-07-25;;https://www.automobile.tn/fr/occasion/kia/sorento/128614;19.0;Alarme anti-intrusion | Affichage tête haute | Android Auto | Apple Carplay | Instrumentation numérique | Navigation | Palettes au volant | Sièges chauffants | Sièges massants | Sièges ventilés | Sièges électriques | Caméra de recul | Caméras 360 | Coffre électrique | Toit ouvrant | Toit panoramique | Accès sans clé | Conduite semi-autonome | Suspension pneumatique;
automobile.tn;Seat Ibiza Populaire 1.0 i 12V 75 cv;Seat;Ibiza;2019.0;46000.0;90000.0;Essence;;Sfax;4cv;;2026-07-25;2026-07-25;;https://www.automobile.tn/fr/occasion/seat/ibiza/128613;0.0;;
automobile.tn;Opel Astra Edition 1.2 i 12V Turbo S&S 110 cv;Opel;Astra;2022.0;45000.0;60000.0;Essence;;Tunis;6cv;;2026-07-25;2026-07-25;;https://www.automobile.tn/fr/occasion/opel/astra/128611;0.0;;
automobile.tn;Hyundai i20 High Grade 1.0 T-GDI 12V GPF DCT7 100 cv Boîte auto;Hyundai;i20;2022.0;65000.0;61000.0;Essence;;Tunis;5cv;;2026-07-25;2026-07-25;;https://www.automobile.tn/fr/occasion/hyundai/i20/128610;6.0;Alarme anti-intrusion | Android Auto | Apple Carplay | Instrumentation numérique | Caméra de recul | Accès sans clé;
automobile.tn;Seat Ateca Xperience 1.4 L TSI 150 cv Boîte auto;Seat;Ateca;2023.0;100000.0;35000.0;Essence;;Ariana;8cv;;2026-07-26;2026-07-26;;https://www.automobile.tn/fr/occasion/seat/ateca/128647;12.0;Android Auto | Apple Carplay | Navigation | Palettes au volant | Sièges chauffants | Sièges électriques | Caméra de recul | Caméras 360 | Coffre électrique | Toit ouvrant | Toit panoramique | Accès sans clé;
automobile.tn;Skoda Kamiq Active 1.6 SRE 16V DSG6 110 cv Boîte auto;Skoda;Kamiq;2021.0;61000.0;150000.0;Essence;;Ben Arous;6cv;;2026-07-26;2026-07-26;;https://www.automobile.tn/fr/occasion/skoda/kamiq/128646;0.0;;
automobile.tn;Audi A6 Prestige Plus 2.0 TFSi 16V Tiptronic 211 cv Boîte auto;Audi;A6;2014.0;67000.0;140000.0;Essence;;Sousse;10cv;;2026-07-26;2026-07-26;;https://www.automobile.tn/fr/occasion/audi/a6/128645;16.0;Alarme anti-intrusion | Affichage tête haute | Android Auto | Apple Carplay | Instrumentation numérique | Navigation | Palettes au volant | Sièges chauffants | Sièges massants | Sièges ventilés | Sièges électriques | Caméra de recul | Caméras 360 | Coffre électrique | Accès sans clé | Conduite semi-autonome;
automobile.tn;Honda City LX Sport 1.5 L CVT 120 cv Boîte auto;Honda;City;2024.0;64500.0;19500.0;Essence;;Kasserine;6cv;;2026-07-26;2026-07-26;;https://www.automobile.tn/fr/occasion/honda/city/128644;6.0;Alarme anti-intrusion | Android Auto | Apple Carplay | Palettes au volant | Caméra de recul | Accès sans clé;
automobile.tn;Toyota Aygo Populaire 1.0 VVTi 12V 72 cv;Toyota;Aygo;2019.0;38000.0;84000.0;Essence;;Ariana;4cv;;2026-07-26;2026-07-26;;https://www.automobile.tn/fr/occasion/toyota/aygo/128643;0.0;;
automobile.tn;Mercedes-Benz Classe E Avantgarde 200 CDi 2.1 CDI 16V DPF BlueEFFICIENCY 7G-TRONIC 136 cv Boîte auto;Mercedes-Benz;Classe E;2012.0;62500.0;183000.0;Diesel;;La Manouba;8cv;;2026-07-26;2026-07-26;;https://www.automobile.tn/fr/occasion/mercedes-benz/classe-e/128642;4.0;Navigation | Palettes au volant | Sièges électriques | Toit ouvrant;
automobile.tn;Suzuki S-Presso GL 1.0 L 68 cv;Suzuki;S-Presso;2020.0;29500.0;67000.0;Essence;;Tunis;4cv;;2026-07-26;2026-07-26;;https://www.automobile.tn/fr/occasion/suzuki/s-presso/128641;0.0;;
automobile.tn;Peugeot Expert;Peugeot;Expert;2020.0;49000.0;198000.0;Diesel;;Tunis;9cv;;2026-07-26;2026-07-26;;https://www.automobile.tn/fr/occasion/peugeot/expert/128632;0.0;;
automobile.tn;Volkswagen Polo Trendline 1.6 i 16V 105cv;Volkswagen;Polo;2008.0;25000.0;148000.0;Essence;;Ariana;4cv;;2026-07-26;2026-07-26;;https://www.automobile.tn/fr/occasion/volkswagen/polo/128640;0.0;;
automobile.tn;MG 5 Luxe;Mg;5;2020.0;53000.0;69399.0;Essence;;Tunis;6cv;;2026-07-25;2026-07-26;;https://www.automobile.tn/fr/occasion/mg/5/128639;3.0;Apple Carplay | Caméra de recul | Accès sans clé;
automobile.tn;KIA Picanto Populaire 1.0 DPI 12V ISG 67 cv;Kia;Picanto;2023.0;43500.0;23000.0;Essence;;Ariana;4cv;;2026-07-25;2026-07-26;;https://www.automobile.tn/fr/occasion/kia/picanto/128638;1.0;Alarme anti-intrusion;
automobile.tn;Hyundai Tucson High Grade;Hyundai;Tucson;2020.0;1234.0;127000.0;Diesel;;Médenine;7cv;;2026-07-25;2026-07-26;;https://www.automobile.tn/fr/occasion/hyundai/tucson/128637;12.0;Alarme anti-intrusion | Affichage tête haute | Navigation | Palettes au volant | Sièges chauffants | Sièges ventilés | Sièges électriques | Coffre électrique | Toit ouvrant | Toit panoramique | Conduite semi-autonome | Suspension pneumatique;
automobile.tn;KIA Stonic SX 1.0 T-GDi 12V GPF ISG 100 cv;Kia;Stonic;2022.0;64000.0;130000.0;Essence;;Tunis;6cv;;2026-07-25;2026-07-26;;https://www.automobile.tn/fr/occasion/kia/stonic/128636;4.0;Android Auto | Apple Carplay | Navigation | Caméra de recul;
automobile.tn;Ford Ranger Double Cabine XLT;Ford;Ranger;2021.0;120000.0;85000.0;Diesel;;Tunis;7cv;;2026-07-26;2026-07-26;;https://www.automobile.tn/fr/occasion/ford/ranger/128635;6.0;Alarme anti-intrusion | Android Auto | Apple Carplay | Navigation | Caméra de recul | Accès sans clé;
automobile.tn;Toyota C-HR Cool 1.2 T 16V 2WD CVT 116 cv Boîte auto;Toyota;C-HR;2017.0;61000.0;180000.0;Essence;;Tunis;6cv;;2026-07-25;2026-07-26;;https://www.automobile.tn/fr/occasion/toyota/c-hr/128634;0.0;;
automobile.tn;Hyundai Tucson;Hyundai;Tucson;2022.0;117000.0;117213.0;Hybride rechargeable essence;;Bizerte;10cv;;2026-07-25;2026-07-26;;https://www.automobile.tn/fr/occasion/hyundai/tucson/128633;15.0;Alarme anti-intrusion | Android Auto | Apple Carplay | Navigation | Palettes au volant | Sièges chauffants | Sièges ventilés | Sièges électriques | Caméra de recul | Caméras 360 | Coffre électrique | Toit ouvrant | Toit panoramique | Accès sans clé | Suspension pneumatique;
automobile.tn;Skoda Kushaq Ambition 1.0 TSI 116 cv boite auto;Skoda;Kushaq;2025.0;80000.0;19000.0;Essence;;Ariana;7cv;;2026-07-25;2026-07-26;;https://www.automobile.tn/fr/occasion/skoda/kushaq/128631;4.0;Android Auto | Apple Carplay | Palettes au volant | Caméra de recul;
automobile.tn;Porsche Cayenne;Porsche;Cayenne;2009.0;58000.0;187000.0;Essence;;Ben Arous;21cv;;2026-07-25;2026-07-26;;https://www.automobile.tn/fr/occasion/porsche/cayenne/128630;0.0;;
automobile.tn;Hyundai Grand i10 GLS HG 1.2 87cv;Hyundai;Grand i10;2014.0;29000.0;185000.0;Essence;;Tunis;5cv;;2026-07-25;2026-07-26;;https://www.automobile.tn/fr/occasion/hyundai/grand-i10/128629;2.0;Alarme anti-intrusion | Accès sans clé;
automobile.tn;Mini Cooper 3 portes Pack Chili;Mini;Cooper 3 portes;2013.0;28500.0;215000.0;Essence;;Tunis;6cv;;2026-07-25;2026-07-26;;https://www.automobile.tn/fr/occasion/mini/3-portes/128628;4.0;Affichage tête haute | Navigation | Conduite semi-autonome | Suspension pneumatique;
automobile.tn;Hyundai Tucson High Grade 1.6 l T-GDI 7-DCT 2WD 180 cv Boîte auto;Hyundai;Tucson;2021.0;95000.0;113000.0;Essence;;Tunis;7cv;;2026-07-25;2026-07-26;;https://www.automobile.tn/fr/occasion/hyundai/tucson/128627;7.0;Alarme anti-intrusion | Android Auto | Apple Carplay | Caméra de recul | Toit ouvrant | Toit panoramique | Accès sans clé;
automobile.tn;Volkswagen Golf 8 R-Line 1.5 TGI CNG 16V DSG7 131 cv Boîte auto;Volkswagen;Golf 8;2023.0;108000.0;30000.0;Essence;;Sfax;5cv;;2026-07-25;2026-07-26;;https://www.automobile.tn/fr/occasion/volkswagen/golf-8/128625;3.0;Apple Carplay | Caméra de recul | Toit ouvrant;
automobile.tn;Toyota Land Cruiser 300 GXR 3.3 L V6 Bi-Turbo Diesel 4WD 306 cv Boîte auto;Toyota;Land Cruiser 300;2025.0;589000.0;0.0;Diesel;;Kébili;21cv;;2026-07-25;2026-07-26;;https://www.automobile.tn/fr/occasion/toyota/land-cruiser-300/128624;0.0;;
automobile.tn;Toyota Prado Adventure 3.0 D-4D DPF Break 16V 190 cv (KDJ);Toyota;Prado;2009.0;95000.0;400000.0;Diesel;;Ben Arous;12cv;;2026-07-25;2026-07-26;;https://www.automobile.tn/fr/occasion/toyota/prado/128623;0.0;;
automobile.tn;Citroën C-Elysée Feel 1.2 VTi 12V 82 cv;Citroën;C-Elysée;2018.0;32000.0;63808.0;Essence;;Sfax;5cv;;2026-07-25;2026-07-26;;https://www.automobile.tn/fr/occasion/citroen/c-elysee/128622;0.0;;
automobile.tn;Volkswagen Polo Populaire 1.0 i 45cv;Volkswagen;Polo;1999.0;16000.0;300000.0;Essence;;Sfax;4cv;;2026-07-25;2026-07-26;;https://www.automobile.tn/fr/occasion/volkswagen/polo/128621;0.0;;
automobile.tn;Volkswagen Tiguan Sport & Style 1.4 TSI 16V BlueMotion 4Motion DSG6 150 cv Boîte auto;Volkswagen;Tiguan;2015.0;62000.0;76000.0;Essence;;Ben Arous;9cv;;2026-07-25;2026-07-26;;https://www.automobile.tn/fr/occasion/volkswagen/tiguan/128620;2.0;Alarme anti-intrusion | Caméra de recul;
automobile.tn;Fiat Doblo Combi;Fiat;Doblo Combi;2023.0;45000.0;67000.0;Essence;;Nabeul;4cv;;2026-07-25;2026-07-26;;https://www.automobile.tn/fr/occasion/fiat/doblo-combi/128619;0.0;;
automobile.tn;Mitsubishi Space Star 1.2 i 12V AS&G 80 cv;Mitsubishi;Space Star;2021.0;40500.0;78950.0;Essence;;Sousse;4cv;;2026-07-25;2026-07-26;;https://www.automobile.tn/fr/occasion/mitsubishi/space-star/128618;2.0;Android Auto | Apple Carplay;
automobile.tn;Mahindra KUV 100 K8 1.2 82cv;Mahindra;KUV 100;2023.0;36000.0;48000.0;Essence;;Ariana;5cv;;2026-07-26;2026-07-26;;https://www.automobile.tn/fr/occasion/mahindra/kuv-100/128651;5.0;Alarme anti-intrusion | Navigation | Caméra de recul | Coffre électrique | Accès sans clé;
automobile.tn;Cupra Formentor 2.0 TSI 16V 4Drive DSG7 190 cv Boîte auto;Cupra;Formentor;2022.0;124000.0;29000.0;Essence;;Monastir;11cv;;2026-07-26;2026-07-26;;https://www.automobile.tn/fr/occasion/cupra/formentor/128650;10.0;Android Auto | Apple Carplay | Navigation | Sièges chauffants | Sièges ventilés | Caméra de recul | Toit ouvrant | Toit panoramique | Accès sans clé | Suspension pneumatique;
automobile.tn;Seat Leon Design 1.2 TSI 16V 110 cv;Seat;Leon;2018.0;55000.0;146000.0;Essence;;Tunis;6cv;;2026-07-26;2026-07-26;;https://www.automobile.tn/fr/occasion/seat/leon/128649;4.0;Alarme anti-intrusion | Toit ouvrant | Toit panoramique | Conduite semi-autonome;
automobile.tn;BMW Série 1 116i 1.6 i 16V 136 cv;Bmw;Série 1;2013.0;47000.0;195000.0;Essence;;Ariana;7cv;;2026-07-26;2026-07-26;;https://www.automobile.tn/fr/occasion/bmw/serie-1-5p/128648;0.0;;
automobile.tn;GWM Haval Jolion 1.5 T 143 cv Boîte auto;Gwm;Haval Jolion;2023.0;74450.0;110000.0;Essence;;Ben Arous;9cv;;2026-07-26;2026-07-26;;https://www.automobile.tn/fr/occasion/great-wall/jolion/128653;14.0;Alarme anti-intrusion | Android Auto | Apple Carplay | Instrumentation numérique | Navigation | Palettes au volant | Sièges chauffants | Sièges électriques | Caméra de recul | Caméras 360 | Toit ouvrant | Toit panoramique | Accès sans clé | Conduite semi-autonome;
automobile.tn;Fiat 500 Pop 1.2 MPi 8V 69 cv;Fiat;500;2018.0;37500.0;78927.0;Essence;;Tunis;4cv;;2026-07-26;2026-07-27;;https://www.automobile.tn/fr/occasion/fiat/500/128662;1.0;Affichage tête haute;
automobile.tn;Volkswagen Passat Design 1.4 TSI 16V 125 cv;Volkswagen;Passat;2017.0;62000.0;152000.0;Essence;;Tunis;7cv;;2026-07-26;2026-07-27;;https://www.automobile.tn/fr/occasion/volkswagen/passat/128660;0.0;;
automobile.tn;Audi Q2 Sport 30 1.0 TSI 12V S-Tronic 116 cv Boîte auto;Audi;Q2;2019.0;75000.0;100000.0;Essence;;Sousse;6cv;;2026-07-26;2026-07-27;;https://www.automobile.tn/fr/occasion/audi/q2/128659;8.0;Affichage tête haute | Android Auto | Sièges électriques | Caméra de recul | Caméras 360 | Toit ouvrant | Toit panoramique | Accès sans clé;
automobile.tn;Peugeot 308 Active 1.2 e-THP Puretech 12V 110 cv;Peugeot;308;2014.0;37000.0;59000.0;Essence;;Tunis;4cv;;2026-07-26;2026-07-27;;https://www.automobile.tn/fr/occasion/peugeot/308/128658;2.0;Alarme anti-intrusion | Suspension pneumatique;
automobile.tn;Citroën C3 Shine 1.2 VTi PureTech 12V 82 cv;Citroën;C3;2017.0;33500.0;133000.0;Essence;;Ariana;4cv;;2026-07-26;2026-07-27;;https://www.automobile.tn/fr/occasion/citroen/c3/128657;2.0;Caméra de recul | Toit panoramique;
automobile.tn;Mercedes-Benz AMG GT AMG 43 3.0 Ti 24V EQ Boost 4MATIC 367 cv Boîte auto;Mercedes-Benz;AMG GT;2020.0;430000.0;45000.0;Hybride léger essence;;Tunis;26cv;;2026-07-26;2026-07-27;;https://www.automobile.tn/fr/occasion/mercedes-benz/amg-gt/128656;0.0;;
automobile.tn;Land Rover Range Rover Sport Autobiography 3.0 TDV6 24V DPF 256 cv Boîte auto;Land Rover;Range Rover Sport;2013.0;96500.0;180000.0;Diesel;;Sousse;16cv;;2026-07-26;2026-07-27;;https://www.automobile.tn/fr/occasion/land-rover/range-rover-sport/128655;19.0;Alarme anti-intrusion | Affichage tête haute | Android Auto | Apple Carplay | Instrumentation numérique | Navigation | Palettes au volant | Sièges chauffants | Sièges massants | Sièges ventilés | Sièges électriques | Caméra de recul | Caméras 360 | Coffre électrique | Toit ouvrant | Toit panoramique | Accès sans clé | Conduite semi-autonome | Suspension pneumatique;
automobile.tn;Peugeot Partner 1.6 L HDi 75 cv;Peugeot;Partner;2016.0;38000.0;279000.0;Diesel;;Sidi Bouzid;5cv;;2026-07-26;2026-07-27;;https://www.automobile.tn/fr/occasion/peugeot/partner/128654;1.0;Caméra de recul;
automobile.tn;Mercedes-Benz CLA Kit 45 amg 180 d 1.5 d 8V 7G-DCT 116 cv Boîte auto;Mercedes-Benz;CLA;2020.0;115000.0;118000.0;Diesel;;Sousse;6cv;;2026-07-26;2026-07-27;;https://www.automobile.tn/fr/occasion/mercedes-benz/cla/128652;13.0;Alarme anti-intrusion | Affichage tête haute | Apple Carplay | Navigation | Palettes au volant | Sièges chauffants | Caméra de recul | Coffre électrique | Toit ouvrant | Toit panoramique | Accès sans clé | Conduite semi-autonome | Suspension pneumatique;
automobile.tn;Audi A5 Sportback S;Audi;A5 Sportback;2026.0;199000.0;3000.0;Hybride léger essence;;Tunis;12cv;;2026-07-25;2026-07-27;;https://www.automobile.tn/fr/occasion/audi/a5-sportback/128606;17.0;Alarme anti-intrusion | Affichage tête haute | Android Auto | Apple Carplay | Instrumentation numérique | Navigation | Palettes au volant | Sièges chauffants | Sièges massants | Sièges ventilés | Sièges électriques | Caméra de recul | Caméras 360 | Coffre électrique | Accès sans clé | Conduite semi-autonome | Suspension pneumatique;
automobile.tn;BMW Série 1 Business Line 116i 1.5 i 12V DCT7 109 cv Boîte auto;Bmw;Série 1;2021.0;83000.0;51000.0;Essence;;Sousse;6cv;;2026-07-26;2026-07-27;;https://www.automobile.tn/fr/occasion/bmw/serie-1-5p/128663;9.0;Alarme anti-intrusion | Android Auto | Apple Carplay | Instrumentation numérique | Navigation | Caméra de recul | Caméras 360 | Coffre électrique | Suspension pneumatique;
automobile.tn;Peugeot 2008 Allure Toit Cielo 1.2 THP Puretech 12V EAT6 S&S 110 cv Boîte auto;Peugeot;2008;2018.0;60000.0;145000.0;Essence;;Ariana;6cv;;2026-07-26;2026-07-27;;https://www.automobile.tn/fr/occasion/peugeot/2008/128661;2.0;Caméra de recul | Toit panoramique;
automobile.tn;Fiat Panda Easy 1.2 69 cv;Fiat;Panda;2018.0;31800.0;126000.0;Essence;;Bizerte;4cv;;2026-07-27;2026-07-28;;https://www.automobile.tn/fr/occasion/fiat/panda/128689;0.0;;
automobile.tn;Hyundai ix35 Toit Panoramique 2.0 CRDi 16V DPF 4WD 184 cv;Hyundai;ix35;2015.0;65000.0;140000.0;Diesel;;Ariana;6cv;;2026-07-27;2026-07-28;;https://www.automobile.tn/fr/occasion/hyundai/ix35/128688;18.0;Alarme anti-intrusion | Affichage tête haute | Android Auto | Apple Carplay | Instrumentation numérique | Palettes au volant | Sièges chauffants | Sièges massants | Sièges ventilés | Sièges électriques | Caméra de recul | Caméras 360 | Coffre électrique | Toit ouvrant | Toit panoramique | Accès sans clé | Conduite semi-autonome | Suspension pneumatique;
automobile.tn;Suzuki Jimny 3 portes GL 1.3 i 16V 4WD 80 cv;Suzuki;Jimny 3 portes;1999.0;36000.0;406000.0;Essence;;Tunis;6cv;;2026-07-27;2026-07-28;;https://www.automobile.tn/fr/occasion/suzuki/jimny/128687;2.0;Android Auto | Caméra de recul;
automobile.tn;Volkswagen Tiguan Confortline 1.4 TSI 16V DSG6 150 cv Boîte auto;Volkswagen;Tiguan;2018.0;82000.0;106000.0;Essence;;Tunis;8cv;;2026-07-27;2026-07-28;;https://www.automobile.tn/fr/occasion/volkswagen/tiguan/128686;4.0;Android Auto | Apple Carplay | Caméra de recul | Accès sans clé;
automobile.tn;BMW Série 3 Pack M Sport 316i 1.6 16V 136 cv Boîte auto;Bmw;Série 3;2014.0;57000.0;150000.0;Essence;;Nabeul;6cv;;2026-07-27;2026-07-28;;https://www.automobile.tn/fr/occasion/bmw/serie-3/128685;7.0;Alarme anti-intrusion | Navigation | Palettes au volant | Toit ouvrant | Accès sans clé | Conduite semi-autonome | Suspension pneumatique;
automobile.tn;BMW X5 e53 3.0D XDrive 2005 3.0 d 24V 211 cv Boîte auto;Bmw;X5;2004.0;41000.0;450000.0;Diesel;;Nabeul;13cv;;2026-07-27;2026-07-28;;https://www.automobile.tn/fr/occasion/bmw/x5/128684;5.0;Alarme anti-intrusion | Affichage tête haute | Sièges chauffants | Sièges électriques | Toit ouvrant;
automobile.tn;Volkswagen Tiguan R-Line 1.4 TSi 16V 245 e-Hybrid BMT DSG6 150 cv Boîte auto;Volkswagen;Tiguan;2023.0;117000.0;65000.0;Hybride rechargeable essence;;Nabeul;8cv;;2026-07-27;2026-07-28;;https://www.automobile.tn/fr/occasion/volkswagen/tiguan/128683;19.0;Alarme anti-intrusion | Affichage tête haute | Android Auto | Apple Carplay | Instrumentation numérique | Navigation | Palettes au volant | Sièges chauffants | Sièges massants | Sièges ventilés | Sièges électriques | Caméra de recul | Caméras 360 | Coffre électrique | Toit ouvrant | Toit panoramique | Accès sans clé | Conduite semi-autonome | Suspension pneumatique;
automobile.tn;Audi Q3 Advanced Plus 35 TFSI S-tronic 150 cv Boîte auto;Audi;Q3;2021.0;88000.0;160000.0;Essence;;Tunis;9cv;;2026-07-27;2026-07-28;;https://www.automobile.tn/fr/occasion/audi/q3/128682;6.0;Alarme anti-intrusion | Caméra de recul | Coffre électrique | Toit ouvrant | Toit panoramique | Accès sans clé;
automobile.tn;Audi A3 Berline Ambition 1.2 TSI 16V S-Tronic7 S&S 110 cv Boîte auto;Audi;A3 Berline;2015.0;54000.0;220000.0;Essence;;La Manouba;5cv;;2026-07-27;2026-07-28;;https://www.automobile.tn/fr/occasion/audi/a3-berline/128681;3.0;Alarme anti-intrusion | Toit ouvrant | Toit panoramique;
automobile.tn;Volkswagen Golf 6 R-Line 1.6 TDI 16V FAP Blue Motion 105 cv;Volkswagen;Golf 6;2011.0;45000.0;285000.0;Diesel;;Sfax;5cv;;2026-07-27;2026-07-28;;https://www.automobile.tn/fr/occasion/volkswagen/golf-6/128679;3.0;Affichage tête haute | Coffre électrique | Toit ouvrant;
automobile.tn;Seat Ateca FR 1.4 L TSI 150 cv Boîte auto;Seat;Ateca;2024.0;124000.0;37000.0;Essence;;Sfax;8cv;;2026-07-27;2026-07-28;;https://www.automobile.tn/fr/occasion/seat/ateca/128678;14.0;Affichage tête haute | Android Auto | Apple Carplay | Instrumentation numérique | Navigation | Palettes au volant | Sièges chauffants | Sièges électriques | Caméra de recul | Caméras 360 | Coffre électrique | Toit ouvrant | Toit panoramique | Accès sans clé;
automobile.tn;Alfa Romeo Giulietta 1.4 T-Jet 16V S&S 120 cv;Alfa Romeo;Giulietta;2020.0;59000.0;80000.0;Essence;;Ariana;7cv;;2026-07-27;2026-07-28;;https://www.automobile.tn/fr/occasion/alfa-romeo/giulietta/128677;0.0;;
automobile.tn;Volkswagen Passat Confort 1.8 TSI 16V 160 cv;Volkswagen;Passat;2012.0;39000.0;200000.0;Essence;;Ben Arous;9cv;;2026-07-27;2026-07-28;;https://www.automobile.tn/fr/occasion/volkswagen/passat/128676;2.0;Sièges chauffants | Sièges électriques;
automobile.tn;Toyota Land Cruiser 300 GXR 3.3 L V6 Bi-Turbo Diesel 4WD 306 cv Boîte auto;Toyota;Land Cruiser 300;2025.0;589000.0;0.0;Diesel;;Kébili;21cv;;2026-07-27;2026-07-28;;https://www.automobile.tn/fr/occasion/toyota/land-cruiser-300/128675;0.0;;
automobile.tn;Citroën Saxo Argent 1.1 i 60cv;Citroën;Saxo;2002.0;13000.0;240000.0;Essence;;Zaghouan;4cv;;2026-07-27;2026-07-28;;https://www.automobile.tn/fr/occasion/citroen/saxo/128674;0.0;;
automobile.tn;BMW X1 xLine 18i sDrive 1.5 i 12V Steptronic 136 cv Boîte auto;Bmw;X1;2018.0;75000.0;130000.0;Essence;;Ben Arous;7cv;;2026-07-27;2026-07-28;;https://www.automobile.tn/fr/occasion/bmw/x1/128673;4.0;Caméra de recul | Coffre électrique | Toit ouvrant | Toit panoramique;
automobile.tn;BMW X3 30d xDrive 3.0 d 24V Steptronic8 249 cv Boîte auto;Bmw;X3;2018.0;105000.0;171000.0;Diesel;;Tunis;16cv;;2026-07-27;2026-07-28;;https://www.automobile.tn/fr/occasion/bmw/x3/128672;0.0;;
automobile.tn;KIA Rio 5p GT-Line 1.2 i-CVVT 16V ISG 84 cv;Kia;Rio 5p;2023.0;64000.0;25000.0;Essence;;Monastir;5cv;;2026-07-27;2026-07-28;;https://www.automobile.tn/fr/occasion/kia/rio-5p/128670;5.0;Alarme anti-intrusion | Android Auto | Apple Carplay | Caméra de recul | Accès sans clé;
automobile.tn;Jeep Renegade Longitude 1.6 e.Torq 16V 2WD S&S 110 cv;Jeep;Renegade;2016.0;45500.0;140000.0;Essence;;Tunis;6cv;;2026-07-27;2026-07-28;;https://www.automobile.tn/fr/occasion/jeep/renegade/128669;0.0;;
automobile.tn;Volkswagen Golf 8 Style 1.4 eHybrid OPF 204ch DSG6 Boite Auto;Volkswagen;Golf 8;2022.0;94000.0;48000.0;Hybride rechargeable essence;;Sfax;8cv;;2026-07-27;2026-07-28;;https://www.automobile.tn/fr/occasion/volkswagen/golf-8/128668;18.0;Alarme anti-intrusion | Affichage tête haute | Android Auto | Apple Carplay | Instrumentation numérique | Navigation | Palettes au volant | Sièges chauffants | Sièges massants | Sièges ventilés | Sièges électriques | Caméra de recul | Caméras 360 | Coffre électrique | Toit ouvrant | Toit panoramique | Accès sans clé | Conduite semi-autonome;
automobile.tn;Volkswagen Golf 8 UNITED 1.5 TSi 16V BMT 150 cv;Volkswagen;Golf 8;2021.0;84000.0;161000.0;Essence;;Ben Arous;7cv;;2026-07-27;2026-07-28;;https://www.automobile.tn/fr/occasion/volkswagen/golf-8/128667;2.0;Toit ouvrant | Toit panoramique;
automobile.tn;KIA Rio 5p SX 1.2 i-CVVT 16V ISG 84 cv;Kia;Rio 5p;2021.0;54500.0;48000.0;Essence;;Tunis;5cv;;2026-07-27;2026-07-28;;https://www.automobile.tn/fr/occasion/kia/rio-5p/128666;4.0;Android Auto | Apple Carplay | Caméra de recul | Accès sans clé;
automobile.tn;Dacia Sandero Stepway 1.0 L 100 cv;Dacia;Sandero Stepway;2025.0;53000.0;32000.0;Essence;;Ben Arous;6cv;;2026-07-27;2026-07-28;;https://www.automobile.tn/fr/occasion/dacia/sandero-stepway/128665;2.0;Alarme anti-intrusion | Android Auto;
automobile.tn;GWM Haval H6 1.5 T 150cv boite auto;Gwm;Haval H6;2023.0;99570.0;33500.0;Essence;;Ben Arous;8cv;;2026-07-27;2026-07-28;;https://www.automobile.tn/fr/occasion/great-wall/h6/128664;14.0;Alarme anti-intrusion | Affichage tête haute | Android Auto | Apple Carplay | Instrumentation numérique | Palettes au volant | Sièges ventilés | Sièges électriques | Caméras 360 | Coffre électrique | Toit ouvrant | Toit panoramique | Accès sans clé | Conduite semi-autonome;
automobile.tn;Seat Ibiza Copa;Seat;Ibiza;2011.0;32000.0;165000.0;Essence;;Sfax;4cv;;2026-07-27;2026-07-28;;https://www.automobile.tn/fr/occasion/seat/ibiza/128690;0.0;;
automobile.tn;Skoda Octavia Essence;Skoda;Octavia;2025.0;115000.0;12500.0;Essence;;Tunis;8cv;;2026-07-27;2026-07-28;;https://www.automobile.tn/fr/occasion/skoda/octavia/128680;5.0;Android Auto | Apple Carplay | Instrumentation numérique | Palettes au volant | Accès sans clé;
automobile.tn;Volkswagen Golf 6 Trend GTI 2.0 TFSI 16V 235 cv;Volkswagen;Golf 6;2012.0;55000.0;145000.0;Essence;;Tunis;12cv;;2026-07-27;2026-07-28;;https://www.automobile.tn/fr/occasion/volkswagen/golf-6/128671;1.0;Alarme anti-intrusion;
automobile.tn;Mercedes-Benz GLC Coupé AMG 400 e 2.0 i 16V 381 EQ Power 4MATIC 9G-TRONIC 252 cv Boîte auto;Mercedes-Benz;GLC Coupé;2025.0;300000.0;21000.0;Hybride rechargeable essence;;Tunis;11cv;;2026-07-29;2026-07-29;;https://www.automobile.tn/fr/occasion/mercedes-benz/glc-coupe/128718;14.0;Alarme anti-intrusion | Android Auto | Apple Carplay | Instrumentation numérique | Navigation | Palettes au volant | Sièges chauffants | Sièges électriques | Caméra de recul | Caméras 360 | Coffre électrique | Toit panoramique | Accès sans clé | Conduite semi-autonome;
automobile.tn;Renault Megane Dynamique 1.9 dCi 131 cv;Renault;Megane;2010.0;36000.0;199000.0;Diesel;;Monastir;7cv;;2026-07-29;2026-07-29;;https://www.automobile.tn/fr/occasion/renault/megane/128743;7.0;Sièges chauffants | Sièges électriques | Caméra de recul | Toit ouvrant | Toit panoramique | Conduite semi-autonome | Suspension pneumatique;
automobile.tn;Suzuki Celerio Populaire 1.0 L 68 cv;Suzuki;Celerio;2018.0;30500.0;116000.0;Essence;;Tunis;4cv;;2026-07-29;2026-07-29;;https://www.automobile.tn/fr/occasion/suzuki/celerio/128742;0.0;;
automobile.tn;KIA Picanto Populaire 1.0 DPI 12V ISG 67 cv;Kia;Picanto;2019.0;34000.0;150000.0;Essence;;Médenine;4cv;;2026-07-29;2026-07-29;;https://www.automobile.tn/fr/occasion/kia/picanto/128741;1.0;Alarme anti-intrusion;
automobile.tn;Seat Ateca Xperience 1.4 L TSI 150 cv Boîte auto;Seat;Ateca;2020.0;78000.0;117000.0;Essence;;Ben Arous;8cv;;2026-07-28;2026-07-29;;https://www.automobile.tn/fr/occasion/seat/ateca/128739;10.0;Android Auto | Apple Carplay | Navigation | Palettes au volant | Sièges chauffants | Caméras 360 | Coffre électrique | Toit ouvrant | Toit panoramique | Accès sans clé;
automobile.tn;Hyundai Grand i10 GLS 1.2 83cv;Hyundai;Grand i10;2023.0;44900.0;85000.0;Essence;;Ariana;5cv;;2026-07-28;2026-07-29;;https://www.automobile.tn/fr/occasion/hyundai/grand-i10/128738;1.0;Alarme anti-intrusion;
automobile.tn;KIA Picanto Populaire 1.0 DPI 12V ISG 67 cv;Kia;Picanto;2022.0;38500.0;97000.0;Essence;;Ariana;4cv;;2026-07-28;2026-07-29;;https://www.automobile.tn/fr/occasion/kia/picanto/128737;1.0;Alarme anti-intrusion;
automobile.tn;Volkswagen Golf 8 1.0 TSi 12V BMT 110 cv;Volkswagen;Golf 8;2021.0;77000.0;116000.0;Essence;;Le Kef;6cv;;2026-07-28;2026-07-29;;https://www.automobile.tn/fr/occasion/volkswagen/golf-8/128736;4.0;Android Auto | Apple Carplay | Sièges chauffants | Toit ouvrant;
automobile.tn;Mini Countryman;Mini;Countryman;2021.0;109000.0;57800.0;Hybride rechargeable essence;;Nabeul;6cv;;2026-07-28;2026-07-29;;https://www.automobile.tn/fr/occasion/mini/countryman/128735;10.0;Alarme anti-intrusion | Affichage tête haute | Android Auto | Apple Carplay | Instrumentation numérique | Navigation | Caméra de recul | Caméras 360 | Conduite semi-autonome | Suspension pneumatique;
automobile.tn;Fiat 500X Pop Star 1.4 MultiAir 16V 4x2 DCT 140 cv Boîte auto;Fiat;500X;2019.0;59000.0;66000.0;Essence;;Nabeul;7cv;;2026-07-28;2026-07-29;;https://www.automobile.tn/fr/occasion/fiat/500x/128734;1.0;Alarme anti-intrusion;
automobile.tn;Volkswagen Golf 6 Style 1.6 i 102 cv;Volkswagen;Golf 6;2012.0;40000.0;197750.0;Essence;;Tunis;6cv;;2026-07-28;2026-07-29;;https://www.automobile.tn/fr/occasion/volkswagen/golf-6/128733;1.0;Sièges chauffants;
automobile.tn;Toyota Land Cruiser 300 GXR 3.3 L V6 Bi-Turbo Diesel 4WD 306 cv Boîte auto;Toyota;Land Cruiser 300;2025.0;589000.0;0.0;Diesel;;Kébili;21cv;;2026-07-28;2026-07-29;;https://www.automobile.tn/fr/occasion/toyota/land-cruiser-300/128732;0.0;;
automobile.tn;Seat Arona Style Bi-couleur 1.6 L 110 cv;Seat;Arona;2019.0;61500.0;148000.0;Essence;;Tunis;6cv;;2026-07-28;2026-07-29;;https://www.automobile.tn/fr/occasion/seat/arona/128731;0.0;;
automobile.tn;Toyota Hilux Simple Cabine;Toyota;Hilux Simple Cabine;2009.0;73000.0;330000.0;Diesel;;Tunis;10cv;;2026-07-28;2026-07-29;;https://www.automobile.tn/fr/occasion/toyota/hilux-simple-cabine/128730;0.0;;
automobile.tn;Suzuki Celerio Populaire 1.0 L 68 cv;Suzuki;Celerio;2020.0;30500.0;44500.0;Essence;;Ben Arous;4cv;;2026-07-28;2026-07-29;;https://www.automobile.tn/fr/occasion/suzuki/celerio/128729;1.0;Alarme anti-intrusion;
automobile.tn;Audi Q5 S-line 50 2.0 TFSI e 16V GPF 299 Hybrid Quattro S Tronic7 265 cv Boîte auto;Audi;Q5;2023.0;160000.0;92000.0;Hybride rechargeable essence;;Médenine;16cv;;2026-07-28;2026-07-29;;https://www.automobile.tn/fr/occasion/audi/q5/128728;19.0;Alarme anti-intrusion | Affichage tête haute | Android Auto | Apple Carplay | Instrumentation numérique | Navigation | Palettes au volant | Sièges chauffants | Sièges massants | Sièges ventilés | Sièges électriques | Caméra de recul | Caméras 360 | Coffre électrique | Toit ouvrant | Toit panoramique | Accès sans clé | Conduite semi-autonome | Suspension pneumatique;
automobile.tn;Mazda 2 1.5 L Skyactiv 107 cv;Mazda;2;2015.0;36800.0;94000.0;Essence;;Ariana;6cv;;2026-07-28;2026-07-29;;https://www.automobile.tn/fr/occasion/mazda/2/128727;1.0;Caméra de recul;
automobile.tn;Suzuki Dzire GL 1.2 L 85 cv;Suzuki;Dzire;2021.0;52000.0;46000.0;Essence;;Monastir;5cv;;2026-07-28;2026-07-29;;https://www.automobile.tn/fr/occasion/suzuki/dzire/128726;0.0;;
automobile.tn;Mercedes-Benz Classe C coupé BLUEEFFICIENCY avec kit AMG;Mercedes-Benz;Classe C coupé;2010.0;43000.0;260000.0;Essence;;Tunis;9cv;;2026-07-28;2026-07-29;;https://www.automobile.tn/fr/occasion/mercedes-benz/classe-c-coupe/128725;3.0;Sièges chauffants | Sièges électriques | Toit ouvrant;
automobile.tn;Nissan Patrol GR 2.8 TD Break (VU) 115cv;Nissan;Patrol;1992.0;73000.0;220000.0;Diesel;;Bizerte;11cv;;2026-07-28;2026-07-29;;https://www.automobile.tn/fr/occasion/nissan/patrol/128724;5.0;Alarme anti-intrusion | Android Auto | Apple Carplay | Navigation | Caméra de recul;
automobile.tn;KIA Sportage 1.6 GDi CVVT 16V 4x2 132 cv Boite Auto;Kia;Sportage;2020.0;93000.0;85000.0;Essence;;Bizerte;8cv;;2026-07-28;2026-07-29;;https://www.automobile.tn/fr/occasion/kia/sportage/128723;9.0;Alarme anti-intrusion | Android Auto | Apple Carplay | Navigation | Sièges électriques | Caméra de recul | Toit ouvrant | Toit panoramique | Accès sans clé;
automobile.tn;Toyota Corolla Dynamic 1.2 T 16V CVT 116 cv Boîte auto;Toyota;Corolla;2021.0;68000.0;47000.0;Essence;;Ariana;6cv;;2026-07-28;2026-07-29;;https://www.automobile.tn/fr/occasion/toyota/corolla-5p/128722;4.0;Android Auto | Apple Carplay | Caméra de recul | Accès sans clé;
automobile.tn;Mercedes-Benz ML AMG;Mercedes-Benz;ML;2016.0;68000.0;300000.0;Diesel;;Tunis;12cv;;2026-07-28;2026-07-29;;https://www.automobile.tn/fr/occasion/mercedes-benz/ml/128721;0.0;;
automobile.tn;Hyundai Santa Fe High Grade 2.2 CRDI 16V 4WD DCT8 201 cv Boîte auto;Hyundai;Santa Fe;2022.0;125000.0;180000.0;Diesel;;Sousse;12cv;;2026-07-28;2026-07-29;;https://www.automobile.tn/fr/occasion/hyundai/santa-fe/128720;16.0;Alarme anti-intrusion | Affichage tête haute | Android Auto | Apple Carplay | Navigation | Palettes au volant | Sièges chauffants | Sièges ventilés | Sièges électriques | Caméra de recul | Caméras 360 | Coffre électrique | Toit ouvrant | Toit panoramique | Accès sans clé | Conduite semi-autonome;
automobile.tn;KIA Rio 5p GT-Line 1.2 i-CVVT 16V ISG 84 cv;Kia;Rio 5p;2021.0;54000.0;109000.0;Essence;;Ariana;5cv;;2026-07-28;2026-07-29;;https://www.automobile.tn/fr/occasion/kia/rio-5p/128719;4.0;Android Auto | Apple Carplay | Caméra de recul | Accès sans clé;
automobile.tn;Hyundai Grand i10 Populaire 1.0 65cv populaire;Hyundai;Grand i10;2024.0;45500.0;14000.0;Essence;;Tunis;4cv;;2026-07-28;2026-07-29;;https://www.automobile.tn/fr/occasion/hyundai/grand-i10/128717;1.0;Alarme anti-intrusion;
automobile.tn;BMW X1 Kit M 18i sDrive 1.5 i 12V DCT7 140 cv Boîte auto;Bmw;X1;2021.0;123000.0;128000.0;Essence;;Ariana;8cv;;2026-07-28;2026-07-29;;https://www.automobile.tn/fr/occasion/bmw/x1/128716;5.0;Caméra de recul | Coffre électrique | Toit ouvrant | Toit panoramique | Accès sans clé;
automobile.tn;Seat Leon Design 1.2 TSI 16V 110 cv;Seat;Leon;2018.0;53500.0;146000.0;Essence;;Tunis;6cv;;2026-07-28;2026-07-29;;https://www.automobile.tn/fr/occasion/seat/leon/128715;1.0;Toit panoramique;
automobile.tn;Renault Twingo 0.9 TCe 12V 95 cv;Renault;Twingo;2021.0;34800.0;125000.0;Essence;;Tunis;4cv;;2026-07-28;2026-07-29;;https://www.automobile.tn/fr/occasion/renault/twingo/128714;0.0;;
automobile.tn;Audi A5 Sportback Avant S-Line PHEV 40 G-Tron 2.0 TFSi 16V GNV S-Tronic7 170 cv Boîte auto;Audi;A5 Sportback;2026.0;199000.0;3000.0;Essence;;Ben Arous;12cv;;2026-07-28;2026-07-29;;https://www.automobile.tn/fr/occasion/audi/a5-sportback/128712;16.0;Alarme anti-intrusion | Affichage tête haute | Android Auto | Apple Carplay | Instrumentation numérique | Navigation | Palettes au volant | Sièges chauffants | Sièges ventilés | Sièges électriques | Caméra de recul | Caméras 360 | Coffre électrique | Accès sans clé | Conduite semi-autonome | Suspension pneumatique;
automobile.tn;Fiat Doblo Maxi 3 places Maxi 1.3 MJTD 16V Fourgon long 90 cv;Fiat;Doblo Maxi;2023.0;38000.0;96000.0;Diesel;;Ben Arous;5cv;;2026-07-28;2026-07-29;;https://www.automobile.tn/fr/occasion/fiat/doblo-maxi/128711;0.0;;
automobile.tn;Volkswagen Golf 6 Confortline 2.0 TDI 16V FAP 136 cv;Volkswagen;Golf 6;2008.0;42000.0;206000.0;Diesel;;Ben Arous;6cv;;2026-07-28;2026-07-29;;https://www.automobile.tn/fr/occasion/volkswagen/golf-6/128710;0.0;;
automobile.tn;Fiat Panda Pop 1.2 69 cv;Fiat;Panda;2021.0;35000.0;97000.0;Essence;;Ben Arous;4cv;;2026-07-28;2026-07-29;;https://www.automobile.tn/fr/occasion/fiat/panda/128709;0.0;;
automobile.tn;KIA Sportage GT-Line 1.6 CRDi VGT 16V 4x2 DCT7 136 cv Boîte auto;Kia;Sportage;2019.0;85000.0;145000.0;Diesel;;Ben Arous;7cv;;2026-07-28;2026-07-29;;https://www.automobile.tn/fr/occasion/kia/sportage/128708;0.0;;
automobile.tn;Seat Ateca Xperience 1.4 L TSI 150 cv Boîte auto;Seat;Ateca;2023.0;95000.0;99000.0;Essence;;Ben Arous;8cv;;2026-07-28;2026-07-29;;https://www.automobile.tn/fr/occasion/seat/ateca/128707;10.0;Android Auto | Apple Carplay | Navigation | Palettes au volant | Sièges chauffants | Caméras 360 | Coffre électrique | Toit ouvrant | Toit panoramique | Accès sans clé;
automobile.tn;MG GT 1.5 T Sport 7DCT 160 cv Boîte auto;Mg;GT;2023.0;65000.0;86000.0;Essence;;Ben Arous;9cv;;2026-07-28;2026-07-29;;https://www.automobile.tn/fr/occasion/mg/gt/128706;9.0;Android Auto | Apple Carplay | Instrumentation numérique | Palettes au volant | Sièges chauffants | Caméra de recul | Caméras 360 | Toit ouvrant | Accès sans clé;
automobile.tn;Audi A1 1.2 TFSI 85 cv;Audi;A1;2011.0;33500.0;238000.0;Essence;;Ben Arous;5cv;;2026-07-28;2026-07-29;;https://www.automobile.tn/fr/occasion/audi/a1/128705;0.0;;
automobile.tn;Seat Arona Référence 1.6 L 110 cv;Seat;Arona;2021.0;69000.0;46900.0;Essence;;Tunis;6cv;;2026-07-28;2026-07-29;;https://www.automobile.tn/fr/occasion/seat/arona/128704;0.0;;
automobile.tn;KIA Sportage Toit Ouvrant 1.7 CRDi VGT 16V DPF 4x2 115 cv;Kia;Sportage;2013.0;44000.0;245000.0;Diesel;;Tunis;7cv;;2026-07-28;2026-07-29;;https://www.automobile.tn/fr/occasion/kia/sportage/128703;0.0;;
automobile.tn;Ford Focus;Ford;Focus;2011.0;28000.0;199000.0;Essence;;Ariana;6cv;;2026-07-28;2026-07-29;;https://www.automobile.tn/fr/occasion/ford/focus/128702;0.0;;
automobile.tn;BMW X3 xLine 20i sDrive 1.6 i 16V 170 cv Boîte auto;Bmw;X3;2015.0;71500.0;160000.0;Essence;;Ariana;9cv;;2026-07-28;2026-07-29;;https://www.automobile.tn/fr/occasion/bmw/x3/128701;0.0;;
automobile.tn;Volkswagen Golf 8 Life 1.0 TSi 12V BMT 90 cv;Volkswagen;Golf 8;2020.0;70000.0;67000.0;Essence;;Sousse;5cv;;2026-07-28;2026-07-29;;https://www.automobile.tn/fr/occasion/volkswagen/golf-8/128700;2.0;Instrumentation numérique | Accès sans clé;
automobile.tn;Mercedes-Benz Classe A;Mercedes-Benz;Classe A;2026.0;165000.0;12000.0;Hybride rechargeable essence;;Tunis;9cv;;2026-07-28;2026-07-29;;https://www.automobile.tn/fr/occasion/mercedes-benz/classe-a/128699;16.0;Alarme anti-intrusion | Affichage tête haute | Android Auto | Apple Carplay | Instrumentation numérique | Navigation | Palettes au volant | Sièges chauffants | Sièges ventilés | Sièges électriques | Caméra de recul | Caméras 360 | Toit ouvrant | Toit panoramique | Accès sans clé | Conduite semi-autonome;
automobile.tn;Mazda CX-5 High Grade 2 L Skyactiv 154 cv Boîte auto;Mazda;CX-5;2018.0;89000.0;114700.0;Essence;;Ariana;9cv;;2026-07-28;2026-07-29;;https://www.automobile.tn/fr/occasion/mazda/cx-5/128697;7.0;Alarme anti-intrusion | Affichage tête haute | Sièges électriques | Caméra de recul | Coffre électrique | Toit ouvrant | Accès sans clé;
automobile.tn;Volkswagen Passat Confortline 1.6 TDI 16V FAP Bluemotion 105 cv;Volkswagen;Passat;2013.0;41000.0;313000.0;Diesel;;Tunis;5cv;;2026-07-28;2026-07-29;;https://www.automobile.tn/fr/occasion/volkswagen/passat/128696;1.0;Sièges électriques;
automobile.tn;GWM Haval H6 1.5 T 150cv boite auto;Gwm;Haval H6;2023.0;99000.0;33000.0;Essence;;Tunis;8cv;;2026-07-28;2026-07-29;;https://www.automobile.tn/fr/occasion/great-wall/h6/128695;14.0;Alarme anti-intrusion | Affichage tête haute | Android Auto | Apple Carplay | Instrumentation numérique | Palettes au volant | Sièges ventilés | Sièges électriques | Caméras 360 | Coffre électrique | Toit ouvrant | Toit panoramique | Accès sans clé | Conduite semi-autonome;
automobile.tn;Audi Q2 Design 30 1.0 TSI 12V S-Tronic 116 cv Boîte auto;Audi;Q2;2017.0;60000.0;109000.0;Essence;;Tunis;6cv;;2026-07-28;2026-07-29;;https://www.automobile.tn/fr/occasion/audi/q2/128694;1.0;Coffre électrique;
automobile.tn;Ford Focus Titanium 1.0 SCTi 12V EcoBoost S&S 125 cv;Ford;Focus;2015.0;38000.0;168000.0;Essence;;Tunis;6cv;;2026-07-28;2026-07-29;;https://www.automobile.tn/fr/occasion/ford/focus/128693;1.0;Caméra de recul;
automobile.tn;Citroën C5 Aircross Live;Citroën;C5 Aircross;2023.0;69000.0;32000.0;Essence;;Le Kef;7cv;;2026-07-28;2026-07-29;;https://www.automobile.tn/fr/occasion/citroen/c5-aircross/128692;3.0;Android Auto | Apple Carplay | Instrumentation numérique;
automobile.tn;Jeep Compass Limited 1.3 16V Turbo MultiAir 2WD DCT6 S&S 150 cv Boîte auto;Jeep;Compass;2022.0;95000.0;60000.0;Essence;;Sfax;8cv;;2026-07-28;2026-07-29;;https://www.automobile.tn/fr/occasion/jeep/compass/128691;14.0;Alarme anti-intrusion | Android Auto | Apple Carplay | Instrumentation numérique | Navigation | Sièges chauffants | Sièges électriques | Caméra de recul | Caméras 360 | Coffre électrique | Toit ouvrant | Toit panoramique | Accès sans clé | Conduite semi-autonome;
automobile.tn;Fiat Siena Peinture ďorigine 1.2 i 16V 80cv;Fiat;Siena;2005.0;15000.0;300000.0;Essence;;Sousse;5cv;;2026-07-28;2026-07-29;;https://www.automobile.tn/fr/occasion/fiat/siena/128740;0.0;;
automobile.tn;BMW Série 3 Luxury Line 316i 1.6 16V 136 cv;Bmw;Série 3;2014.0;70000.0;65000.0;Essence;;Tunis;7cv;;2026-07-28;2026-07-29;;https://www.automobile.tn/fr/occasion/bmw/serie-3/128698;1.0;Toit ouvrant;
automobile.tn;BAIC Kenbo S2;Baic;Kenbo S2;2018.0;36000.0;117901.0;Essence;;Zaghouan;7cv;;2026-07-29;2026-07-30;;https://www.automobile.tn/fr/occasion/baic/kenbo-s2/128779;2.0;Caméra de recul | Accès sans clé;
automobile.tn;Toyota Hilux Double Cabine Double Cabine Premium 2.4 D-4D 16V DPF Pickup double cabine AWD 150 cv Boîte auto;Toyota;Hilux Double Cabine;2018.0;169000.0;70000.0;Diesel;;Médenine;8cv;;2026-07-29;2026-07-30;;https://www.automobile.tn/fr/occasion/toyota/hilux/128778;6.0;Alarme anti-intrusion | Navigation | Palettes au volant | Caméra de recul | Caméras 360 | Accès sans clé;
automobile.tn;Suzuki Vitara;Suzuki;Vitara;2017.0;48000.0;89750.0;Essence;;Sfax;6cv;;2026-07-29;2026-07-30;;https://www.automobile.tn/fr/occasion/suzuki/vitara/128777;2.0;Toit ouvrant | Accès sans clé;
automobile.tn;Dacia Dokker Van Lux Tolée Plus 1.5 Lux 84 cv;Dacia;Dokker Van;2020.0;29000.0;243000.0;Diesel;;Ariana;6cv;;2026-07-29;2026-07-30;;https://www.automobile.tn/fr/occasion/dacia/dokker-van/128776;1.0;Alarme anti-intrusion;
automobile.tn;Hyundai Grand i10;Hyundai;Grand i10;2015.0;30000.0;214000.0;Essence;;Ariana;5cv;;2026-07-29;2026-07-30;;https://www.automobile.tn/fr/occasion/hyundai/grand-i10/128775;1.0;Alarme anti-intrusion;
automobile.tn;Land Rover Discovery Sport SE 2.2 TD4 16V 4x4 5PL 150 cv Boîte auto;Land Rover;Discovery Sport;2015.0;64000.0;221000.0;Diesel;;Ariana;9cv;;2026-07-29;2026-07-30;;https://www.automobile.tn/fr/occasion/land-rover/discovery-sport/128774;8.0;Alarme anti-intrusion | Navigation | Palettes au volant | Sièges chauffants | Sièges électriques | Coffre électrique | Toit panoramique | Accès sans clé;
automobile.tn;Hyundai Tucson Executive 1.6 TGDi 16V 265 Plug in Hybrid 4WD 179 cv Boîte auto;Hyundai;Tucson;2022.0;128000.0;56000.0;Hybride rechargeable essence;;Monastir;10cv;;2026-07-29;2026-07-30;;https://www.automobile.tn/fr/occasion/hyundai/tucson/128773;15.0;Alarme anti-intrusion | Android Auto | Apple Carplay | Instrumentation numérique | Navigation | Palettes au volant | Sièges chauffants | Sièges électriques | Caméra de recul | Caméras 360 | Coffre électrique | Toit ouvrant | Toit panoramique | Accès sans clé | Conduite semi-autonome;
automobile.tn;Hyundai Grand i10 GLS 1.2 87cv boite auto;Hyundai;Grand i10;2019.0;43000.0;91000.0;Essence;;Ariana;5cv;;2026-07-29;2026-07-30;;https://www.automobile.tn/fr/occasion/hyundai/grand-i10/128772;1.0;Accès sans clé;
automobile.tn;Audi A3 Sportback S-Line 35 1.5 TFSI 16V GPF S Tronic7 S&S 150 cv Boîte auto;Audi;A3 Sportback;2023.0;104000.0;70000.0;Essence;;Tunis;8cv;;2026-07-29;2026-07-30;;https://www.automobile.tn/fr/occasion/audi/a3-sportback/128771;8.0;Alarme anti-intrusion | Android Auto | Apple Carplay | Instrumentation numérique | Palettes au volant | Caméras 360 | Toit panoramique | Accès sans clé;
automobile.tn;MG GT Luxury 1.5 l CVT 115 cv Boîte auto;Mg;GT;2024.0;98448.0;12000.0;Essence;;Sfax;9cv;;2026-07-29;2026-07-30;;https://www.automobile.tn/fr/occasion/mg/gt/128769;5.0;Android Auto | Apple Carplay | Caméra de recul | Toit ouvrant | Accès sans clé;
automobile.tn;Volkswagen Polo Smartline 1.0 i 12V 75 cv;Volkswagen;Polo;2016.0;33000.0;154000.0;Essence;;Tunis;4cv;;2026-07-29;2026-07-30;;https://www.automobile.tn/fr/occasion/volkswagen/polo/128768;0.0;;
automobile.tn;Peugeot 2008 Active Pack 1.2 THP Puretech 12V 100 cv;Peugeot;2008;2022.0;53000.0;109000.0;Essence;;Sousse;6cv;;2026-07-29;2026-07-30;;https://www.automobile.tn/fr/occasion/peugeot/2008/128767;2.0;Android Auto | Apple Carplay;
automobile.tn;Hyundai i10 Populaire 1.0 i 12V 67 cv;Hyundai;i10;2021.0;41000.0;41000.0;Essence;;Tunis;4cv;;2026-07-29;2026-07-30;;https://www.automobile.tn/fr/occasion/hyundai/i10/128766;0.0;;
automobile.tn;Toyota C-HR 1.2 T 16V 2WD CVT 116 cv Boîte auto;Toyota;C-HR;2018.0;61000.0;117000.0;Essence;;Tunis;6cv;;2026-07-29;2026-07-30;;https://www.automobile.tn/fr/occasion/toyota/c-hr/128758;2.0;Alarme anti-intrusion | Caméra de recul;
automobile.tn;Mercedes-Benz Classe C kit AMG 180 Kompressor 1.6 i 16V BlueEFFICIENCY 156 cv;Mercedes-Benz;Classe C;2010.0;42500.0;260000.0;Essence;;Tunis;9cv;;2026-07-29;2026-07-30;;https://www.automobile.tn/fr/occasion/mercedes-benz/classe-c/128725;3.0;Sièges chauffants | Sièges électriques | Toit ouvrant;
automobile.tn;Audi Q3;Audi;Q3;2021.0;116000.0;66000.0;Hybride rechargeable essence;;Sousse;8cv;;2026-07-29;2026-07-30;;https://www.automobile.tn/fr/occasion/audi/q3/128765;13.0;Android Auto | Apple Carplay | Navigation | Sièges chauffants | Sièges électriques | Caméra de recul | Caméras 360 | Coffre électrique | Toit ouvrant | Toit panoramique | Accès sans clé | Conduite semi-autonome | Suspension pneumatique;
automobile.tn;GWM M4;Gwm;M4;2018.0;42000.0;53000.0;Essence;;Tunis;6cv;;2026-07-29;2026-07-30;;https://www.automobile.tn/fr/occasion/great-wall/m4/128764;1.0;Caméra de recul;
automobile.tn;Hyundai Tucson 1.6 l GDI 132 cv Boîte auto;Hyundai;Tucson;2019.0;77500.0;136000.0;Essence;;Ben Arous;8cv;;2026-07-29;2026-07-30;;https://www.automobile.tn/fr/occasion/hyundai/tucson/128763;8.0;Alarme anti-intrusion | Android Auto | Apple Carplay | Sièges électriques | Caméra de recul | Toit ouvrant | Toit panoramique | Accès sans clé;
automobile.tn;Mercedes-Benz 300 iX1 30 xDrive 313 cv Boîte auto;Mercedes-Benz;300;2023.0;158000.0;41000.0;Electrique;;Sfax;9cv;;2026-07-29;2026-07-30;;https://www.automobile.tn/fr/occasion/mercedes-benz/300/128762;0.0;;
automobile.tn;Seat Leon Référence 1.2 TSI 16V 110 cv;Seat;Leon;2017.0;49500.0;144400.0;Essence;;Ariana;6cv;;2026-07-29;2026-07-30;;https://www.automobile.tn/fr/occasion/seat/leon/128761;0.0;;
automobile.tn;Toyota Yaris Cross Hybride Bi-ton 1.5 HSD 12V 116 Hybrid E-CVT 90 cv Boîte auto;Toyota;Yaris Cross Hybride;2024.0;90000.0;50000.0;Hybride essence;;Ariana;5cv;;2026-07-29;2026-07-30;;https://www.automobile.tn/fr/occasion/toyota/yaris-cross/128760;8.0;Affichage tête haute | Android Auto | Apple Carplay | Instrumentation numérique | Sièges chauffants | Caméra de recul | Coffre électrique | Accès sans clé;
automobile.tn;Mercedes-Benz Classe C Avantgarde 180 CGI 1.6 16V 7G-TRONIC+ 156 cv Boîte auto;Mercedes-Benz;Classe C;2016.0;83000.0;106000.0;Essence;;Tunis;8cv;;2026-07-29;2026-07-30;;https://www.automobile.tn/fr/occasion/mercedes-benz/classe-c/128759;2.0;Sièges électriques | Caméra de recul;
automobile.tn;Fiat Fiorino 1.3 MJTD 16V Fourgon 75 cv;Fiat;Fiorino;2022.0;33000.0;130000.0;Diesel;;Ariana;5cv;;2026-07-29;2026-07-30;;https://www.automobile.tn/fr/occasion/fiat/fiorino/128756;0.0;;
automobile.tn;Fiat Fiorino 1.3 MJTD 16V Fourgon 75 cv;Fiat;Fiorino;2022.0;31000.0;160000.0;Diesel;;Ariana;5cv;;2026-07-29;2026-07-30;;https://www.automobile.tn/fr/occasion/fiat/fiorino/128755;0.0;;
automobile.tn;Ford Mondeo Ghia 1.6 Ti VCT 125cv;Ford;Mondeo;2008.0;20500.0;220000.0;Essence;;Ben Arous;8cv;;2026-07-29;2026-07-30;;https://www.automobile.tn/fr/occasion/ford/mondeo/128753;0.0;;
automobile.tn;KIA Rio 5p;Kia;Rio 5p;2020.0;52000.0;148000.0;Essence;;Ben Arous;5cv;;2026-07-29;2026-07-30;;https://www.automobile.tn/fr/occasion/kia/rio-5p/128752;2.0;Affichage tête haute | Accès sans clé;
automobile.tn;Ford Focus Trend Sport 1.0 SCTi 12V EcoBoost S&S 125 cv;Ford;Focus;2018.0;40000.0;156000.0;Essence;;Sfax;6cv;;2026-07-29;2026-07-30;;https://www.automobile.tn/fr/occasion/ford/focus/128751;0.0;;
automobile.tn;Hyundai Grand i10 GLS 1.2 87cv;Hyundai;Grand i10;2018.0;35000.0;145000.0;Essence;;Sfax;5cv;;2026-07-29;2026-07-30;;https://www.automobile.tn/fr/occasion/hyundai/grand-i10/128750;1.0;Alarme anti-intrusion;
automobile.tn;Skoda Fabia Active 1.0 MPI 12V 75 cv;Skoda;Fabia;2019.0;38800.0;67000.0;Essence;;Tunis;4cv;;2026-07-29;2026-07-30;;https://www.automobile.tn/fr/occasion/skoda/fabia/128749;0.0;;
automobile.tn;Fiat Doblo 3 places 1.6 MJTD 16V Fourgon court 90 cv;Fiat;Doblo;2023.0;38500.0;133900.0;Diesel;;Sousse;5cv;;2026-07-29;2026-07-30;;https://www.automobile.tn/fr/occasion/fiat/doblo/128748;1.0;Alarme anti-intrusion;
automobile.tn;Ford Fiesta Titanium Plus 1.25 i 16V 82 cv;Ford;Fiesta;2015.0;33500.0;168000.0;Essence;;Ariana;5cv;;2026-07-29;2026-07-30;;https://www.automobile.tn/fr/occasion/ford/fiesta/128747;2.0;Alarme anti-intrusion | Accès sans clé;
automobile.tn;Mercedes-Benz Classe C AMG + 180 1.5 i 16V EQ Boost 9G-TRONIC 170 cv Boîte auto;Mercedes-Benz;Classe C;2023.0;169000.0;10000.0;Hybride léger essence;;Sfax;9cv;;2026-07-29;2026-07-30;;https://www.automobile.tn/fr/occasion/mercedes-benz/classe-c/128746;14.0;Alarme anti-intrusion | Android Auto | Apple Carplay | Instrumentation numérique | Navigation | Palettes au volant | Sièges chauffants | Sièges électriques | Caméra de recul | Caméras 360 | Toit ouvrant | Toit panoramique | Accès sans clé | Conduite semi-autonome;
automobile.tn;Audi A5 Avant S-Line PHEV e-hybrid 2.0 TFSi 16V 299 PHEV Quattro S-Tronic7 252 cv Boîte auto;Audi;A5;2026.0;199000.0;3000.0;Hybride rechargeable essence;;Ben Arous;12cv;;2026-07-29;2026-07-30;;https://www.automobile.tn/fr/occasion/audi/a5-berline/128712;16.0;Alarme anti-intrusion | Affichage tête haute | Android Auto | Apple Carplay | Instrumentation numérique | Navigation | Palettes au volant | Sièges chauffants | Sièges ventilés | Sièges électriques | Caméra de recul | Caméras 360 | Coffre électrique | Accès sans clé | Conduite semi-autonome | Suspension pneumatique;
automobile.tn;GWM Haval H6 Luxury 1.5 T 143cv boite auto;Gwm;Haval H6;2020.0;75000.0;58000.0;Essence;;Ariana;9cv;;2026-07-29;2026-07-30;;https://www.automobile.tn/fr/occasion/great-wall/h6/128745;9.0;Alarme anti-intrusion | Android Auto | Apple Carplay | Instrumentation numérique | Sièges électriques | Caméras 360 | Toit ouvrant | Toit panoramique | Accès sans clé;
automobile.tn;Ford Everest Limited 7 places;Ford;Everest;2024.0;262000.0;45000.0;Diesel;;Tunis;13cv;;2026-07-29;2026-07-30;;https://www.automobile.tn/fr/occasion/ford/everest/128744;12.0;Alarme anti-intrusion | Android Auto | Apple Carplay | Navigation | Sièges électriques | Caméra de recul | Coffre électrique | Toit ouvrant | Toit panoramique | Accès sans clé | Conduite semi-autonome | Suspension pneumatique;
automobile.tn;MG GT Luxury 1.5 l CVT 115 cv Boîte auto;Mg;GT;2024.0;98448.0;12000.0;Essence;;Sfax;9cv;;2026-07-29;2026-07-30;;https://www.automobile.tn/fr/occasion/mg/gt/128770;5.0;Android Auto | Apple Carplay | Caméra de recul | Toit ouvrant | Accès sans clé;
automobile.tn;Mercedes-Benz Classe C Avantgarde 180 1.5 i 16V EQ Boost 9G-TRONIC 170 cv Boîte auto;Mercedes-Benz;Classe C;2022.0;155000.0;50000.0;Hybride léger essence;;Nabeul;9cv;;2026-07-29;2026-07-30;;https://www.automobile.tn/fr/occasion/mercedes-benz/classe-c/128757;12.0;Affichage tête haute | Android Auto | Apple Carplay | Instrumentation numérique | Navigation | Palettes au volant | Sièges chauffants | Sièges électriques | Caméra de recul | Caméras 360 | Accès sans clé | Suspension pneumatique;
automobile.tn;KIA Sportage Black Edition 1.6 CRDi VGT 16V 4x4 DCT7 136 cv Boîte auto;Kia;Sportage;2021.0;86800.0;123000.0;Diesel;;Tunis;8cv;;2026-08-04;2026-08-05;;https://www.automobile.tn/fr/occasion/kia/sportage/128840;8.0;Android Auto | Apple Carplay | Navigation | Sièges chauffants | Sièges électriques | Caméra de recul | Accès sans clé | Conduite semi-autonome;SUV, 8 cv, transmission Intégrale Ben Arous
automobile.tn;Chevrolet Groove Premier 1.5 L 106 cv Boîte auto;Chevrolet;Groove;2025.0;77000.0;9200.0;Essence;;Ariana;6cv;;2026-08-04;2026-08-05;;https://www.automobile.tn/fr/occasion/chevrolet/groove/128994;3.0;Caméra de recul | Toit ouvrant | Accès sans clé;Véhicule presque neuf sous garantie faible kilométrage toute option bien entretenu économique voiture du gérant de la société donc bonne affaire Tunis
automobile.tn;Chery Tiggo 8 Pro 1.6 T-GDI 7-DCT 197 cv Boîte auto;Chery;Tiggo 8 Pro;2023.0;84000.0;76000.0;Essence;;Tunis;11cv;;2026-08-04;2026-08-05;;https://www.automobile.tn/fr/occasion/chery/tiggo-8-pro/128797;11.0;Alarme anti-intrusion | Android Auto | Apple Carplay | Instrumentation numérique | Palettes au volant | Caméra de recul | Caméras 360 | Coffre électrique | Toit ouvrant | Toit panoramique | Accès sans clé;
automobile.tn;Peugeot 208 Populaire 1.2 VTi 12V 68 cv;Peugeot;208;2020.0;32000.0;48000.0;Essence;;Ariana;4cv;;2026-08-04;2026-08-05;;https://www.automobile.tn/fr/occasion/peugeot/208/128993;0.0;;2019 Peugeot 208 1ére main 29 500 DT Négociable 29/10/2019 TU213 1.2L Essence 4 CV 116 000 KM (entretien maison) Échange possible Disponible sur RDV à notre showroom TUNISIE AUTO PRIX Ezzahra Contactez : 98759655 / 25551771 / 24111140 Ben Arous
automobile.tn;Nissan Navara 2.5 dCi 16V Pickup 4WD 174 cv;Nissan;Navara;2007.0;30000.0;700000.0;Diesel;;La Manouba;7cv;;2026-08-04;2026-08-05;;https://www.automobile.tn/fr/occasion/nissan/navara/128992;0.0;;Nissan Navara bonne occasion à vendre Ariana
automobile.tn;Chevrolet Aveo LS;Chevrolet;Aveo;2008.0;21000.0;250000.0;Essence;;Nabeul;5cv;;2026-08-04;2026-08-05;;https://www.automobile.tn/fr/occasion/chevrolet/aveo/128991;2.0;Android Auto | Caméra de recul;
automobile.tn;Hyundai Grand i10 High Grade 1.2 83cv;Hyundai;Grand i10;2023.0;45500.0;100000.0;Essence;;Tunis;5cv;;2026-08-04;2026-08-05;;https://www.automobile.tn/fr/occasion/hyundai/grand-i10/128800;4.0;Alarme anti-intrusion | Android Auto | Apple Carplay | Caméra de recul;Très bon etat bien entretenu pneu neufs batterie récemment renouvelée Ariana
automobile.tn;Peugeot 208 Allure 1.2 PureTech 12V S&S 75 cv;Peugeot;208;2021.0;45000.0;29000.0;Essence;;Tunis;5cv;;2026-08-04;2026-08-05;;https://www.automobile.tn/fr/occasion/peugeot/208/128871;4.0;Android Auto | Apple Carplay | Caméra de recul | Accès sans clé;A vendre Peugeot 208 (5cv) année 03/2022, première main en très bon état, bien entretenu à la maison Peugeot avec un carnet de bord et visible surplace à cité Ennasr. Ariana
automobile.tn;KIA Rio 5p Prestige 1.2 i-CVVT 16V ISG 84 cv;Kia;Rio 5p;2023.0;58500.0;75000.0;Essence;;Tunis;5cv;;2026-08-04;2026-08-05;;https://www.automobile.tn/fr/occasion/kia/rio-5p/128821;3.0;Android Auto | Apple Carplay | Caméra de recul;Citadine, 5 cv, transmission Traction, Accoudoir avant, Autoradio, Autoradio CD, Autoradio CD/Mp3, Apple Carplay, Android Auto, Bluetooth, Sièges réglables en hauteur, Vitres teintées, Volant/levier de vitesse en cuir, Volant multi-fonctions, Volant réglable hauteur/profondeur Nabeul
automobile.tn;Mercedes-Benz Classe C 300 e 2.0 i 16V 313 EQ Power 4MATIC 9G-TRONIC 204 cv Boîte auto;Mercedes-Benz;Classe C;2023.0;157000.0;41000.0;Hybride rechargeable essence;;Sfax;9cv;;2026-08-04;2026-08-05;;https://www.automobile.tn/fr/occasion/mercedes-benz/classe-c/128762;0.0;;
automobile.tn;Volkswagen Golf 7 Lounge 1.2 TSI 16V Blue Motion S&S 110 cv;Volkswagen;Golf 7;2015.0;52000.0;110000.0;Essence;;Ariana;5cv;;2026-08-04;2026-08-05;;https://www.automobile.tn/fr/occasion/volkswagen/golf-7/128990;1.0;Caméra de recul;À VENDRE : Volkswagen Golf 7 1.2 TSI (2015) – Série 222 État impeccable, voiture très bien entretenue, toutes options et idéale pour ceux qui cherchent le confort et la fiabilité. •Modèle : Golf 7 (1.2 TSI) •Année : 2015 •Série : 222 •Origine : Importée d'Allemagne •Propriétaire : Première et seule main en Tunisie depuis l'imporation •Kilométrage : 280 000 km (presque totalement sur autoroute, moteur en excellente forme) Options & Équipements : •Éclairage d'ambiance intérieur (ambiance feutrée et moderne la nuit) •Phares Full LED (look moderne et excellente visibilité) •Volant cuir multifonction (commandes au volant) •Régulateur et limiteur de vitesse (idéal et très confortable dans l'autoroute) •Aileron arrière (style sportif et élégant) •Intérieur et extérieur en parfait état, carrosserie très propre. •Pièces de rechange : Uniquement des pièces d'origine importées ou de la plus haute qualité disponible en Tunisie. Voiture bichonnée. •huile : Uniquement Castrol LONGLIFE ( mote Monastir
automobile.tn;Audi A7 Sportback S-Line 55 2.0 TFSI e 16V GPF 367 Plug in Hybrid Quattro S-Tronic7 265 cv Boîte auto;Audi;A7 Sportback;2024.0;180000.0;43900.0;Hybride rechargeable essence;;Ariana;17cv;;2026-08-04;2026-08-05;;https://www.automobile.tn/fr/occasion/audi/a7-sportback/128989;19.0;Alarme anti-intrusion | Affichage tête haute | Android Auto | Apple Carplay | Instrumentation numérique | Navigation | Palettes au volant | Sièges chauffants | Sièges massants | Sièges ventilés | Sièges électriques | Caméra de recul | Caméras 360 | Coffre électrique | Toit ouvrant | Toit panoramique | Accès sans clé | Conduite semi-autonome | Suspension pneumatique;
automobile.tn;Volkswagen Golf 8 Style 1.5 eTSi 16V BMT DSG7 150 cv Boîte auto;Volkswagen;Golf 8;2021.0;95000.0;120000.0;Hybride léger essence;;Gabès;7cv;;2026-08-04;2026-08-05;;https://www.automobile.tn/fr/occasion/volkswagen/golf-8/128988;15.0;Alarme anti-intrusion | Affichage tête haute | Android Auto | Apple Carplay | Instrumentation numérique | Navigation | Palettes au volant | Sièges chauffants | Sièges massants | Sièges électriques | Caméra de recul | Caméras 360 | Toit panoramique | Accès sans clé | Suspension pneumatique;
automobile.tn;Fiat 500 Lounge 1.2 L 69 cv Boîte auto;Fiat;500;2017.0;41500.0;111700.0;Essence;;Tunis;4cv;;2026-08-04;2026-08-05;;https://www.automobile.tn/fr/occasion/fiat/500/128987;3.0;Android Auto | Apple Carplay | Toit panoramique;
automobile.tn;Skoda Fabia Drive 1.0 MPI 12V 75 cv;Skoda;Fabia;2020.0;47000.0;50000.0;Essence;;Tunis;4cv;;2026-08-04;2026-08-05;;https://www.automobile.tn/fr/occasion/skoda/fabia/128986;2.0;Caméra de recul | Accès sans clé;À vendre – Skoda Fabia 2019 Blanche – Première Main – 67 000 km Je mets en vente ma Skoda Fabia, couleur blanche, première main, en excellent état général. Véhicule personnel, soigneusement entretenu, avec un historique clair et un suivi régulier chez Ennakl Charguia. Informations du véhicule : •Mise en circulation : Décembre 2019 •Kilométrage : 67 000 km •Puissance fiscale : 4 CV •Carburant : Essence •Couleur : Blanc Équipements : Écran tactile multimédia Climatisation Vitres électriques avant Rétroviseurs électriques Direction assistée Fermeture centralisée avec télécommande Ordinateur de bord Airbags ABS / ESP Fixations ISOFIX Roue de secours d’origine neuve, jamais utilisée Points forts : Première main Faible kilométrage (67 000 km) Entretien suivi chez Ennakl Consommation économique Mécanique fiable et robuste Intérieur et extérieur très propres Aucun frais important à prévoir Tunis
automobile.tn;BMW Série 5 Pack M 520i 1.6 i 16V Steptronic8 170 cv Boîte auto;Bmw;Série 5;2020.0;125000.0;115000.0;Essence;;Tunis;10cv;;2026-08-04;2026-08-05;;https://www.automobile.tn/fr/occasion/bmw/serie-5/128985;0.0;;M5 avec carnet d'entretien chez ben jemaa Motors Tunis
automobile.tn;KIA Sonet SX 1.5 L CVT 115 cv Boîte auto;Kia;Sonet;2024.0;87000.0;11000.0;Essence;;Tunis;6cv;;2026-08-04;2026-08-05;;https://www.automobile.tn/fr/occasion/kia/sonet/128984;6.0;Alarme anti-intrusion | Android Auto | Apple Carplay | Instrumentation numérique | Navigation | Caméra de recul;P.MAIN 71 779 520 Tunis
automobile.tn;Volkswagen Golf 8 Life 1.4 L TSI 150 cv Boîte auto;Volkswagen;Golf 8;2023.0;98000.0;54000.0;Essence;;Ben Arous;8cv;;2026-08-04;2026-08-05;;https://www.automobile.tn/fr/occasion/volkswagen/golf-8/128983;7.0;Android Auto | Apple Carplay | Palettes au volant | Caméra de recul | Toit ouvrant | Toit panoramique | Accès sans clé;Compacte, 8 cv, transmission Traction, Accoudoir avant, Accoudoir arrière, Autoradio, Autoradio CD, Autoradio CD/Mp3, Apple Carplay, Android Auto, Bluetooth, Palettes au volant, Sièges réglables en hauteur, Volant/levier de vitesse en cuir, Volant multi-fonctions, 3 appuis têtes arrières, Volant réglable hauteur/profondeur Tunis
automobile.tn;Chevrolet Captiva 5 places 1.5 Turbo CVT 147 cv Boîte auto;Chevrolet;Captiva;2024.0;79000.0;14000.0;Essence;;Ariana;9cv;;2026-08-04;2026-08-05;;https://www.automobile.tn/fr/occasion/chevrolet/captiva/128909;9.0;Alarme anti-intrusion | Android Auto | Apple Carplay | Instrumentation numérique | Caméra de recul | Caméras 360 | Toit ouvrant | Toit panoramique | Accès sans clé;SUV, 9 cv, transmission Traction, Accoudoir avant, Accoudoir arrière, Apple Carplay, Android Auto, Bluetooth, Volant multi-fonctions, Volant réglable hauteur/profondeur, Instrumentation numérique Ben Arous
automobile.tn;Mercedes-Benz GLC Coupé;Mercedes-Benz;GLC Coupé;2022.0;175000.0;75000.0;Hybride rechargeable essence;;Mahdia;12cv;;2026-08-04;2026-08-05;;https://www.automobile.tn/fr/occasion/mercedes-benz/glc-coupe/128831;18.0;Alarme anti-intrusion | Affichage tête haute | Android Auto | Apple Carplay | Instrumentation numérique | Navigation | Palettes au volant | Sièges chauffants | Sièges massants | Sièges ventilés | Sièges électriques | Caméra de recul | Caméras 360 | Coffre électrique | Toit ouvrant | Accès sans clé | Conduite semi-autonome | Suspension pneumatique;SUV, 12 cv, transmission Intégrale Ariana
automobile.tn;Ford Focus Titanium;Ford;Focus;2022.0;97000.0;43000.0;Essence;;Monastir;7cv;;2026-08-04;2026-08-05;;https://www.automobile.tn/fr/occasion/ford/focus/128981;7.0;Android Auto | Apple Carplay | Navigation | Sièges chauffants | Caméra de recul | Accès sans clé | Conduite semi-autonome;Ford focus 1ere main Sfax
automobile.tn;Toyota Corolla Dynamic 1.8 VVT-i 16V GPS 122 HSD CVT 99 cv Boîte auto;Toyota;Corolla;2020.0;73000.0;130000.0;Hybride essence;;Sousse;5cv;;2026-08-04;2026-08-05;;https://www.automobile.tn/fr/occasion/toyota/corolla-5p/128980;7.0;Android Auto | Apple Carplay | Instrumentation numérique | Navigation | Caméra de recul | Accès sans clé | Conduite semi-autonome;Compacte, 6 cv, transmission Traction, Accoudoir avant, Accoudoir arrière, Autoradio, Autoradio CD, Autoradio CD/Mp3, Apple Carplay, Android Auto, Bluetooth, Vitres teintées, Volant/levier de vitesse en cuir, Volant multi-fonctions, 3 appuis têtes arrières, Volant réglable hauteur/profondeur Ariana
automobile.tn;Renault Clio Evolution 1.0 L TCe 100 100 cv;Renault;Clio;2024.0;52000.0;87000.0;Essence;;Ben Arous;6cv;;2026-08-04;2026-08-05;;https://www.automobile.tn/fr/occasion/renault/clio/128978;2.0;Android Auto | Apple Carplay;18000dt en main reste 36 mensualités de 1570dt Ariana
automobile.tn;Peugeot 308 Active 1.6 e-HDi 8V FAP BMP6 S&S 112 cv;Peugeot;308;2013.0;24000.0;443000.0;Diesel;;Ben Arous;5cv;;2026-08-04;2026-08-05;;https://www.automobile.tn/fr/occasion/peugeot/308/128977;0.0;;Peugeot 308 en très bon état importée de EU, 1ère main, service régulier chez Peugeot, peu de kilométrage 59000km Tunis
automobile.tn;Renault Clio Dynamique 1.2 16V 75 cv;Renault;Clio;2013.0;36500.0;19000.0;Essence;;Ariana;5cv;;2026-08-04;2026-08-05;;https://www.automobile.tn/fr/occasion/renault/clio/128928;1.0;Navigation;2016 Clo 4 Dynamique 1ere Main 37 900 DT légèrement Négociable 19/07/2016 TU 190 1.0L Essence 5 CV 147 000 KM Entretien maison Échange possible Disponible à notre showroom Ennaser Route X20 Contactez le : 22801802 / 25551771 Ariana
automobile.tn;Peugeot 308 Active Pack 1.2 THP Puretech 12V 110 cv;Peugeot;308;2022.0;42000.0;90000.0;Essence;;Tunis;6cv;;2026-08-04;2026-08-05;;https://www.automobile.tn/fr/occasion/peugeot/308/128976;3.0;Android Auto | Apple Carplay | Instrumentation numérique;P.MAIN 55 447 966 Tunis
automobile.tn;Citroën C3 Live 1.2 VTi PureTech 12V 82 cv;Citroën;C3;2019.0;37000.0;27000.0;Essence;;Tunis;5cv;;2026-08-04;2026-08-05;;https://www.automobile.tn/fr/occasion/citroen/c3/128974;1.0;Alarme anti-intrusion;29195223 VOITURE CITROËN C 3 PREMIÈRE A LA CARTE GRISE EN ÉTAT NEUF VOITURE TRÈS PROPRE INTÉRIEUR ET EXTÉRIEUR JAMAIS TOUCHÉE OU RETOUCHÉE PEINTURE D'ORIGINE ENTRETIENS RÉGULIERS CHEZ CONCESSIONNAIRE AVEC CARNET D'ENTRETIEN CLIMATISEUR EN FONCTION FERMETURE CENTRALISÉE CONNECTIVITÉ AUX BLOO TOUTH TÉLÉPHONE MAIN LIBRE Bizerte
automobile.tn;Renault Kwid Populaire 1.0 L 64 cv;Renault;Kwid Populaire;2022.0;33900.0;31000.0;Essence;;Ariana;4cv;;2026-08-04;2026-08-05;;https://www.automobile.tn/fr/occasion/renault/kwid/128923;0.0;;Je vends ma Renault Kwid, année 2023, en excellent état (proche du neuf) NUM : 94991372 Ariana
automobile.tn;Volkswagen Golf 7 Confortline 1.2 TSI 16V 110 cv;Volkswagen;Golf 7;2017.0;53500.0;125000.0;Essence;;Ariana;6cv;;2026-08-04;2026-08-05;;https://www.automobile.tn/fr/occasion/volkswagen/golf-7/128832;6.0;Alarme anti-intrusion | Android Auto | Apple Carplay | Instrumentation numérique | Caméra de recul | Accès sans clé;
automobile.tn;Peugeot 3008 Allure 1.6 HDi FAP 114 cv;Peugeot;3008;2011.0;36500.0;295000.0;Diesel;;Ben Arous;6cv;;2026-08-04;2026-08-05;;https://www.automobile.tn/fr/occasion/peugeot/3008/128825;0.0;;3008 essence octobre 2019 1ere main en bon état bien entretenue Monastir
automobile.tn;Peugeot 206 Berline 1.4 i 75 cv;Peugeot;206 Berline;2009.0;23500.0;187000.0;Essence;;Ben Arous;6cv;;2026-08-04;2026-08-05;;https://www.automobile.tn/fr/occasion/peugeot/206-berline/128824;0.0;;
automobile.tn;Volkswagen Tiguan;Volkswagen;Tiguan;2023.0;99000.0;158500.0;Hybride rechargeable essence;;Sousse;8cv;;2026-08-04;2026-08-05;;https://www.automobile.tn/fr/occasion/volkswagen/tiguan/128973;13.0;Alarme anti-intrusion | Affichage tête haute | Android Auto | Apple Carplay | Instrumentation numérique | Navigation | Palettes au volant | Caméra de recul | Caméras 360 | Coffre électrique | Accès sans clé | Conduite semi-autonome | Suspension pneumatique;Volkswagen Tiguan Rline BVA Toit Panoramique importée Fin Serie Tn263 Full option Voiture Importée Fin Serie Tn263 Model : 2023 Kilométrage : 80 000Km certifié Puissance : 8 CV Énergie : hybrid Téléphone : 21 912 839 / 53 484 585 On accepte l'échange Showroom BEN AMOU AUTO route de Beni Khiar Nabeul à côté du kiosque Shell Nabeul
automobile.tn;GWM Haval Jolion 1.5 T 143 cv Boîte auto;Gwm;Haval Jolion;2021.0;66000.0;125000.0;Essence;;Ben Arous;9cv;;2026-08-04;2026-08-05;;https://www.automobile.tn/fr/occasion/great-wall/jolion/128911;2.0;Caméra de recul | Caméras 360;2021 Haval Jolion BVA Toit pano 66 000 DT Négociable 15/07/2021 TU224 1.5L Essence 9 CV 126 000 KM Échange possible Disponible à notre showroom TUNISIE AUTO PRIX Ezzahra Contactez : 25551771 / 98759655 / 24111140 Ben Arous
automobile.tn;Volkswagen Golf 8;Volkswagen;Golf 8;2021.0;87000.0;69000.0;Hybride rechargeable essence;;Tunis;8cv;;2026-08-04;2026-08-05;;https://www.automobile.tn/fr/occasion/volkswagen/golf-8/128926;14.0;Alarme anti-intrusion | Android Auto | Apple Carplay | Instrumentation numérique | Palettes au volant | Sièges chauffants | Sièges massants | Sièges ventilés | Sièges électriques | Caméra de recul | Toit ouvrant | Toit panoramique | Accès sans clé | Conduite semi-autonome;Golf 8 essence Boite automatique importé de la France très propre comme neuf. Essence Boite automatique modèle /07/2021 Km 170 k Serie 262 Toutes options : Phares avant et Feux de jour ont LED Phares de route adaptatifs Feux arrière à LED Radar de stationnement AR/AV Caméra de recul Rétroviseurs électriques rabattables Démarrage sans clé Freinage automatique d'urgence jantes en aluminium Éclairage d'ambiance Capteur d'angle mort Avertisseur de franchissement de ligne USB-C| Apple Carplay |Android auto|bluetooth |chargeur de téléphone sans fil | Mirrorlink Gps Digital cockpit climatisation bi zone 5 pneus neufs Sousse
automobile.tn;BMW X3;Bmw;X3;2022.0;167000.0;44000.0;Hybride rechargeable essence;;Tunis;10cv;;2026-08-04;2026-08-05;;https://www.automobile.tn/fr/occasion/bmw/x3/128925;18.0;Alarme anti-intrusion | Affichage tête haute | Android Auto | Apple Carplay | Instrumentation numérique | Navigation | Palettes au volant | Sièges chauffants | Sièges massants | Sièges ventilés | Sièges électriques | Caméra de recul | Caméras 360 | Coffre électrique | Toit ouvrant | Toit panoramique | Accès sans clé | Conduite semi-autonome;BMW X3 xDrive30e Pack M – Fin 2022 PHEV – Hybride rechargeable Essence 2.0L – 10 CV 37.000 km TEL 23 117 917 Finition Pack M – Sport & élégance BMW Équipements & options : Pack M intérieur & extérieur Affichage tête haute (HUD) Cockpit digital Intérieur cuir haut de gamme Sièges électriques à mémoire & chauffants Toit ouvrant panoramique Caméra 360° + aides au stationnement Coffre électrique Rétroviseurs électriques rabattables & photosensibles Éclairage LED automatique Grand écran tactile multimédia Volant sport multifonction M Climatronic BMW X3 xDrive30e Pack M = luxe, performance et technologie hybride Disponible A MONASTIR 23 117 917 Monastir
automobile.tn;BMW Série 4 Coupé 420i 2.0 i 16V Steptronic8 184 cv Boîte auto;Bmw;Série 4 Coupé;2023.0;169000.0;52000.0;Essence;;Tunis;10cv;;2026-08-04;2026-08-05;;https://www.automobile.tn/fr/occasion/bmw/serie-4-coupe/128924;16.0;Alarme anti-intrusion | Affichage tête haute | Android Auto | Apple Carplay | Instrumentation numérique | Navigation | Palettes au volant | Sièges chauffants | Sièges massants | Sièges ventilés | Sièges électriques | Caméra de recul | Toit ouvrant | Toit panoramique | Accès sans clé | Conduite semi-autonome;Bmw série 4 coupé occasion à vendre Ariana
automobile.tn;Mazda 2;Mazda;2;2015.0;37000.0;114000.0;Essence;;Jendouba;5cv;;2026-08-04;2026-08-05;;https://www.automobile.tn/fr/occasion/mazda/2/128972;1.0;Caméra de recul;2016 Mazda 2 BVM5 32 500 DT Négociable 11/03/2016 TU 187 1.5L Essence 6 CV 193 000 KM Entretien a jour Échange possible Disponible SUR RDV à notre showroom Ennaser Route X20 Contactez le : 22801802 / 25551771 Ariana
automobile.tn;KIA Cee'd hybride rechargable GT 1.6 T-GDI 16V GPF DCT7 ISG 204 cv Boîte auto;Kia;Cee'd;2022.0;105000.0;90000.0;Essence;;Tunis;5cv;;2026-08-04;2026-08-05;;https://www.automobile.tn/fr/occasion/kia/ceed/128971;5.0;Android Auto | Apple Carplay | Navigation | Sièges électriques | Caméra de recul;Entretients a jours maison kia tunisie Prix negociable Ariana
automobile.tn;Peugeot 207 cc 1.6 e 16V 120cv;Peugeot;207 cc;2012.0;28000.0;170000.0;Essence;;Ben Arous;7cv;;2026-08-04;2026-08-05;;https://www.automobile.tn/fr/occasion/peugeot/207-cc/128970;0.0;;1 ère main achetée chez Peugeot stafim Tunis Prix négociable cause départ Visible à Sousse Réparation électricité du toit et coffre à prévoir et changement de pneu avant Pneu arrière neuf changé en 2025 Sousse
automobile.tn;GWM Haval Jolion 1.5 T 143 cv Boîte auto;Gwm;Haval Jolion;2021.0;66000.0;126000.0;Essence;;Ben Arous;9cv;;2026-08-04;2026-08-05;;https://www.automobile.tn/fr/occasion/great-wall/jolion/128969;11.0;Alarme anti-intrusion | Android Auto | Apple Carplay | Instrumentation numérique | Palettes au volant | Sièges chauffants | Caméra de recul | Caméras 360 | Toit ouvrant | Toit panoramique | Accès sans clé;Spark Auto vous propose une Haval Jolion à la vente. Cette voiture a été inspectée par nos agents pour garantir une qualité optimale. Un diagnostic complet est disponible sur notre site web. Tunis
automobile.tn;Mercedes-Benz Classe C AMG 180 1.5 i 16V EQ Boost 9G-TRONIC 170 cv Boîte auto;Mercedes-Benz;Classe C;2023.0;160000.0;64000.0;Hybride léger essence;;Ben Arous;9cv;;2026-08-04;2026-08-05;;https://www.automobile.tn/fr/occasion/mercedes-benz/classe-c/128967;0.0;;
automobile.tn;Ssangyong Rexton RX 200 2.0 e-XDi 16V 4WD T-Tronic 155 cv Boîte auto;Ssangyong;Rexton;2015.0;55000.0;277580.0;Diesel;;Ariana;10cv;;2026-08-04;2026-08-05;;https://www.automobile.tn/fr/occasion/ssangyong/rexton/128966;3.0;Alarme anti-intrusion | Caméra de recul | Toit ouvrant;
automobile.tn;Hyundai Tucson Executive 1.6 CRDi 16V Mild Hybrid 2WD DCT7 S&S 136 cv Boîte auto;Hyundai;Tucson;2020.0;75000.0;157230.0;Hybride léger diesel;;Ariana;7cv;;2026-08-04;2026-08-05;;https://www.automobile.tn/fr/occasion/hyundai/tucson/128965;0.0;;2020 Hyundai Tucson hybride BVA 78 000 DT Négociable 20/02/2020 TU249 1.6L Diesel 7 CV 127 000 KM Échange possible Disponible à notre showroom TUNISIE AUTO PRIX Ezzahra Contactez : 25551771 / 98759655 / 24111140 Ben Arous
automobile.tn;Audi A6 Ambition Luxe;Audi;A6;2015.0;65000.0;184529.0;Essence;;Ariana;10cv;;2026-08-04;2026-08-05;;https://www.automobile.tn/fr/occasion/audi/a6/128964;3.0;Alarme anti-intrusion | Sièges électriques | Caméra de recul;
automobile.tn;Nissan Juke Tekna Perso 1.0 DIG-T 12V 7DCT 117 cv Boîte auto;Nissan;Juke;2024.0;75000.0;22000.0;Essence;;Ariana;6cv;;2026-08-04;2026-08-05;;https://www.automobile.tn/fr/occasion/nissan/juke/128963;7.0;Alarme anti-intrusion | Android Auto | Apple Carplay | Palettes au volant | Caméra de recul | Caméras 360 | Accès sans clé;A vendre nouvelle Juke , en très bon état, toutes options de couleur noire avec boite automatique, cuir alcantara, jaute 19, caméra 360°, état impeccable. Prix négociable. Tunis
automobile.tn;Seat Arona Xcellence 1.0 TSi 12V 110 cv;Seat;Arona;2021.0;65000.0;84965.0;Essence;;Ariana;6cv;;2026-08-04;2026-08-05;;https://www.automobile.tn/fr/occasion/seat/arona/128962;0.0;;SUV, 6 cv, transmission Traction, Accoudoir avant, Autoradio, Autoradio CD, Autoradio CD/Mp3, Apple Carplay, Android Auto, Bluetooth, Connectivité Aux, usb, iPod, Navigation, Sièges réglables en hauteur, Volant/levier de vitesse en cuir, Volant multi-fonctions, 3 appuis têtes arrières, Volant réglable hauteur/profondeur La Manouba
automobile.tn;Hyundai Grand i10 Populaire 1.0 65cv populaire;Hyundai;Grand i10;2024.0;46000.0;26351.0;Essence;;Ariana;4cv;;2026-08-04;2026-08-05;;https://www.automobile.tn/fr/occasion/hyundai/grand-i10/128961;1.0;Alarme anti-intrusion;Hyandai i10 populaire 2 ans exactement 6200 km seulement. Jamais touché en excellent état d'origine. Vente cause départ à l'étranger. Prix final 45 milles dinars. Disponible à Sousse. Téléphone ou WhatsApp 52110114 Merci Sousse
automobile.tn;Smart ForFour passion 1.0 i 12V S&S 71 cv;Smart;ForFour;2016.0;26500.0;89000.0;Essence;;Ben Arous;4cv;;2026-08-04;2026-08-05;;https://www.automobile.tn/fr/occasion/smart/forfour/128960;0.0;;
automobile.tn;Suzuki Celerio Populaire 1.0 L 68 cv;Suzuki;Celerio;2019.0;31900.0;40000.0;Essence;;Ben Arous;4cv;;2026-08-04;2026-08-05;;https://www.automobile.tn/fr/occasion/suzuki/celerio/128959;0.0;;Suzuki Celerio populaire · Année : 2018 · Puissance fiscale : 4 cv (moteur 1.0 L essence) · Peinture d'origine · Kilométrage : 116 mille · Boîte : Manuelle · Prix : 30,500 · Très économique (consommation mixte 4,3 L/100 km) · Climatisée, radar de recul, vitres électriques + batterie neuve · Entretien courant à jour N° 24 27 53 73 Tunis
automobile.tn;KIA Sportage EX 1.6 T-GDI 16V 265 PHEV 4x4 179 cv Boîte auto;Kia;Sportage;2026.0;155000.0;8000.0;Hybride rechargeable essence;;Tunis;8cv;;2026-08-04;2026-08-05;;https://www.automobile.tn/fr/occasion/kia/sportage/128958;15.0;Alarme anti-intrusion | Affichage tête haute | Android Auto | Apple Carplay | Instrumentation numérique | Navigation | Palettes au volant | Sièges chauffants | Sièges ventilés | Sièges électriques | Caméra de recul | Caméras 360 | Accès sans clé | Conduite semi-autonome | Suspension pneumatique;SUV, 10 cv, transmission Intégrale Ariana
automobile.tn;MG ZS Luxe 1.5 L 114 cv Boîte auto;Mg;ZS;2020.0;61000.0;81000.0;Essence;;Ben Arous;7cv;;2026-08-04;2026-08-05;;https://www.automobile.tn/fr/occasion/mg/zs/128941;2.0;Caméra de recul | Toit ouvrant;En vente MG ZS 2020 état proche du neuf. 82.000km seulement. peinture entièrement d'origine. vitrage d'origine. entretien à jour. moteur 4 cylindre essence atmosphérique 7cv boite automatique. toit ouvrant. caméra de recul. LED avant et arrière intérieur cuir neuf. loccalisation sidi rzig ben arous. numéro 28489994 Ben Arous
automobile.tn;Nissan Juke 1.6 L 4X2 117 cv;Nissan;Juke;2015.0;39000.0;180000.0;Essence;;Ben Arous;6cv;;2026-08-04;2026-08-05;;https://www.automobile.tn/fr/occasion/nissan/juke/128897;9.0;Alarme anti-intrusion | Android Auto | Apple Carplay | Navigation | Sièges électriques | Caméra de recul | Caméras 360 | Toit ouvrant | Toit panoramique;Nissan juke Diesel 1.5 55 447 966 Tunis
automobile.tn;Volkswagen Golf 8 Style 1.5 eTSi 16V BMT DSG7 150 cv Boîte auto;Volkswagen;Golf 8;2020.0;85000.0;139000.0;Hybride léger essence;;Ben Arous;8cv;;2026-08-04;2026-08-05;;https://www.automobile.tn/fr/occasion/volkswagen/golf-8/128891;14.0;Alarme anti-intrusion | Android Auto | Apple Carplay | Instrumentation numérique | Navigation | Palettes au volant | Sièges massants | Sièges électriques | Caméra de recul | Coffre électrique | Toit ouvrant | Toit panoramique | Accès sans clé | Conduite semi-autonome;Dispo à sfax aussi Gabès
automobile.tn;MG ZS Luxe 1.5 L 114 cv Boîte auto;Mg;ZS;2019.0;51000.0;157000.0;Essence;;Tunis;7cv;;2026-08-04;2026-08-05;;https://www.automobile.tn/fr/occasion/mg/zs/128809;2.0;Caméra de recul | Toit ouvrant;
automobile.tn;Mahindra KUV 100 K8 1.2 82cv;Mahindra;KUV 100;2023.0;32000.0;90000.0;Essence;;Ariana;5cv;;2026-08-04;2026-08-05;;https://www.automobile.tn/fr/occasion/mahindra/kuv-100/128954;2.0;Alarme anti-intrusion | Accès sans clé;SUV, 5 cv, transmission Traction, Autoradio, Autoradio CD, Autoradio CD/Mp3, Bluetooth, Boîte à gants réfrigérée, Connectivité Aux, usb, iPod, Navigation, Sièges réglables en hauteur Ariana
automobile.tn;Citroën C3 Live 1.2 VTi PureTech 12V 82 cv;Citroën;C3;2019.0;34500.0;79000.0;Essence;;Bizerte;4cv;;2026-08-04;2026-08-05;;https://www.automobile.tn/fr/occasion/citroen/c3/128887;0.0;;voiture 1ère main jamais accidentée alarme antivol habillage intérieur complet fermeture à distance faible kilomètrage faible consommation clim en marche tous les entretiens chez le concessionnaire factures d'appuies La Manouba
automobile.tn;KIA Rio 5p GX 1.2 i-CVVT 16V ISG 84 cv;Kia;Rio 5p;2021.0;58000.0;50600.0;Essence;;Sousse;5cv;;2026-08-04;2026-08-05;;https://www.automobile.tn/fr/occasion/kia/rio-5p/128864;3.0;Android Auto | Apple Carplay | Caméra de recul;Très faible kilométrage 26000 (voiture d'une femme en retraite) 1ère main Très bon état - Bien entretenue Sousse
automobile.tn;BMW Série 3;Bmw;Série 3;2012.0;49000.0;172000.0;Essence;;Monastir;7cv;;2026-08-04;2026-08-05;;https://www.automobile.tn/fr/occasion/bmw/serie-3/128781;7.0;Alarme anti-intrusion | Palettes au volant | Sièges chauffants | Sièges électriques | Toit ouvrant | Accès sans clé | Suspension pneumatique;Prix légèrement négociable Tunis
automobile.tn;Seat Ateca FR 1.4 L TSI 150 cv Boîte auto;Seat;Ateca;2023.0;88500.0;97000.0;Essence;;Bizerte;8cv;;2026-08-04;2026-08-05;;https://www.automobile.tn/fr/occasion/seat/ateca/128957;10.0;Android Auto | Apple Carplay | Navigation | Palettes au volant | Sièges chauffants | Caméras 360 | Coffre électrique | Toit ouvrant | Toit panoramique | Accès sans clé;
automobile.tn;Mercedes-Benz CLA 200 CDi 2.1 CDI 16V 136 cv;Mercedes-Benz;CLA;2015.0;82000.0;90000.0;Diesel;;Bizerte;7cv;;2026-08-04;2026-08-05;;https://www.automobile.tn/fr/occasion/mercedes-benz/cla/128956;0.0;;Berline, 7 cv, transmission Traction, Accoudoir avant, Sièges sport, Volant multi-fonctions Ariana
automobile.tn;Honda HR-V LX Confort;Honda;HR-V;2019.0;60000.0;99000.0;Essence;;Ben Arous;7cv;;2026-08-04;2026-08-05;;https://www.automobile.tn/fr/occasion/honda/hr-v/128955;1.0;Sièges chauffants;"1ère main / Acheté de ""maison Honda"" (11/2019) 70 000 KM Très bien entretenue City conduite | court trajet Toute maintenance effectuée chez concessionaire ""Honda"" Modèle crossover Consommation mixte : 6,7 L/100 km ( city driving) Tunis"
automobile.tn;Volkswagen Polo R-Line 1.0 i 12V 75 cv;Volkswagen;Polo;2021.0;59500.0;50000.0;Essence;;Tunis;4cv;;2026-08-04;2026-08-05;;https://www.automobile.tn/fr/occasion/volkswagen/polo/128898;0.0;;
automobile.tn;Toyota C-HR 1.2 L 116 cv Boîte auto;Toyota;C-HR;2022.0;78000.0;51000.0;Essence;;Tunis;6cv;;2026-08-04;2026-08-05;;https://www.automobile.tn/fr/occasion/toyota/c-hr/128899;0.0;;
automobile.tn;KIA Rio 5p SX 1.2 i-CVVT 16V 84 cv;Kia;Rio 5p;2020.0;43500.0;130000.0;Essence;;Sousse;5cv;;2026-08-03;2026-08-05;;https://www.automobile.tn/fr/occasion/kia/rio-5p/128953;2.0;Caméra de recul | Accès sans clé;PRIX LEGEREMENT NEGOCIABLE. Tunis
automobile.tn;MG HS Luxury 1.5 162 cv Boîte auto;Mg;HS;2020.0;52000.0;214000.0;Essence;;Tunis;10cv;;2026-08-03;2026-08-05;;https://www.automobile.tn/fr/occasion/mg/hs/128952;8.0;Android Auto | Apple Carplay | Sièges chauffants | Sièges électriques | Caméra de recul | Toit ouvrant | Toit panoramique | Accès sans clé;SUV, 10 cv, transmission Traction, Accoudoir avant, Accoudoir arrière, Autoradio, Autoradio CD, Autoradio CD/Mp3, Apple Carplay, Bluetooth, Sièges chauffants, Sièges réglables en hauteur, Volant/levier de vitesse en cuir, Volant multi-fonctions, 3 appuis têtes arrières, Volant réglable hauteur/profondeur Bizerte
automobile.tn;Audi A3 Sportback 1.9 TDi 105cv;Audi;A3 Sportback;2004.0;23000.0;500000.0;Diesel;;Ben Arous;6cv;;2026-08-03;2026-08-05;;https://www.automobile.tn/fr/occasion/audi/a3-sportback/128951;0.0;;Compacte, 5 cv, transmission Traction, Accoudoir avant, Autoradio, Autoradio CD, Autoradio CD/Mp3, Bluetooth, Vitres teintées, Volant/levier de vitesse en cuir, Volant multi-fonctions, 3 appuis têtes arrières, Volant réglable hauteur/profondeur Tunis
automobile.tn;Mercedes-Benz GLC Coupé 250 d 2.1 d 16V 4MATIC 9G-Tronic 204 cv Boîte auto;Mercedes-Benz;GLC Coupé;2017.0;139000.0;161000.0;Diesel;;Sfax;12cv;;2026-08-03;2026-08-05;;https://www.automobile.tn/fr/occasion/mercedes-benz/glc-coupe/128950;4.0;Alarme anti-intrusion | Caméra de recul | Caméras 360 | Coffre électrique;2017 Mercedes GLC 220d Coupe 4 Matic BVA 137 900 DT Négociable 07/11/2017 TU 257 Importée 2.2L Diesel 9 CV 128 000 KM a jour Échange possible Disponible SUR RDV à notre showroom Ennaser Route X20 Contactez le : 22801802 / 25 551 771 Ariana
automobile.tn;Volkswagen Golf 7 Lounge 1.2 TSI 16V Blue Motion S&S 86 cv;Volkswagen;Golf 7;2016.0;56000.0;160000.0;Essence;;Sousse;5cv;;2026-08-03;2026-08-05;;https://www.automobile.tn/fr/occasion/volkswagen/golf-7/128949;0.0;;2014 Volkswagen Golf 7 Smartline BVM6 42 500 DT Négociable 10/01/2014 TU188 1.2L Essence 5 CV 230 000 KM Échange possible Disponible à notre showroom TUNISIE AUTO PRIX Ezzahra Contactez : 98759655 / 25551771 / 24111140 Ben Arous
automobile.tn;Jaguar XF Luxe 2.0 Ti 16V 240 cv Boîte auto;Jaguar;XF;2014.0;55000.0;182000.0;Essence;;Tunis;15cv;;2026-08-03;2026-08-05;;https://www.automobile.tn/fr/occasion/jaguar/xf/128915;6.0;Alarme anti-intrusion | Palettes au volant | Sièges électriques | Caméra de recul | Coffre électrique | Accès sans clé;Berline, 15 cv, transmission Propulsion, Accoudoir avant, Accoudoir arrière, Autoradio, Autoradio CD, Autoradio CD/Mp3, Palettes au volant, Vitres teintées, Volant/levier de vitesse en cuir, Volant multi-fonctions, Volant réglable hauteur/profondeur Tunis
automobile.tn;Chery Tiggo 2 Confort 1.5 106 cv;Chery;Tiggo 2;2021.0;45000.0;66000.0;Essence;;Ariana;6cv;;2026-08-03;2026-08-05;;https://www.automobile.tn/fr/occasion/chery/tiggo-2/128948;3.0;Android Auto | Apple Carplay | Caméra de recul;Accoudoire et Porte baggage sur toit d'origine ajoutés. N'est pas trop utilisée vu télétravail. Toute entretien est fait chez STA Tunis. Tunis
automobile.tn;Isuzu D-Max Double Cabine 2.5 thailand 1.9 Ddi Pickup Double cab 4WD 164 cv;Isuzu;D-Max Double Cabine;2022.0;130000.0;81000.0;Diesel;;Gabès;8cv;;2026-08-03;2026-08-05;;https://www.automobile.tn/fr/occasion/isuzu/d-max-dc/128947;0.0;;Véhicule très propre ayant très peu roulé. Pièces d'origine. Tunis
automobile.tn;Hyundai Creta;Hyundai;Creta;2017.0;70000.0;59000.0;Essence;;Gabès;6cv;;2026-08-03;2026-08-05;;https://www.automobile.tn/fr/occasion/hyundai/creta/128946;6.0;Alarme anti-intrusion | Affichage tête haute | Navigation | Sièges électriques | Caméra de recul | Conduite semi-autonome;P.MAIN 55 447 966 Tunis
automobile.tn;Mercedes-Benz Classe C AMG + 200 1.5 i 16V EQ Boost 9G-TRONIC 204 cv Boîte auto;Mercedes-Benz;Classe C;2022.0;229000.0;35000.0;Hybride léger essence;;Tunis;11cv;;2026-08-03;2026-08-05;;https://www.automobile.tn/fr/occasion/mercedes-benz/classe-c/128910;14.0;Alarme anti-intrusion | Android Auto | Apple Carplay | Instrumentation numérique | Navigation | Palettes au volant | Sièges chauffants | Sièges électriques | Caméra de recul | Caméras 360 | Toit ouvrant | Toit panoramique | Accès sans clé | Conduite semi-autonome;
automobile.tn;Geely GC6 1.5 l 100 cv;Geely;GC6;2021.0;33000.0;65000.0;Essence;;Ben Arous;6cv;;2026-08-03;2026-08-05;;https://www.automobile.tn/fr/occasion/geely/gc-6/128943;0.0;;
automobile.tn;Seat Ateca Xperience 1.4 L TSI 150 cv Boîte auto;Seat;Ateca;2023.0;93000.0;68000.0;Essence;;Nabeul;8cv;;2026-08-03;2026-08-05;;https://www.automobile.tn/fr/occasion/seat/ateca/128942;10.0;Android Auto | Apple Carplay | Navigation | Palettes au volant | Sièges chauffants | Caméras 360 | Coffre électrique | Toit ouvrant | Toit panoramique | Accès sans clé;Seat Ateca Xperience 2023 – 35 000 km – Full Options – État exceptionnel À vendre Seat Ateca Xperience, modèle 2023, affichant seulement 35 000 km. Un SUV élégant, puissant et parfaitement entretenu, offrant un niveau d'équipement très complet. Caractéristiques : - Moteur 1.4 TSI – 150 ch – 250 Nm - 8 CV fiscaux - Boîte automatique 8 rapports - 35 000 km Équipements : Toit panoramique ouvrant Caméras avant et arrière Radars de stationnement avant et arrière Park Assist (stationnement automatique) GPS intégré Apple CarPlay Jantes alliage 18 pouces Projecteurs Full LED Climatisation automatique Tri-Zone Régulateur et limiteur de vitesse Accès et démarrage sans clé (Keyless) Hayon électrique Finition Xperience Véhicule en excellent état, intérieur et extérieur impeccables, entretien rigoureux à dar enakl Prix légèrement négociable Pour plus d'informations contactez 25310111 Ariana
automobile.tn;KIA Rio 5p GT-Line 1.2 i-CVVT 16V ISG 84 cv;Kia;Rio 5p;2021.0;59000.0;135000.0;Essence;;Ben Arous;5cv;;2026-08-03;2026-08-05;;https://www.automobile.tn/fr/occasion/kia/rio-5p/128940;4.0;Android Auto | Apple Carplay | Caméra de recul | Accès sans clé;Voiture propre Le Kef
automobile.tn;Mercedes-Benz Classe S 320 CDi 3.0 CDI V6 24V 7G-TRONIC 235 cv Boîte auto;Mercedes-Benz;Classe S;2008.0;85000.0;149000.0;Diesel;;Tunis;15cv;;2026-08-03;2026-08-05;;https://www.automobile.tn/fr/occasion/mercedes-benz/classe-s/128939;11.0;Navigation | Palettes au volant | Sièges chauffants | Sièges ventilés | Sièges électriques | Caméra de recul | Coffre électrique | Toit ouvrant | Accès sans clé | Conduite semi-autonome | Suspension pneumatique;2008 Mercedes S350 Limousine BVA Toit ouvrant 95 000 DT Négociable 08/08/2008 TU134 3.5L Essence 19 CV 151 000 KM Échange possible Disponible à notre showroom TUNISIE AUTO PRIX Ezzahra Contactez : 98759655/24111140/25551771 Ben Arous
automobile.tn;Mercedes-Benz Classe E coupé Avantgarde 350 3.5 V6 24V 7G-TRONIC BlueEFFICIENCY 306 cv Boîte auto;Mercedes-Benz;Classe E coupé;2009.0;75000.0;153000.0;Essence;;Tunis;19cv;;2026-08-03;2026-08-05;;https://www.automobile.tn/fr/occasion/mercedes-benz/classe-e-coupe/128938;3.0;Palettes au volant | Sièges chauffants | Sièges électriques;Mercedes Classe Ecoupé occasion à vendre Ariana
automobile.tn;Renault Kadjar Intens 1.2 Tce 16V FWD 131 cv;Renault;Kadjar;2016.0;47000.0;215000.0;Essence;;Tunis;7cv;;2026-08-03;2026-08-05;;https://www.automobile.tn/fr/occasion/renault/kadjar/128937;5.0;Android Auto | Apple Carplay | Navigation | Caméra de recul | Toit panoramique;SUV, 7 cv, transmission Traction, Accoudoir avant, Autoradio, Autoradio CD, Autoradio CD/Mp3, Apple Carplay, Android Auto, Bluetooth, Navigation, 3 appuis têtes arrières, Volant réglable hauteur/profondeur La Manouba
automobile.tn;Volkswagen Golf 7 Smartline 1.0 TSI GPF 12V Blue Motion 116 cv;Volkswagen;Golf 7;2017.0;62000.0;178000.0;Essence;;Tunis;6cv;;2026-08-03;2026-08-05;;https://www.automobile.tn/fr/occasion/volkswagen/golf-7/128936;0.0;;Je mets en vente ma Volkswagen Golf 7 Join Navi en excellent état. Première main, importée d'Allemagne en août 2023, elle est richement équipée, notamment d'un GPS d'origine et du système de freinage d'urgence, un équipement de sécurité qui surveille la route en permanence, alerte le conducteur en cas de danger et peut déclencher un freinage automatique pour prévenir ou limiter les collisions. Tunis
automobile.tn;Cupra Formentor Exclusive 2.0 TSI 16V DSG 7 190 cv Boîte auto;Cupra;Formentor;2023.0;99000.0;100000.0;Essence;;Tunis;11cv;;2026-08-03;2026-08-05;;https://www.automobile.tn/fr/occasion/cupra/formentor/128935;7.0;Apple Carplay | Navigation | Palettes au volant | Caméra de recul | Toit ouvrant | Toit panoramique | Accès sans clé;Cupra formentor 2L âgé de 30 mois TU 240 Visible à manar Tunis Couleur ext gris et intérieur vert Prix 114MD Tel : 28862589 Tunis
automobile.tn;MG ZS Luxe 1.5 L 114 cv Boîte auto;Mg;ZS;2019.0;49000.0;200500.0;Essence;;Tunis;7cv;;2026-08-03;2026-08-05;;https://www.automobile.tn/fr/occasion/mg/zs/128934;2.0;Caméra de recul | Toit ouvrant;
automobile.tn;BYD Song Plus Premium Edition 1.5 L DM-i 265 cv Boîte auto;Byd;Song Plus;2026.0;120000.0;200.0;Hybride rechargeable essence;;Tunis;5cv;;2026-08-03;2026-08-05;;https://www.automobile.tn/fr/occasion/byd/song-plus/128933;14.0;Android Auto | Apple Carplay | Instrumentation numérique | Navigation | Sièges chauffants | Sièges ventilés | Sièges électriques | Caméra de recul | Caméras 360 | Coffre électrique | Toit ouvrant | Toit panoramique | Accès sans clé | Conduite semi-autonome;Version Flagship importé autonomie 160km cltc (130km wltp) Bizerte
automobile.tn;Ford Fiesta Titanium 1.25 i 16V 82 cv;Ford;Fiesta;2014.0;33000.0;199000.0;Essence;;Tunis;5cv;;2026-08-03;2026-08-05;;https://www.automobile.tn/fr/occasion/ford/fiesta/128932;0.0;;A Vendre FORD FIESTA Titanium Phase 2 Essence 4cy 5cv ,Très économique faible consommation,En bonne etat ,Tres bien entretenu ,Toute est fonctionnel, Idéale pour la ville comme pour les longs trajets Model : 2015 KM : 168.000km PRIX : 33.500dt Essence 4cy 5cv Climatisation Climatronic Jantes aluminium Feux de jour à LED Antibrouillards avant Volant multifonction en cuir Pommeau de levier en cuir Bluetooth USB / AUX Commandes audio au volant Système Ford SYNC Ordinateur de bord Rétroviseurs électriques Fermeture centralisée Direction assistée Siège conducteur réglable en hauteur Accoudoir avant ABS Airbags frontaux, latéraux et genoux EBD / EBA (aide au freinage) Fixations ISOFIX … Ariana
automobile.tn;Renault Twingo exelente 1.2 16V LEV 75 cv;Renault;Twingo;2012.0;27000.0;180000.0;Essence;;Nabeul;4cv;;2026-08-03;2026-08-05;;https://www.automobile.tn/fr/occasion/renault/twingo/128930;2.0;Toit ouvrant | Toit panoramique;2021 RENAULT TWINGO TÉLÉPHONE : 29 531 309 / 22 227 007 50 222 571 10/05/2021 TU 257 125 000 KM 0.9 L ESSENCE 4 CV Échange possible Disponible à notre showroom CARHABTI 118 RUE IBN JAZZAR DERRIÈRE CARREFOUR LA MARSA Tunis
automobile.tn;Land Rover Range Rover Velar;Land Rover;Range Rover Velar;2006.0;24000.0;240000.0;Essence;;Tunis;9cv;;2026-08-03;2026-08-05;;https://www.automobile.tn/fr/occasion/land-rover/range-rover-velar/128929;1.0;Alarme anti-intrusion;LAND ROVER RANGE ROVER VELAR occasion à vendre tunisie Tunis
automobile.tn;Fiat Fiorino 1.3 MJTD 16V Fourgon 75 cv;Fiat;Fiorino;2024.0;44000.0;32700.0;Diesel;;Nabeul;5cv;;2026-08-03;2026-08-05;;https://www.automobile.tn/fr/occasion/fiat/fiorino/128927;0.0;;2024 Fiat Fiorino 1ère main 41 500 DT Négociable 10/06/2024 TU244 1.3L Diesel 5 CV 70 000 KM Échange possible Disponible à notre showroom TUNISIE AUTO PRIX Ezzahra Contactez : 24111140 / 25551771 / 98759655 Ben Arous
automobile.tn;Land Rover Discovery Sport Luxury 2.2 SD4 16V 4x4 5PL 190 cv Boîte auto;Land Rover;Discovery Sport;2014.0;92000.0;141000.0;Diesel;;Tunis;11cv;;2026-08-03;2026-08-05;;https://www.automobile.tn/fr/occasion/land-rover/discovery-sport/128892;12.0;Alarme anti-intrusion | Affichage tête haute | Navigation | Palettes au volant | Sièges chauffants | Sièges massants | Sièges ventilés | Sièges électriques | Caméras 360 | Coffre électrique | Toit panoramique | Accès sans clé;Véhicule spacieux et doté d'une très longue liste d'options premium. Idéal pour la famille et prêt pour toutes les aventures. Véhicule très bien entretenu, idéal pour les connaisseurs de la marque qui recherchent la fiabilité mécanique. Motorisation : Moteur 2.2 TD4 (Moteur d'origine PSA/Ford, réputé robuste et bien plus fiable que le bloc Ingenium des années suivantes). Boîte de vitesses : Automatique 9 rapports. Kilométrage : 221 000 km Gros travaux récents effectués (Zéro frais à prévoir) : pneux avant tout neufs Vidange et Étanchéité refaite à neuf de la boîte de vitesses (Remplacement des pare-huiles). Supports moteurs neufs installés (Aucune vibration, confort de route optimal). Courroie de distribution remplacée Vidange et entretien complet à jour. Voiture propre, mécanique saine et prête à prendre la route. Ariana
automobile.tn;Toyota Corolla Dynamic 1.2 T 16V CVT 116 cv Boîte auto;Toyota;Corolla;2020.0;65000.0;100000.0;Essence;;Ariana;6cv;;2026-08-03;2026-08-05;;https://www.automobile.tn/fr/occasion/toyota/corolla-5p/128884;4.0;Android Auto | Apple Carplay | Caméra de recul | Accès sans clé;Toyota Corolla Dynamic - Boite auto -Noir Métallisé – Première main – Très peu roulée Je mets en vente ma Toyota Corolla Dynamic en excellent état général, première main, très peu roulée et entretenue exclusivement chez Toyota. Toutes options (hors toit ouvrant) Entretien 100 % Toyota avec historique disponible Véhicule très bien entretenu Aucun frais mécanique à prévoir Climatisation automatique Caméra de recul Régulateur / limiteur de vitesse Système multimédia Bluetooth, Apple CarPlay et Android Auto Démarrage sans clé Jantes alliage Faible consommation Véhicule fiable, confortable et économique Contrôle et essai possibles Ariana
automobile.tn;Mercedes-Benz GLA AMG 250e 1.3 i 16V 218 EQ Power 8G-DCT 163 cv Boîte auto;Mercedes-Benz;GLA;2025.0;182000.0;11565.0;Hybride rechargeable essence;;Ariana;9cv;;2026-08-03;2026-08-05;;https://www.automobile.tn/fr/occasion/mercedes-benz/gla/128861;0.0;;SUV, 8 cv, transmission Traction Ariana
automobile.tn;Toyota C-HR 2.0 VVT-i 16V 223 PHEV CVT 153 cv Boîte auto;Toyota;C-HR;2025.0;135000.0;59070.0;Hybride rechargeable essence;;Ariana;8cv;;2026-08-03;2026-08-05;;https://www.automobile.tn/fr/occasion/toyota/c-hr/128848;0.0;;29 551 553 55 447 966 Tunis
automobile.tn;KIA Sportage SX 1.6 CRDi 16V VGT Mhev 4x2 DCT7 136 cv Boîte auto;Kia;Sportage;2024.0;125000.0;65119.0;Hybride léger diesel;;Ariana;7cv;;2026-08-03;2026-08-05;;https://www.automobile.tn/fr/occasion/kia/sportage/128847;0.0;;* KIA SPORTAGE importée de l’Allemagne 1ere main * - Modèle : 03 / 2023 - Kilométrage : 92000 km - Puissance fiscale : 7 cv - Energie : Diesel / hybride léger - Boite Automatique ronde - Full LED - Volant multifonctions - Start / Stop - Volant multifonction - Écran curved HD 2x12 pouces Tél : 21 023 464 (propriétaire particulier) Envoyer un message Nabeul
automobile.tn;Mercedes-Benz Classe A AMG Premium 250 e 1.3 Ti 16V 218 EQ Power 8G-DCT 163 cv Boîte auto;Mercedes-Benz;Classe A;2023.0;135000.0;36854.0;Hybride rechargeable essence;;Ariana;9cv;;2026-08-03;2026-08-05;;https://www.automobile.tn/fr/occasion/mercedes-benz/classe-a/128846;0.0;;Mercedes-Benz A 250 e AMG Line Premium Plus AMG Line Premium Plus MANUFAKTUR Mountain Grey Magno Paintwork 19-inch AMG Multi-Spoke Light-Alloy Wheels Burmester Surround Sound System 360 Camera Driving Assistance Package Plus Active Distance Assist DISTRONIC Active Steering Assist Active Lane Keeping Assist Blind Spot Assist Traffic Sign Assist Active Brake Assist Head-up Display Panoramic Sliding Sunroof Memory Package Electrically Adjustable Front Seats with Memory Function Heated Front Seats KEYLESS-GO Comfort Package KEYLESS-GO Access (All Four Doors) Hands-Free Access EASY-PACK Electric Tailgate MBUX Multimedia System MBUX Augmented Real Ariana
automobile.tn;Mercedes-Benz CLA AMG Edition 1 250 e 1.3 i 16V GPF 218 PHEV 160 cv Boîte auto;Mercedes-Benz;CLA;2021.0;135000.0;38509.0;Hybride rechargeable essence;;Ariana;8cv;;2026-08-03;2026-08-05;;https://www.automobile.tn/fr/occasion/mercedes-benz/cla/128845;0.0;;Berline, 9 cv, transmission Traction Ariana
automobile.tn;BMW Série 2 Gran Coupé Lounge 218i 1.5 i 12V Steptronic7 140 cv Boîte auto;Bmw;Série 2 Gran Coupé;2022.0;106950.0;85000.0;Essence;;Tunis;8cv;;2026-08-03;2026-08-05;;https://www.automobile.tn/fr/occasion/bmw/serie-2-gran-coupe/128922;6.0;Apple Carplay | Instrumentation numérique | Navigation | Caméra de recul | Toit ouvrant | Toit panoramique;P.MAIN 29551553 Tunis
automobile.tn;Mercedes-Benz Classe E coupé AMG 250 CGI 1.8 16V CGI BlueEFFICIENCY 204 cv Boîte auto;Mercedes-Benz;Classe E coupé;2010.0;48000.0;262000.0;Essence;;Ben Arous;12cv;;2026-08-03;2026-08-05;;https://www.automobile.tn/fr/occasion/mercedes-benz/classe-e-coupe/128921;7.0;Alarme anti-intrusion | Instrumentation numérique | Palettes au volant | Sièges électriques | Coffre électrique | Toit ouvrant | Toit panoramique;"MERCEDES-BENZ E200 Modèle : 01 / 2018 Kilométrage : 56.000 km Puissance fiscale : 11 cv Energie : Essence 2.0L Boite Automatique Camera Feux LED / Xénon Climatronic Start / Stop Volant multifonction Lumière d'ambiance Toit Panoramique Jantes 18"" Sièges en cuir alcantara 20 525 317 / 96 58 58 96 Tunis"
automobile.tn;Nissan X-trail 2.5 i 16V XTRONIC CVT 4WD 171 cv Boîte auto;Nissan;X-trail;2015.0;75000.0;110000.0;Essence;;Bizerte;10cv;;2026-08-03;2026-08-05;;https://www.automobile.tn/fr/occasion/nissan/x-trail/128886;0.0;;2004 NISSAN X-TRAIL TÉLÉPHONE : 50 222 571 / 22 227 007 22/07/2004 TU 215 2.2 L DIESEL 9 CV 357 000 KM Échange possible Disponible sur rendez-vous à notre showroom CARHABTI 118 RUE IBN JAZZAR DERRIÈRE CARREFOUR LA MARSA Tunis
automobile.tn;MG 4 Luxury+ EV Maximum Range 204 cv Boîte auto;Mg;4;2024.0;70000.0;43000.0;Electrique;;Ariana;5cv;;2026-08-03;2026-08-05;;https://www.automobile.tn/fr/occasion/mg/4/128879;7.0;Android Auto | Apple Carplay | Navigation | Sièges électriques | Caméras 360 | Accès sans clé | Conduite semi-autonome;
automobile.tn;Fiat Doblo Maxi 3 places Maxi 1.3 MJTD 16V Fourgon long 90 cv;Fiat;Doblo Maxi;2020.0;24900.0;240000.0;Diesel;;Sousse;5cv;;2026-08-03;2026-08-05;;https://www.automobile.tn/fr/occasion/fiat/doblo-maxi/128920;1.0;Alarme anti-intrusion;Pneus et batterie neufs Très bien entretenue Bonne état Tunis
automobile.tn;KIA Cerato 1.6 L BVM 130 cv;Kia;Cerato;2014.0;38300.0;201000.0;Essence;;Ariana;7cv;;2026-08-03;2026-08-05;;https://www.automobile.tn/fr/occasion/kia/cerato/128919;10.0;Alarme anti-intrusion | Affichage tête haute | Android Auto | Apple Carplay | Instrumentation numérique | Navigation | Palettes au volant | Caméra de recul | Accès sans clé | Suspension pneumatique;
automobile.tn;Volkswagen Polo R-Line 1.0 i 12V 75 cv;Volkswagen;Polo;2022.0;57000.0;79000.0;Essence;;Sousse;4cv;;2026-08-03;2026-08-05;;https://www.automobile.tn/fr/occasion/volkswagen/polo/128918;4.0;Caméra de recul | Toit ouvrant | Toit panoramique | Accès sans clé;À vendre magnifique Volkswagen Polo 8 finition R-Line, mise en circulation en 2022, avec seulement 3 843 KM. Véhicule en état exceptionnel, quasiment neuf, très peu utilisé. Première main, toujours bien entretenue. Carrosserie et intérieur impeccables, conduite très agréable et économique. Finition R-Line avec équipements complets : jantes aluminium sport, écran tactile avec Bluetooth, volant multifonction, climatisation automatique, radars et caméra de recul, feux LED, etc. Prix : 73000 DT légèrement négociable. Visible à tunis Pour plus d’informations, merci de me contacter par téléphone. Tunis
automobile.tn;Fiat 500 1.2 L 69 cv Boîte auto;Fiat;500;2021.0;44000.0;75000.0;Essence;;Ariana;4cv;;2026-08-02;2026-08-05;;https://www.automobile.tn/fr/occasion/fiat/500/128916;1.0;Toit panoramique;Fiat 500 dolchevita occasion à vendre tunisie Ariana
automobile.tn;Volkswagen Polo R-Line 1.0 i 12V 75 cv;Volkswagen;Polo;2022.0;68000.0;3843.0;Essence;;Tunis;4cv;;2026-08-02;2026-08-05;;https://www.automobile.tn/fr/occasion/volkswagen/polo/128863;4.0;Caméra de recul | Toit ouvrant | Toit panoramique | Accès sans clé;
automobile.tn;MG HS Trophy 2.0 220 cv Boîte auto;Mg;HS;2021.0;72000.0;52000.0;Essence;;Tunis;15cv;;2026-08-02;2026-08-05;;https://www.automobile.tn/fr/occasion/mg/hs/128914;7.0;Apple Carplay | Sièges chauffants | Sièges électriques | Caméra de recul | Coffre électrique | Toit panoramique | Accès sans clé;MG MG HS occasion à vendre tunisie Ariana
automobile.tn;KIA Sportage ACTIVE BUSINESS 1.6 T-GDI 16V 230 Hybrid 4x4 179 cv Boîte auto;Kia;Sportage;2023.0;90000.0;121000.0;Hybride essence;;Médenine;10cv;;2026-08-02;2026-08-05;;https://www.automobile.tn/fr/occasion/kia/sportage/128913;8.0;Alarme anti-intrusion | Apple Carplay | Navigation | Palettes au volant | Caméra de recul | Accès sans clé | Conduite semi-autonome | Suspension pneumatique;
automobile.tn;Audi Q5 2.0 TFSI 16V 245 hybrid Quattro Tiptronic8 211 cv Boîte auto;Audi;Q5;2013.0;75000.0;109954.0;Hybride essence;;Tunis;12cv;;2026-08-02;2026-08-05;;https://www.automobile.tn/fr/occasion/audi/q5/128912;0.0;;2013 Audi Q5 S-line TDI Quattro BVA Toit pano 72 000 DT Négociable 11/09/2013 TU*dernière immatriculation* 2L Diesel 10 CV 258 000 KM Échange possible Disponible sur RDV à notre showroom TUNISIE AUTO PRIX Ezzahra Contactez : 25551771 / 98759655 / 24111140 Ben Arous
automobile.tn;Audi A5 Sportback S-Line 35 TFSI S-tronic 150 cv Boîte auto;Audi;A5 Sportback;2021.0;115000.0;97000.0;Essence;;Tunis;8cv;;2026-08-02;2026-08-05;;https://www.automobile.tn/fr/occasion/audi/a5-sportback/128907;9.0;Alarme anti-intrusion | Instrumentation numérique | Palettes au volant | Sièges chauffants | Sièges ventilés | Sièges électriques | Caméra de recul | Coffre électrique | Accès sans clé;2021 Audi A5 35 S-line BVA 1ére main 120 000 DT Négociable 18/03/2021 TU222 1.4L Essence 8 CV 121 000 KM (entretien maison) Échange possible Disponible à notre showroom TUNISIE AUTO PRIX Ezzahra Contactez : 98759655 / 25551771 / 24111140 Ben Arous
automobile.tn;Peugeot 206 1.4 i 75cv;Peugeot;206;2008.0;20000.0;219540.0;Essence;;Tunis;5cv;;2026-08-02;2026-08-05;;https://www.automobile.tn/fr/occasion/peugeot/206/128906;0.0;;Peugeot 206 phase 2 en bonne état montage français essence à vendre Jantes alu 2ème main Motorisation : 1.1l (4cylindres) Puissance fiscale : 4cv Ch dyn : 60ch Très très économique dans la consommation (5.5L/100km) Kilométrage : 204000km Série : 119 Année : 2005 Clim en marche Vitres avants électriques réglage rétroviseurs avants électriques Direction assistée Système de freinage : ABS (très efficace) Chaine de distribution +courroie d'accessoire +tondeurs + pompe à eau + vidange (huile moteur 10w40 +filtres air et huile ) : changés en 200000 km Disponible à BIZERTE NUM : 27 750 982 Bizerte
automobile.tn;Volkswagen Tiguan Highline 1.4 TSI 16V DSG6 150 cv Boîte auto;Volkswagen;Tiguan;2017.0;76000.0;128000.0;Essence;;Tunis;8cv;;2026-08-02;2026-08-05;;https://www.automobile.tn/fr/occasion/volkswagen/tiguan/128905;8.0;Palettes au volant | Sièges chauffants | Sièges électriques | Caméra de recul | Coffre électrique | Toit ouvrant | Toit panoramique | Accès sans clé;2018 Volkswagen Tiguan BVA 70 000 DT légèrement Négociable 16/03/2018 TU203 1.4L Essence 8 CV 189 000 KM Échange possible Disponible sur RDV à notre showroom TUNISIE AUTO PRIX Ezzahra Contactez : 24111140 / 25551771 / 98759655 Ben Arous
automobile.tn;Opel Astra Break 1.7 CDTI 100cv;Opel;Astra;2007.0;26000.0;430000.0;Diesel;;Monastir;6cv;;2026-08-02;2026-08-05;;https://www.automobile.tn/fr/occasion/opel/astra/128903;1.0;Alarme anti-intrusion;Voiture en exellente etat Tunis
automobile.tn;Peugeot Expert;Peugeot;Expert;2021.0;58000.0;126000.0;Diesel;;Tunis;9cv;;2026-08-02;2026-08-05;;https://www.automobile.tn/fr/occasion/peugeot/expert/128902;0.0;;Peugeot expert bien entretenu. Quelques rayures ou enfoncements minimes capot, aile arrière droite et gauche. En vente au plus offrant. Vous avez la possibilité de proposer votre prix à partir de 45 milles en suivant ce lien: evalveo.tn/frontend/advertisements/advertisement_details/AD-E5L9 ( Copier coller le lien) A voir a tunis lac2 Tunis
automobile.tn;Audi A3 Sportback Ambition;Audi;A3 Sportback;2015.0;42000.0;154000.0;Essence;;Tunis;5cv;;2026-08-02;2026-08-05;;https://www.automobile.tn/fr/occasion/audi/a3-sportback/128900;0.0;;Audi A3 1.2 l - Élégance et Performance Compacte Découvrez cette Audi A3 1.2 l essence, de première main, immatriculée en décembre 2016 avec 154 000 km. Dotée d’un moteur de 110 cv, d'une transmission manuelle, et d’une consommation économique de 5 L/100 km, cette compacte offre un équilibre parfait entre efficacité et style. Fiabilité Spark Auto : Ce modèle a été minutieusement inspecté et est prêt à vous offrir une expérience de conduite dynamique et fiable. Rapport complet disponible : Rendez-vous sur www.sparkauto.tn pour plus de détails et pour programmer votre essai. Tunis
automobile.tn;Citroën Jumper 30 L1H1 8 m3 33 2.2 HDi 16V Fourgon moyen 120 cv;Citroën;Jumper;2008.0;18000.0;453000.0;Diesel;;Nabeul;8cv;;2026-08-02;2026-08-05;;https://www.automobile.tn/fr/occasion/citroen/jumper/128895;0.0;;2022 Citroen Jumper 69 900 DT Négociable 18/08/2022 TU256 2.2L Diesel 7 CV 158 000 KM Échange possible Disponible sur RDV à notre showroom TUNISIE AUTO PRIX Ezzahra Contactez : 25551771 / 24111140 / 98759655 Ben Arous
automobile.tn;Hyundai i30 Fastback 1.0 L T-GDI DCT-7 120 cv Boîte auto;Hyundai;i30 Fastback;2024.0;85000.0;16000.0;Essence;;Sousse;7cv;;2026-08-02;2026-08-05;;https://www.automobile.tn/fr/occasion/hyundai/i30-fastback/128893;6.0;Android Auto | Apple Carplay | Instrumentation numérique | Caméra de recul | Toit ouvrant | Accès sans clé;
automobile.tn;Toyota RAV 4;Toyota;RAV 4;2015.0;75000.0;200000.0;Diesel;;Sfax;8cv;;2026-08-02;2026-08-05;;https://www.automobile.tn/fr/occasion/toyota/rav-4/128890;10.0;Android Auto | Apple Carplay | Navigation | Palettes au volant | Caméra de recul | Coffre électrique | Toit ouvrant | Accès sans clé | Conduite semi-autonome | Suspension pneumatique;Spark Auto vous propose une Toyota RAV 4 à la vente. Cette voiture a été inspectée par nos agents pour garantir une qualité optimale. Un diagnostic complet est disponible sur notre site web. Tunis
automobile.tn;Ford Fiesta;Ford;Fiesta;2005.0;17000.0;2000.0;Essence;;Tunis;5cv;;2026-08-02;2026-08-05;;https://www.automobile.tn/fr/occasion/ford/fiesta/128889;0.0;;Ford Fiesta Ghia à vendre Modèle : 2007 Kilométrage : 205 000 km Essence Boîte manuelle Manouba Ford Fiesta Ghia, moteur nickel, boîte de vitesse souple, voiture économique et fiable pour un usage quotidien. Direction assistée, vitres électriques, fermeture centralisée, jantes aluminium, capteur de pluie, poste radio. 4 pneus neufs (changés il y a moins de 2 mois) Prix : 17 900 DT — Légèrement négociable Visible à Tunis, Manouba, Mornaguia Tel: 54157013 La Manouba
automobile.tn;Mercedes-Benz Classe C AMG + 180 1.5 i 16V EQ Boost 9G-TRONIC 170 cv Boîte auto;Mercedes-Benz;Classe C;2021.0;190000.0;58000.0;Hybride léger essence;;Ariana;9cv;;2026-08-02;2026-08-05;;https://www.automobile.tn/fr/occasion/mercedes-benz/classe-c/128870;11.0;Alarme anti-intrusion | Android Auto | Apple Carplay | Instrumentation numérique | Navigation | Palettes au volant | Sièges électriques | Caméras 360 | Toit ouvrant | Toit panoramique | Accès sans clé;Berline, 10 cv, transmission Propulsion Ben Arous
automobile.tn;Mahindra KUV 100 K8 1.2 82cv;Mahindra;KUV 100;2024.0;54296.0;60000.0;Essence;;Tunis;5cv;;2026-08-02;2026-08-05;;https://www.automobile.tn/fr/occasion/mahindra/kuv-100/128806;4.0;Alarme anti-intrusion | Android Auto | Caméra de recul | Accès sans clé;2023 Mahindra Kuv100 K8 35 000 DT Négociable 12/10/2023 TU239 1.2L Essence 5 CV 37 000 KM Échange possible Disponible à notre showroom TUNISIE AUTO PRIX Ezzahra Contactez : 98759655 / 25551771 / 24111140 Ben Arous
automobile.tn;Volkswagen Tiguan R-Line 1.4 TSI 16V DSG6 150 cv Boîte auto;Volkswagen;Tiguan;2020.0;108000.0;125000.0;Essence;;Nabeul;8cv;;2026-08-02;2026-08-05;;https://www.automobile.tn/fr/occasion/volkswagen/tiguan/128888;8.0;Alarme anti-intrusion | Palettes au volant | Sièges chauffants | Caméra de recul | Coffre électrique | Toit ouvrant | Toit panoramique | Accès sans clé;Volkswagen Tiguan R Line occasion à vendre tunisie Ariana
automobile.tn;Volkswagen Caddy;Volkswagen;Caddy;2011.0;24000.0;248000.0;Diesel;;Nabeul;8cv;;2026-08-02;2026-08-05;;https://www.automobile.tn/fr/occasion/volkswagen/caddy/128885;1.0;Sièges électriques;
automobile.tn;Volkswagen Tiguan Confortline 1.4 TSI 16V DSG6 150 cv Boîte auto;Volkswagen;Tiguan;2018.0;78000.0;107000.0;Essence;;Ariana;8cv;;2026-08-02;2026-08-05;;https://www.automobile.tn/fr/occasion/volkswagen/tiguan/128849;4.0;Android Auto | Apple Carplay | Caméra de recul | Accès sans clé;2018 Volkswagen Tiguan BVA 70 000 DT légèrement Négociable 16/03/2018 TU203 1.4L Essence 8 CV 189 000 KM Échange possible Disponible sur RDV à notre showroom TUNISIE AUTO PRIX Ezzahra Contactez : 24111140 / 25551771 / 98759655 Ben Arous
automobile.tn;Peugeot 208 Populaire 1.2 PureTech 12V S&S 75 cv;Peugeot;208;2023.0;40000.0;53000.0;Essence;;Ariana;4cv;;2026-08-02;2026-08-05;;https://www.automobile.tn/fr/occasion/peugeot/208/128883;0.0;;À vendre, magnifique Peugeot 208 Populaire, mise en circulation en 2023. Véhicule de première main, très bien entretenu, combinant économie, sécurité et grand confort de conduite. Kilométrage : 57 000 km certifiés (historique transparent, moyenne idéale de ~17 500 km/an). Entretien : Carnet d'entretien scrupuleusement à jour, toutes les révisions ont été faites à temps avec factures à l'appui. Aucun frais mécanique à prévoir. Options de Sécurité & Conduite : Sécurité active : Deux Airbags (conducteur et passager). Assistance : Capteur de dégonflage des pneus automatique. Confort de conduite : Limiteur de vitesse et Allumage automatique des feux. Poste de Conduite & Ergonomie : Siège conducteur réglable en hauteur (idéal pour trouver une position de conduite parfaite). Réglage du volant en profondeur et en hauteur sur mesure. Équipements de Confort & Esthétique : Tapis 9D haut de gamme intégrés au sol (offrant une protection totale et élégante de la moquette d'origine). Ben Arous
automobile.tn;Ssangyong XLV 160 1.6 e-XGi 16V 2WD 128 cv;Ssangyong;XLV;2017.0;43000.0;140000.0;Essence;;Ben Arous;7cv;;2026-08-02;2026-08-05;;https://www.automobile.tn/fr/occasion/ssangyong/xlv/128882;5.0;Alarme anti-intrusion | Android Auto | Instrumentation numérique | Palettes au volant | Caméra de recul;
automobile.tn;GWM Haval H6 Luxury 1.5 T 143cv boite auto;Gwm;Haval H6;2018.0;45000.0;123000.0;Essence;;Ben Arous;9cv;;2026-08-02;2026-08-05;;https://www.automobile.tn/fr/occasion/great-wall/h6/128881;6.0;Sièges électriques | Caméra de recul | Coffre électrique | Toit ouvrant | Toit panoramique | Accès sans clé;Prix légèrement discutable après visite. Ben Arous
automobile.tn;KIA Sportage;Kia;Sportage;2014.0;48000.0;225900.0;Essence;;Ben Arous;10cv;;2026-08-02;2026-08-05;;https://www.automobile.tn/fr/occasion/kia/sportage/128835;2.0;Palettes au volant | Caméra de recul;Je mets en vente ma Kia Sportage en très bon état. •Première main. •Carnet d’entretien disponible et suivi exclusivement chez Kia. •Toutes les réparations et opérations d’entretien ont été effectuées chez Kia. •Véhicule bien entretenu Sousse
automobile.tn;Seat Arona Référence 1.6 L 110 cv;Seat;Arona;2020.0;65000.0;23300.0;Essence;;Bizerte;6cv;;2026-08-02;2026-08-05;;https://www.automobile.tn/fr/occasion/seat/arona/128880;0.0;;À vendre : voiture en excellent état, roule comme neuve. Kilométrage certifié, entretien effectué exclusivement chez Seat (Ennakl Automobiles). Aucun frais à prévoir. Pour plus d'informations, contactez-moi. Tunis
automobile.tn;Citroën C3;Citroën;C3;2008.0;20500.0;140000.0;Essence;;Ben Arous;4cv;;2026-08-02;2026-08-05;;https://www.automobile.tn/fr/occasion/citroen/c3/128865;0.0;;Citadine, 5 cv, transmission Traction La Manouba
automobile.tn;Jeep Wrangler Unlimited Rubicon UNLIMITED 4xe 2.0 T-GDi 16V 380 Plug in Hybrid 4WD 272 cv Boîte auto;Jeep;Wrangler Unlimited;2023.0;218000.0;25900.0;Hybride rechargeable essence;;Nabeul;19cv;;2026-08-02;2026-08-05;;https://www.automobile.tn/fr/occasion/jeep/wrangler-unlimited/128844;0.0;;2023 Jeep Wrangler Rubicon 4xe Édition Spéciale (plug-in hybrid) alliant puissance, technologie et capacités tout-terrain exceptionnelles Motorisation : 2.0L Turbo Hybride rechargeable (essence + électrique) Puissance : 375 ch combinés Transmission : 4x4 permanente (Rock-Trac) Boîte : Automatique Autonomie électrique : jusqu’à 50 km (idéal en ville) Version Rubicon (off-road extrême) : - Différentiels avant et arrière verrouillables - Barre stabilisatrice déconnectable - Garde au sol élevée - Pneus tout-terrain - Protection sous châssis Équipements : - Écran tactile avec Apple CarPlay & Android Auto - Caméra de recul - Climatisation automatique - Sièges chauffants - Volant multifonction - Système audio premium - Toit amovible (hard top / soft top) etat : Très propre, bien entretenu Kilométrage : 33 000 km Véhicule idéal pour les amateurs d’aventure, de luxe et de technologie, aussi à l’aise en ville qu’en tout-terrain. Ariana
automobile.tn;BMW Série 3 Sport Line 316i 1.6 16V 136 cv Boîte auto;Bmw;Série 3;2014.0;51000.0;250000.0;Essence;;Sfax;7cv;;2026-08-02;2026-08-05;;https://www.automobile.tn/fr/occasion/bmw/serie-3/128877;0.0;;Voiture bien entretenue. Tunis
automobile.tn;Citroën C3 Pack Plus 1.4 HDi 16V 90 cv;Citroën;C3;2004.0;23000.0;297000.0;Diesel;;Tunis;4cv;;2026-08-01;2026-08-05;;https://www.automobile.tn/fr/occasion/citroen/c3/128876;0.0;;Citadine, 5 cv, transmission Traction La Manouba
automobile.tn;Seat Tarraco FR 1.4 TSI 16V GPF 4x2 DSG7 S&S 150 cv Boîte auto;Seat;Tarraco;2021.0;87000.0;265000.0;Essence;;Tunis;9cv;;2026-08-01;2026-08-05;;https://www.automobile.tn/fr/occasion/seat/tarraco/128875;15.0;Alarme anti-intrusion | Affichage tête haute | Android Auto | Apple Carplay | Navigation | Palettes au volant | Sièges électriques | Caméra de recul | Caméras 360 | Coffre électrique | Toit ouvrant | Toit panoramique | Accès sans clé | Conduite semi-autonome | Suspension pneumatique;Spark Auto vous propose une Seat Tarraco à la vente. Cette voiture a été inspectée par nos agents pour vous garantir une qualité optimale. Un diagnostic complet est disponible sur notre site web. Tunis
automobile.tn;Hyundai Grand i10 Populaire 1.0 65cv populaire;Hyundai;Grand i10;2021.0;41000.0;56000.0;Essence;;Sfax;4cv;;2026-08-01;2026-08-05;;https://www.automobile.tn/fr/occasion/hyundai/grand-i10/128872;1.0;Alarme anti-intrusion;Véhicule propre et bien entretenu Sfax
automobile.tn;Volkswagen Golf 5 1.6 FSi 16V 115cv;Volkswagen;Golf 5;2005.0;29500.0;300000.0;Essence;;Sousse;7cv;;2026-08-01;2026-08-05;;https://www.automobile.tn/fr/occasion/volkswagen/golf-5/128869;0.0;;2006 Volkswagen Golf 5 BVA Kit GTI 33 000 DT Négociable 01/12/2006 TU129 1.6L Essence 7 CV 181 000 KM Échange possible Disponible sur RDV à notre showroom TUNISIE AUTO PRIX Ezzahra Contactez : 25551771 / 98759655 / 24111140 Ben Arous
automobile.tn;Mercedes-Benz Classe E Avantgarde 180 1.5 16V 9G-TRONIC 156 cv Boite auto;Mercedes-Benz;Classe E;2018.0;90000.0;196000.0;Essence;;Tunis;9cv;;2026-08-01;2026-08-05;;https://www.automobile.tn/fr/occasion/mercedes-benz/classe-e/128868;2.0;Alarme anti-intrusion | Conduite semi-autonome;Mercedes-Benz Classe E Modèle: 06 /2019 Kilométrage: 220.000Km 09 CV Essence Tu 211 Échange possible Téléphone : 50 777 006 WhatsApp : 25444747 Disponible chez Showroom Legend Auto : Avenue 2 mars, Ezzahra, Tunisia, 2034 Ben Arous
automobile.tn;Suzuki Ciaz GLX 1.5 L 105 cv;Suzuki;Ciaz;2021.0;47000.0;61000.0;Essence;;Tunis;6cv;;2026-08-01;2026-08-05;;https://www.automobile.tn/fr/occasion/suzuki/ciaz/128867;10.0;Alarme anti-intrusion | Affichage tête haute | Android Auto | Apple Carplay | Navigation | Sièges électriques | Caméra de recul | Accès sans clé | Conduite semi-autonome | Suspension pneumatique;Spark Auto vous propose Une Suzuki Ciaz à la vente. Cette voiture a été inspectée par nos agents pour garantir une qualité optimale. Un diagnostic complet est disponible sur notre site web. Tunis
automobile.tn;Peugeot 301 Allure 1.2 VTi 12V 82 cv;Peugeot;301;2017.0;28500.0;107500.0;Essence;;Tunis;5cv;;2026-08-01;2026-08-05;;https://www.automobile.tn/fr/occasion/peugeot/301/128866;0.0;;Prix légèrement négociable… Je mets ma Peugeot 301 en vente (première main). Elle est en bon état de marche, bien entretenue et prête à rouler. Marque : Peugeot 301 Modèle : Active HDI - 1.2-Litre essence - PureTech (82 hp) très économique… Date de première Mise en Circulation: 10-2020 Kilométrage : 49850 N’hésitez pas à me contacter en message privé ou par téléphone pour plus d’informations. Bizerte
automobile.tn;MG e-HS 1.5 T-GDI 16V 258 Plug in Hybrid 162 cv Boîte auto;Mg;e-HS;2022.0;78000.0;99000.0;Hybride rechargeable essence;;Mahdia;8cv;;2026-08-01;2026-08-05;;https://www.automobile.tn/fr/occasion/mg/ehs/128860;10.0;Alarme anti-intrusion | Apple Carplay | Navigation | Sièges chauffants | Sièges électriques | Caméras 360 | Coffre électrique | Toit ouvrant | Toit panoramique | Accès sans clé;Vente Particulier — MG EHS Luxury 2022 fin de série 261, 8CV (Vignette 180dt). Kilométrage : 53 000 km, prix 102 000 négociable. MG EHS Luxury 2022 récemment importée d’Allemagne, en excellent état, comme neuve. Un seul propriétaire, jamais accidentée. Couleur rare et très recherchée. Motorisation & Autonomie • Hybride rechargeable (PHEV) • Boîte de vitesse hybride intelligente à 10 rapports (combinant 6 vitesses pour le moteur thermique et 4 pour le moteur électrique) • Batterie de 16,6kWh • Autonomie 100% électrique : 50 km • Recharge complète (0 100%) : 4 heures • Certificat de santé batterie disponible (SOH) : 98% Équipements & Options • Toit ouvrant panoramique • Sièges sport chauffants en cuir et Alcantara • Écran central tactile • Apple CarPlay & Android Auto • Caméra 360 • Régulateur de vitesse adaptatif • Ligne assist • Éclairage d’ambiance intérieur • Accoudoir central réfrigéré • Hayon électrique • Accès et démarrage sans clé (Keyless) • Frein de stationnemen Tunis
automobile.tn;BMW Série 1;Bmw;Série 1;2012.0;45000.0;210000.0;Essence;;Tunis;7cv;;2026-08-01;2026-08-05;;https://www.automobile.tn/fr/occasion/bmw/serie-1-5p/128857;5.0;Affichage tête haute | Toit ouvrant | Toit panoramique | Accès sans clé | Suspension pneumatique;2012 BMW 116D F20 BVM6 42 900 DT Négociable 06/11/2012 TU 208 1.6L Diesel 6 CV 294 000 KM Entretien a jour Échange possible Disponible à notre showroom Ennaser Route X20 Contactez le : 22 801 802 / 25 551 771 Ariana
automobile.tn;Hyundai i30;Hyundai;i30;2024.0;69000.0;70000.0;Essence;;Tunis;7cv;;2026-08-01;2026-08-05;;https://www.automobile.tn/fr/occasion/hyundai/i30/128856;6.0;Android Auto | Apple Carplay | Instrumentation numérique | Caméra de recul | Toit ouvrant | Accès sans clé;2023 HYUNDAI I30 SEDAN BVA TOIT OUVRANT PREMIÈRE MAIN TÉLÉPHONE : 29 531 309 / 22 227 007 50 222 571 02/06/2023 TU 237 1.0 L ESSENCE 7 CV 79 000 KM Échange possible Disponible SUR RENDEZ-VOUS à notre showroom CARHABTI 118 RUE IBN JAZZAR DERRIÈRE CARREFOUR LA MARSA Tunis
automobile.tn;Peugeot Landtrek Simple Cabine Benne tôle pliée 1.9 d 150 cv simple cabine 4x2;Peugeot;Landtrek Simple Cabine;2024.0;55000.0;79284.0;Diesel;;Sousse;6cv;;2026-08-01;2026-08-05;;https://www.automobile.tn/fr/occasion/peugeot/landtrek-simple-cabine/128855;0.0;;Voiture très propre! Tres peux utiliser (faible kilométrage) Prix légèrement négociable! Monastir
automobile.tn;Ssangyong Musso;Ssangyong;Musso;2023.0;99000.0;81000.0;Diesel;;Ariana;7cv;;2026-08-01;2026-08-05;;https://www.automobile.tn/fr/occasion/ssangyong/musso/128854;0.0;;
automobile.tn;Peugeot Partner 650 Kg 1.6 L HDI 90ch 90 cv;Peugeot;Partner;2020.0;35000.0;231527.0;Diesel;;Sousse;5cv;;2026-08-01;2026-08-05;;https://www.automobile.tn/fr/occasion/peugeot/partner/128853;0.0;;Peugeot Partner utilitaire 2023, 1ère main, en excellent état général. Véhicule très propre, utilisé avec soin et entretenu régulièrement. Moteur 1.6 HDi 90 ch fiable et économique. Climatisation, régulateur de vitesse, Bluetooth, USB/AUX, vitres et rétroviseurs électriques, fermeture centralisée, feux LED, allumage automatique des feux et détecteur de pluie. Intérieur et espace de chargement très propres. Aucun investissement à prévoir. Disponible immédiatement. Sousse
automobile.tn;Volkswagen Golf 7 Join 1.0 TSI GPF 12V Blue Motion 116 cv;Volkswagen;Golf 7;2018.0;65000.0;139000.0;Essence;;Tunis;6cv;;2026-08-01;2026-08-05;;https://www.automobile.tn/fr/occasion/volkswagen/golf-7/128851;4.0;Alarme anti-intrusion | Apple Carplay | Navigation | Sièges chauffants;Toute les vidanges sont a la maison volkswagen Sfax
automobile.tn;Seat Arona Xperience 1.0 TSI 116 cv Boîte auto;Seat;Arona;2023.0;69000.0;81000.0;Essence;;Nabeul;6cv;;2026-08-01;2026-08-05;;https://www.automobile.tn/fr/occasion/seat/arona/128850;3.0;Android Auto | Apple Carplay | Accès sans clé;Spark Auto vous propose une Seat Arona à la vente. Cette voiture a été inspectée par nos agents pour vous garantir une qualité optimale. Un diagnostic complet est disponible sur notre site web Tunis
automobile.tn;Audi A5 Sportback S-Line 35 TFSI S-tronic 150 cv Boîte auto;Audi;A5 Sportback;2021.0;115000.0;48000.0;Essence;;Tunis;8cv;;2026-08-01;2026-08-05;;https://www.automobile.tn/fr/occasion/audi/a5-sportback/128792;8.0;Alarme anti-intrusion | Apple Carplay | Instrumentation numérique | Palettes au volant | Sièges électriques | Caméra de recul | Coffre électrique | Accès sans clé;A Vendre Audi A5 Sportback 2.0 TFSI couleur Gris Daytona intérieur cuir Gris en excellent état - Première main - Mise en Circulation: 05/2021 - Moteur 2.0 TFSI 8CV Essence - 97 000 km - Toutes options sauf toit ouvrant: Finition : S Line, intérieur cuir gris, boite auto 7 rapports, climatronic 3 zones, hayon électrique ... - Tous les entretiens effectués chez le concessionnaire Visite sur RDV. Merci d'appeler le 24 270 000 de 8h à 18h pour prendre RDV. Tunis
automobile.tn;Toyota RAV 4 Hybride;Toyota;RAV 4;2023.0;155000.0;42000.0;Hybride essence;;Sousse;10cv;;2026-08-01;2026-08-05;;https://www.automobile.tn/fr/occasion/toyota/rav-4/128843;11.0;Android Auto | Apple Carplay | Instrumentation numérique | Navigation | Sièges chauffants | Sièges électriques | Caméra de recul | Coffre électrique | Toit ouvrant | Accès sans clé | Conduite semi-autonome;Toyota Rav4 hybride occasion à vendre Tunis
automobile.tn;Mercedes-Benz Classe E AMG 220 CDi 2.1 CDI 16V 9G-TRONIC 170 cv Boîte auto;Mercedes-Benz;Classe E;2015.0;125000.0;105000.0;Diesel;;Mahdia;9cv;;2026-08-01;2026-08-05;;https://www.automobile.tn/fr/occasion/mercedes-benz/classe-e/128842;3.0;Alarme anti-intrusion | Palettes au volant | Suspension pneumatique;"MERCEDES-BENZ E180 Kit AMG Modèle : 08 / 2017 Kilométrage : 171 000 km Puissance fiscale : 9 cv Energie : Essence 1.6L Climatronic Start / Stop Feux LED / Xénon Camera Volant multifonction Palettes au volant Rideaux latéraux Sièges en cuir / Alcantara Jantes 18"" 20 525 317 / 96 58 58 96 Tunis"
automobile.tn;BMW Série 5 Confort Luxury 520i 1.6i 16V 170 cv Boîte auto;Bmw;Série 5;2017.0;75000.0;150000.0;Essence;;Sfax;9cv;;2026-08-01;2026-08-05;;https://www.automobile.tn/fr/occasion/bmw/serie-5/128801;7.0;Alarme anti-intrusion | Instrumentation numérique | Palettes au volant | Sièges électriques | Caméra de recul | Coffre électrique | Toit ouvrant;À vendre bmw 520 I phase 2 F10 année 5/2017 entretien a jour cher ben jemaa voitture très très propre comme neuve svp prix légèrement négociable et curieux s’abstenir Tunis
automobile.tn;Fiat Fiorino 1.3 MJTD 16V Fourgon 75 cv;Fiat;Fiorino;2022.0;37000.0;71000.0;Diesel;;Tunis;5cv;;2026-07-31;2026-08-05;;https://www.automobile.tn/fr/occasion/fiat/fiorino/128841;0.0;;Fiat Fiorino Cargo Première main Mise en circulation : 30/05/2022 140 000 km Couleur : Blanc Série : 230 Véhicules en très bon état général Propres et soigneusement entretenus Prêts à rouler Idéals pour les professionnels, artisans et activités de livraison Papiers en règle. Prix : à débattre. Pour plus d’informations ou pour programmer une visite, merci de me contacter par téléphone ou en message privé. Sfax
automobile.tn;Volkswagen Golf 7 Access 1.2 TSI 16V DSG7 110 cv Boîte auto;Volkswagen;Golf 7;2019.0;65000.0;97000.0;Essence;;Sfax;6cv;;2026-07-31;2026-08-05;;https://www.automobile.tn/fr/occasion/volkswagen/golf-7/128839;0.0;;Vend Volkswagen Golf VII Phase 2 compacte (5 portes), de première main, dans un État général irréprochable. Ce modèle essence allie parfaitement confort, fiabilité et économie avec sa puissance fiscale de 6 CV. Le véhicule a été soigneusement entretenu chez le concessionnaire (carnet d’entretient disponible) et se trouve dans un très bon état esthétique et mécanique. Caractéristiques principales : Moteur : 1.2 TSI Boîte : Automatique Transmission : Traction (avant) Couleur extérieure : Blanc Couleur intérieure : Noir Sellerie : Similicuir en très bon état Places : 5 places confortables Kilométrage :113 400 Véhicule non-fumeur. Aucun frais à prévoir dans l'immédiat. Disponible immédiatement pour visite et essai. Curieux s'abstenir. Sousse
automobile.tn;Volkswagen Golf 7 Confortline 1.6 TDI 16V Blue Motion 115 cv;Volkswagen;Golf 7;2018.0;59500.0;270350.0;Diesel;;Nabeul;6cv;;2026-07-31;2026-08-05;;https://www.automobile.tn/fr/occasion/volkswagen/golf-7/128837;8.0;Affichage tête haute | Android Auto | Apple Carplay | Instrumentation numérique | Navigation | Palettes au volant | Conduite semi-autonome | Suspension pneumatique;Compacte, 6 cv, transmission Traction, Accoudoir avant, Accoudoir arrière, Autoradio, Apple Carplay, Android Auto, Bluetooth, Connectivité Aux, usb, iPod, Navigation, Sièges réglables en hauteur, Vitres teintées, Volant/levier de vitesse en cuir, Volant multi-fonctions, 3 appuis têtes arrières, Volant réglable hauteur/profondeur Ariana
automobile.tn;KIA Rio Berline LX 1.4 i 16V 97 cv;Kia;Rio Berline;2010.0;25500.0;162000.0;Essence;;Tunis;6cv;;2026-07-31;2026-08-05;;https://www.automobile.tn/fr/occasion/kia/rio/128836;0.0;;Puissance fiscale: 6cv Energie: essence Kilométrage:122.000km année :2010 Ariana
automobile.tn;Opel Corsa GS 1.0 i 12V 58 cv;Opel;Corsa;2000.0;12000.0;250000.0;Essence;;Tunis;4cv;;2026-07-31;2026-08-05;;https://www.automobile.tn/fr/occasion/opel/corsa/128834;0.0;;2021 Opel Corsa 32 500 DT Négociable 16/07/2021 TU224 1.2L Essence 5 CV 191 000 KM Échange possible Disponible à notre showroom TUNISIE AUTO PRIX Ezzahra Contactez : 98759655 / 25551771 / 24111140 Ben Arous
automobile.tn;Mahindra KUV 100 K8 1.2 82cv;Mahindra;KUV 100;2019.0;27900.0;45000.0;Essence;;Tunis;5cv;;2026-07-31;2026-08-05;;https://www.automobile.tn/fr/occasion/mahindra/kuv-100/128833;2.0;Alarme anti-intrusion | Accès sans clé;Mahindra KUV100K8-1ère main-64 800Km Exellent Etat, couleur rouge avec toit noir. Vehicule propre, fiable et bien entretenue. Sfax
automobile.tn;BMW X5 xLine 45e xDrive 3.0 i 24V 394 Plug in Hybrid 286 cv Boîte auto;Bmw;X5;2022.0;200000.0;105000.0;Hybride rechargeable essence;;Tunis;17cv;;2026-07-31;2026-08-05;;https://www.automobile.tn/fr/occasion/bmw/x5/128829;0.0;;SUV, 14 cv, transmission Intégrale, Accoudoir avant, Accoudoir arrière, Affichage tête haute, Autoradio, Autoradio CD, Autoradio CD/Mp3, Apple Carplay, Android Auto, Bluetooth, Chargeur CD, Connectivité Aux, usb, iPod, Navigation, Sièges sport, Sièges chauffants, Sièges massants, Sièges réglables en hauteur, Sièges électriques, Vitres teintées, Volant/levier de vitesse en cuir, Volant multi-fonctions, 3 appuis têtes arrières, Volant réglable hauteur/profondeur Tunis
automobile.tn;Seat Ibiza Style 1.0 i 12V 75 cv;Seat;Ibiza;2019.0;55000.0;144000.0;Essence;;Ariana;4cv;;2026-07-31;2026-08-05;;https://www.automobile.tn/fr/occasion/seat/ibiza/128793;0.0;;Citadine, 4 cv, transmission Traction, Accoudoir avant, Autoradio, Autoradio CD, Autoradio CD/Mp3, Bluetooth, Sièges réglables en hauteur, Volant multi-fonctions, Volant réglable hauteur/profondeur Ariana
automobile.tn;Hyundai i20 GLS Plus 1.2 L 76 cv;Hyundai;i20;2025.0;58000.0;13000.0;Essence;;Ariana;4cv;;2026-07-31;2026-08-05;;https://www.automobile.tn/fr/occasion/hyundai/i20/128794;4.0;Alarme anti-intrusion | Android Auto | Apple Carplay | Caméra de recul;Citadine, 5 cv, transmission Traction, Accoudoir avant, Autoradio, Autoradio CD, Autoradio CD/Mp3, Apple Carplay, Android Auto, Bluetooth, Volant/levier de vitesse en cuir, Volant réglable hauteur/profondeur, Instrumentation numérique Tunis
automobile.tn;Jeep Wrangler Unlimited UNLIMITED 4xe 2.0 T-GDi 16V 380 Plug in Hybrid 4WD 272 cv Boîte auto;Jeep;Wrangler Unlimited;2022.0;179000.0;105000.0;Hybride rechargeable essence;;Ariana;17cv;;2026-07-31;2026-08-05;;https://www.automobile.tn/fr/occasion/jeep/wrangler-unlimited/128827;14.0;Alarme anti-intrusion | Android Auto | Apple Carplay | Instrumentation numérique | Navigation | Palettes au volant | Sièges chauffants | Sièges massants | Sièges ventilés | Sièges électriques | Caméra de recul | Accès sans clé | Conduite semi-autonome | Suspension pneumatique;SUV, 15 cv, transmission Intégrale Ariana
automobile.tn;Citroën C5 1.6 e-HDi FAP BMP6 S&S 114 cv;Citroën;C5;2011.0;31000.0;270000.0;Diesel;;Sousse;6cv;;2026-07-31;2026-08-05;;https://www.automobile.tn/fr/occasion/citroen/c5/128826;0.0;;كرهبة انتاع كسيبه اقتصاديه مال كبير Médenine
automobile.tn;Mercedes-Benz CLA AMG 250 e 1.3 i 16V GPF 218 PHEV 160 cv Boîte auto;Mercedes-Benz;CLA;2021.0;107000.0;110000.0;Hybride rechargeable essence;;Tunis;8cv;;2026-07-31;2026-08-05;;https://www.automobile.tn/fr/occasion/mercedes-benz/cla/128823;12.0;Alarme anti-intrusion | Android Auto | Apple Carplay | Instrumentation numérique | Palettes au volant | Sièges chauffants | Caméra de recul | Coffre électrique | Toit ouvrant | Toit panoramique | Accès sans clé | Suspension pneumatique;Mercedes CLA 250e AMG – Élégance et Performance Hybride Découvrez cette Mercedes CLA 250e AMG hybride rechargeable, de première main, immatriculée en novembre 2021, avec 49 000 km au compteur. Avec 218 cv, une transmission automatique, et une consommation impressionnante de 0.9 L/100 km, cette berline allie puissance et efficacité. Fiabilité Spark Auto : Ce modèle a été rigoureusement inspecté et est prêt à vous offrir une expérience de conduite haut de gamme et écologique. Rapport complet disponible : Visitez www.sparkauto.tn pour consulter les détails et prendre rendez-vous pour un essai. Tunis
automobile.tn;Mercedes-Benz GLC AMG 300 e 2.0 i 16V 320 EQ Power 4MATIC 9G-TRONIC 211 cv Boîte auto;Mercedes-Benz;GLC;2021.0;165000.0;140000.0;Hybride rechargeable essence;;Ben Arous;12cv;;2026-07-31;2026-08-05;;https://www.automobile.tn/fr/occasion/mercedes-benz/glc/128808;11.0;Alarme anti-intrusion | Affichage tête haute | Android Auto | Apple Carplay | Navigation | Palettes au volant | Sièges chauffants | Sièges électriques | Caméra de recul | Coffre électrique | Accès sans clé;​* Origine Allemagne : Importée d'Allemagne (Modèle Allemand), gage de qualité de fabrication, de suivi rigoureux et d'équipements haut de gamme. ​* Batterie Certifiée (Code ZERT) : Document officiel Mercedes-Benz inclus certifiant l'état de la batterie (Batterie Zertifikat). ​* Double Câbles : Fournie avec le câble pour prise domestique (B30) et le câble Wallbox/bornes publiques (B33). ​* Confort Premium : Pack sièges confort (P65), sièges chauffants (873), clim THERMATIC (580) et hayon électrique (890). ​* Technologie : MBUX Navigation Plus (PBF), Apple CarPlay (16U) et Android Auto (17U). ​* Sécurité : Phares LED High Performance (632), Caméra de recul + PARKTRONIC (P44) et Freinage actif (258). ​* Texte d'Annonce Rapide ​Mercedes-Benz GLC 300e (Plug-in Hybrid) – Modèle Allemand Très Équipé ​Origine & Énergie : Véhicule d'origine allemande avec certificat de batterie officiel (ZERT) + 2 câbles de recharge fournis (B30 et B33). ​Options Clés : Boîte 9G-TRONIC, MBU Béja
automobile.tn;Volkswagen Golf 7 1.0 TSI 12V Blue Motion DSG7 110 cv Boîte auto;Volkswagen;Golf 7;2017.0;54000.0;220000.0;Essence;;Sousse;6cv;;2026-07-30;2026-08-05;;https://www.automobile.tn/fr/occasion/volkswagen/golf-7/128818;0.0;;Compacte, 6 cv, transmission Traction, Accoudoir arrière, Autoradio CD, Android Auto, Boîte à gants réfrigérée, Chargeur CD, Palettes au volant, Sièges massants, Sièges réglables en hauteur, Sièges électriques, Volant/levier de vitesse en cuir, Volant multi-fonctions, Volant réglable hauteur/profondeur, Volant chauffant Tunis
automobile.tn;Hyundai Grand i10 Populaire 1.0 65cv populaire;Hyundai;Grand i10;2024.0;45000.0;6200.0;Essence;;Sousse;4cv;;2026-07-30;2026-08-05;;https://www.automobile.tn/fr/occasion/hyundai/grand-i10/128817;1.0;Alarme anti-intrusion;Citadine, 4 cv, transmission Traction, Autoradio, Autoradio CD, Autoradio CD/Mp3, Bluetooth, Boîte à gants réfrigérée, Volant/levier de vitesse en cuir, Volant multi-fonctions Ariana
automobile.tn;Mercedes-Benz Classe G AMG G350 3.0 CDI DPF V6 Break Court 24V 7G-Tronic 245 cv Boîte auto;Mercedes-Benz;Classe G;2010.0;250000.0;48000.0;Diesel;;Sousse;16cv;;2026-07-30;2026-08-05;;https://www.automobile.tn/fr/occasion/mercedes-benz/classe-g/128816;0.0;;
automobile.tn;Hyundai Creta;Hyundai;Creta;2025.0;115000.0;4000.0;Essence;;Tataouine;6cv;;2026-07-30;2026-08-05;;https://www.automobile.tn/fr/occasion/hyundai/creta/128814;17.0;Alarme anti-intrusion | Affichage tête haute | Android Auto | Apple Carplay | Instrumentation numérique | Navigation | Palettes au volant | Sièges chauffants | Sièges électriques | Caméra de recul | Caméras 360 | Coffre électrique | Toit ouvrant | Toit panoramique | Accès sans clé | Conduite semi-autonome | Suspension pneumatique;2020 Hyundai Creta BVA Toit ouvrant 64 000 DT Négociable 25/06/2020 TU216 1.6L Essence 7 CV 124 000 KM Échange possible Disponible à notre showroom TUNISIE AUTO PRIX Ezzahra Contactez : 98759655 / 25551771 / 24111140 Ben Arous
automobile.tn;Audi Q5 S-line 2.0 TFSi 16V GPF Quattro S-Tronic7 252 cv Boîte auto;Audi;Q5;2018.0;105000.0;45000.0;Essence;;Nabeul;15cv;;2026-07-30;2026-08-05;;https://www.automobile.tn/fr/occasion/audi/q5/128811;6.0;Apple Carplay | Sièges chauffants | Sièges électriques | Caméra de recul | Accès sans clé | Suspension pneumatique;255tu 98 337 475 Tunis
automobile.tn;KIA Picanto LX 1.2 DPI 16V BVR5 ISG 84 cv Boîte auto;Kia;Picanto;2021.0;42800.0;107000.0;Essence;;Tunis;4cv;;2026-07-30;2026-08-05;;https://www.automobile.tn/fr/occasion/kia/picanto/128805;0.0;;Citadine, 5 cv, transmission Traction, Autoradio, Autoradio CD, Autoradio CD/Mp3, Bluetooth, Sièges réglables en hauteur, Vitres teintées, Volant multi-fonctions Ariana
automobile.tn;Peugeot Partner 650 Kg 1.6 L HDI 90ch 90 cv;Peugeot;Partner;2023.0;39900.0;87377.0;Diesel;;Sousse;5cv;;2026-07-30;2026-08-05;;https://www.automobile.tn/fr/occasion/peugeot/partner/128804;0.0;;Utilitaire, 5 cv, transmission Traction, Volant réglable hauteur/profondeur Ben Arous
automobile.tn;KIA Rio 5p Prestige 1.2 i-CVVT 16V ISG 84 cv;Kia;Rio 5p;2022.0;52000.0;105000.0;Essence;;Nabeul;5cv;;2026-07-30;2026-08-05;;https://www.automobile.tn/fr/occasion/kia/rio-5p/128802;3.0;Android Auto | Apple Carplay | Caméra de recul;A vendre KIA RIO 5P 1 2L prestige 1ere main âgée de 4ans. En très bon état très bien entretenue, vidange annuel à la maison. Les caractéristiques en photo N'hésitez pas à me contacter et proposer votre prix. Ariana
automobile.tn;DS 3 Sport Chic 1.4 L VTi 95 95 cv;Ds;3;2013.0;24000.0;256500.0;Essence;;Tunis;5cv;;2026-07-30;2026-08-05;;https://www.automobile.tn/fr/occasion/ds/3/128799;0.0;;4 pneus + batterie récemment changés 51 380 899 Whatsapp: +33 06 56 87 49 60 Ariana
automobile.tn;BYD Sealion 6 Excellence;Byd;Sealion 6;2025.0;110000.0;5000.0;Electrique;;Monastir;5cv;;2026-07-30;2026-08-05;;https://www.automobile.tn/fr/occasion/byd/sealion-6/128798;6.0;Alarme anti-intrusion | Sièges électriques | Caméra de recul | Caméras 360 | Coffre électrique | Conduite semi-autonome;
automobile.tn;Ford Fusion SE 1.2 i Break 75cv;Ford;Fusion;2010.0;25500.0;168600.0;Essence;;Tunis;5cv;;2026-07-30;2026-08-05;;https://www.automobile.tn/fr/occasion/ford/fusion/128796;0.0;;2016 Ford Fusion SE 36 000 DT Négociable 14/10/2016 TU192 1.5L Essence 9 CV 225 000 KM (entretien maison) Échange possible Disponible à notre showroom TUNISIE AUTO PRIX Ezzahra Contactez : 98759655 / 25551771 / 24111140 Ben Arous
automobile.tn;Hyundai Grand i10 Populaire 1.0 65cv populaire;Hyundai;Grand i10;2023.0;43000.0;28500.0;Essence;;Monastir;4cv;;2026-07-30;2026-08-05;;https://www.automobile.tn/fr/occasion/hyundai/grand-i10/128790;1.0;Alarme anti-intrusion;A vendre hyundai grand i10 première main, 04 cv comme neuf dans son Etat d'origine sans aucune retouche encore sous garantie, entretenue régulièrement chez sa concessionnaire hyundai (factures et carnet d'entretien à l'appui Date de premier circulation : Avril 2024 Kilométrage :14000 km Puissance fiscale : 04 Boîte vitesse : Manuelle Équipements et options *Jantes En aluminium 15 pouces *Système freinage ABS * Airbag frontaux *Connectivite Bluetooth/Aux/USB * Volant multifonction *Antibrouillards *Feux de jour en Led * Direction assistée * Vitre électrique avant et arrière * Climatisation manuelle *Rétroviseur électrique Rabatable Pour plus d'informations : 23 276 300 Tunis
automobile.tn;Suzuki S-Presso GL 1.0 L 68 cv;Suzuki;S-Presso;2021.0;28500.0;93000.0;Essence;;Ariana;4cv;;2026-07-30;2026-08-05;;https://www.automobile.tn/fr/occasion/suzuki/s-presso/128789;0.0;;À vendre Suzuki Spresso Première main 67 mille km Entretien complet maison Suzuki peinture origine Climatisée, assistée et vitres électriques Mise en circulation 10/2020 Prix 29,000 N° 24 27 53 73 Disponible menzah 1 Tunis
automobile.tn;Volkswagen Tiguan;Volkswagen;Tiguan;2026.0;100000.0;0.0;Essence;;Tunis;8cv;;2026-07-30;2026-08-05;;https://www.automobile.tn/fr/occasion/volkswagen/tiguan/128788;11.0;Android Auto | Apple Carplay | Instrumentation numérique | Palettes au volant | Sièges chauffants | Sièges électriques | Caméra de recul | Coffre électrique | Toit ouvrant | Toit panoramique | Accès sans clé;SUV, 8 cv, transmission Intégrale, Accoudoir avant, Accoudoir arrière, Affichage tête haute, Autoradio, Autoradio CD, Autoradio CD/Mp3, Apple Carplay, Android Auto, Bluetooth, Chargeur CD, Connectivité Aux, usb, iPod, Navigation, Palettes au volant, Sièges sport, Sièges réglables en hauteur, Sièges électriques, Volant/levier de vitesse en cuir, Volant multi-fonctions, 3 appuis têtes arrières, Volant réglable hauteur/profondeur, Instrumentation numérique Sfax
automobile.tn;Volkswagen Golf 7 Smartline 1.2 TSI 16V 110 cv;Volkswagen;Golf 7;2018.0;55000.0;241000.0;Essence;;Tunis;6cv;;2026-07-30;2026-08-05;;https://www.automobile.tn/fr/occasion/volkswagen/golf-7/128787;11.0;Alarme anti-intrusion | Android Auto | Palettes au volant | Sièges massants | Sièges électriques | Caméra de recul | Caméras 360 | Coffre électrique | Toit panoramique | Accès sans clé | Suspension pneumatique;2017 Volkswagen Golf 7 Smart 1ére main 54 900 DT Négociable 10/04/2017TU196 1.2L Essence 5 CV 121 000 KM Échange possible Disponible à notre showroom TUNISIE AUTO PRIX Ezzahra Contactez : 98759655 / 25551771 / 24111140 Ben Arous
automobile.tn;Peugeot 308 GT Line GT 2.0 BlueHDi S&S 181 cv Boîte auto;Peugeot;308;2015.0;52000.0;167000.0;Diesel;;Médenine;7cv;;2026-07-30;2026-08-05;;https://www.automobile.tn/fr/occasion/peugeot/308/128786;17.0;Alarme anti-intrusion | Affichage tête haute | Android Auto | Apple Carplay | Instrumentation numérique | Navigation | Palettes au volant | Sièges massants | Sièges ventilés | Sièges électriques | Caméra de recul | Caméras 360 | Toit ouvrant | Toit panoramique | Accès sans clé | Conduite semi-autonome | Suspension pneumatique;Peugeot 308 – Année 2015 – Marron métallisé: une voiture élégante, confortable et économique, idéale pour un usage quotidien comme pour les longs trajets. Moteur Essence 1.2 L (1199 cm³) – 5 CV fiscaux Deuxième main Climatisation Écran tactile multimédia Bluetooth / Radio Ports USB dans l'habitacle et dans la boîte à gants Volant multifonction avec commandes intégrées Vitres électriques Rétroviseurs électriques rabattables Radar de recul Caméra de recul Allumage automatique des feux Direction assistée Intérieur propre et soigné Véhicule bien entretenu, confortable à conduire et doté de nombreux équipements. Véhicule de deuxième main, acheté auprès de la première propriétaire qui l'avait acquis neuf. Historique connu. Tunis
automobile.tn;Volkswagen Golf 8;Volkswagen;Golf 8;2024.0;66000.0;20000.0;Essence;;Tunis;7cv;;2026-07-30;2026-08-05;;https://www.automobile.tn/fr/occasion/volkswagen/golf-8/128785;0.0;;Compacte, 5 cv, transmission Traction, Accoudoir avant, Accoudoir arrière, Apple Carplay, Bluetooth, Sièges sport, Sièges réglables en hauteur, Volant multi-fonctions, Volant réglable hauteur/profondeur Sfax
automobile.tn;Toyota C-HR 1.2 L 116 cv Boîte auto;Toyota;C-HR;2022.0;73000.0;100000.0;Essence;;Tunis;6cv;;2026-07-30;2026-08-05;;https://www.automobile.tn/fr/occasion/toyota/c-hr/128784;3.0;Android Auto | Apple Carplay | Caméra de recul;Mise en circulation : Décembre 2021 Motorisation : 1.2 Turbo essence - Boîte automatique CVT Kilométrage : 98 400 km Couleur : Rouge Bi-ton / Toit noir État général : Excellent - Première main 4 pneus neufs (récemment remplacés) Contrôle technique à jour Carnet d'entretien disponible Écran tactile multimédia Caméra de recul Climatisation automatique Régulateur de vitesse Entretien régulier chez Toyota Tous les documents disponibles Voiture en parfait état de marche, intérieur impeccable, aucun accident. Ariana
automobile.tn;KIA Rio 5p GT-Line 1.2 i-CVVT 16V ISG 84 cv;Kia;Rio 5p;2021.0;59000.0;86000.0;Essence;;Ben Arous;5cv;;2026-07-30;2026-08-05;;https://www.automobile.tn/fr/occasion/kia/rio-5p/128783;4.0;Android Auto | Apple Carplay | Caméra de recul | Accès sans clé;A cause de départ à l’étranger, je vends ma voiture kia rio gtline, propre, bien entretenue , factures et carnet d’entretien à l’appui Tunis
automobile.tn;Fiat 500 Cult Club 1.2 L 69 cv Boîte auto;Fiat;500;2024.0;60000.0;19900.0;Essence;;Ariana;4cv;;2026-07-30;2026-08-05;;https://www.automobile.tn/fr/occasion/fiat/500/128782;5.0;Alarme anti-intrusion | Android Auto | Apple Carplay | Palettes au volant | Toit panoramique;Spark Auto vous propose une Fiat 500 à la vente. Cette voiture a été inspectée par nos agents pour garantir une qualité optimale. Un diagnostic complet est disponible sur notre site web. Tunis
automobile.tn;Volkswagen Polo Pack Summum 1.2 i 12V 70 cv;Volkswagen;Polo;2012.0;24000.0;170000.0;Essence;;Béja;5cv;;2026-08-04;2026-08-05;;https://www.automobile.tn/fr/occasion/volkswagen/polo/128979;0.0;;POLO 7 tout option Année : 2015 Kilométrage 226000 km 4 pneus neufs batterie neuve jantes aluminium poste tactile d’origine intérieur très propre Peinture de origine Numéro : 92 402 322 Sousse
automobile.tn;Seat Ibiza Reference 1.0 L 75 cv;Seat;Ibiza;2017.0;24000.0;205000.0;Essence;;Ariana;4cv;;2026-08-04;2026-08-05;;https://www.automobile.tn/fr/occasion/seat/ibiza/128968;0.0;;2019 Seat Ibiza 38 000 DT Négociable 02/01/2019 TU210 1.0L Essence 4 CV 178 000 KM Échange possible Disponible à notre showroom TUNISIE AUTO PRIX Ezzahra Contactez : 25551771 / 24111140 / 98759655 Ben Arous
automobile.tn;Seat Arona Xperience 1.0 TSI 116 cv Boîte auto;Seat;Arona;2023.0;72000.0;73000.0;Essence;;Tunis;6cv;;2026-08-03;2026-08-05;;https://www.automobile.tn/fr/occasion/seat/arona/128931;2.0;Android Auto | Accès sans clé;SUV, 6 cv, transmission Traction, Accoudoir avant, Autoradio, Autoradio CD, Autoradio CD/Mp3, Apple Carplay, Android Auto, Bluetooth, Sièges réglables en hauteur, Volant/levier de vitesse en cuir, Volant multi-fonctions, 3 appuis têtes arrières, Volant réglable hauteur/profondeur Nabeul
automobile.tn;MG 3 Confort 1.5 l 107 cv;Mg;3;2017.0;37500.0;32500.0;Essence;;Ariana;5cv;;2026-08-01;2026-08-05;;https://www.automobile.tn/fr/occasion/mg/3/128862;0.0;;Citadine, 7 cv, transmission Traction, Autoradio, Autoradio CD, Autoradio CD/Mp3, Apple Carplay, Bluetooth, Sièges réglables en hauteur, Volant/levier de vitesse en cuir, 3 appuis têtes arrières Tunis
automobile.tn;Opel Astra 1.2 i 16V 65cv;Opel;Astra;2002.0;21000.0;370000.0;Essence;;Le Kef;5cv;;2026-08-01;2026-08-05;;https://www.automobile.tn/fr/occasion/opel/astra/128859;0.0;;Opel Astra h 1.7 CDTI Break,à l'état d'origine, moteur Bosch puissant, bien entretenu Monastir
automobile.tn;Opel Corsa 3p 1.2 i 16V Twinport ecoFLEX 85 cv;Opel;Corsa 3p;2017.0;35000.0;60000.0;Essence;;Tunis;5cv;;2026-08-01;2026-08-05;;https://www.automobile.tn/fr/occasion/opel/corsa-3p/128852;0.0;;
automobile.tn;Peugeot 207 Access 1.6 e 16V 110 cv;Peugeot;207;2008.0;19000.0;455000.0;Essence;;Ariana;6cv;;2026-07-31;2026-08-05;;https://www.automobile.tn/fr/occasion/peugeot/207/128838;0.0;;
automobile.tn;Mitsubishi Mirage GLX 1.2 L 78 cv;Mitsubishi;Mirage;2019.0;35000.0;56000.0;Essence;;Sfax;4cv;;2026-07-31;2026-08-05;;https://www.automobile.tn/fr/occasion/mitsubishi/mirage/128828;0.0;;
automobile.tn;Seat Ibiza Populaire 1.0 i 12V 75 cv;Seat;Ibiza;2020.0;43500.0;162000.0;Essence;;Monastir;4cv;;2026-07-31;2026-08-05;;https://www.automobile.tn/fr/occasion/seat/ibiza/128822;5.0;Android Auto | Apple Carplay | Navigation | Caméra de recul | Caméras 360;Voiture très propre Sfax
automobile.tn;Peugeot 308 Active 1.2 THP Puretech 12V 110 cv;Peugeot;308;2019.0;41000.0;131000.0;Essence;;Tunis;6cv;;2026-07-31;2026-08-05;;https://www.automobile.tn/fr/occasion/peugeot/308/128819;0.0;;
